Analysis & Synthesis report for processingElement
Mon Jun  1 18:33:49 2026
Quartus Prime Version 20.1.1 Build 720 11/11/2020 SJ Lite Edition


---------------------
; Table of Contents ;
---------------------
  1. Legal Notice
  2. Analysis & Synthesis Summary
  3. Analysis & Synthesis Settings
  4. Parallel Compilation
  5. Analysis & Synthesis Source Files Read
  6. Analysis & Synthesis Resource Usage Summary
  7. Analysis & Synthesis Resource Utilization by Entity
  8. Analysis & Synthesis RAM Summary
  9. Analysis & Synthesis DSP Block Usage Summary
 10. General Register Statistics
 11. Inverted Register Statistics
 12. Registers Packed Into Inferred Megafunctions
 13. Source assignments for processingElement:gen_left[0].u_pe_left|regChain:r1|regX:gen_reg[1].u_reg|altshift_taps:q_out_rtl_0|shift_taps_dkm:auto_generated|altsyncram_o1b1:altsyncram2
 14. Source assignments for processingElement:gen_right[3].u_pe_right|regChain:r2|regX:gen_reg[0].u_reg|altshift_taps:q_out_rtl_0|shift_taps_2mm:auto_generated|altsyncram_9c61:altsyncram4
 15. Parameter Settings for User Entity Instance: Top-level Entity: |gemmArray
 16. Parameter Settings for User Entity Instance: processingElement:gen_left[0].u_pe_left
 17. Parameter Settings for User Entity Instance: processingElement:gen_left[0].u_pe_left|regChain:r1
 18. Parameter Settings for User Entity Instance: processingElement:gen_left[0].u_pe_left|regChain:r1|regX:gen_reg[0].u_reg
 19. Parameter Settings for User Entity Instance: processingElement:gen_left[0].u_pe_left|regChain:r1|regX:gen_reg[1].u_reg
 20. Parameter Settings for User Entity Instance: processingElement:gen_left[0].u_pe_left|regChain:r1|regX:gen_reg[2].u_reg
 21. Parameter Settings for User Entity Instance: processingElement:gen_left[0].u_pe_left|regChain:r1|regX:gen_reg[3].u_reg
 22. Parameter Settings for User Entity Instance: processingElement:gen_left[0].u_pe_left|regChain:r1|regX:gen_reg[4].u_reg
 23. Parameter Settings for User Entity Instance: processingElement:gen_left[0].u_pe_left|andMux:and1
 24. Parameter Settings for User Entity Instance: processingElement:gen_left[0].u_pe_left|orMux:or1
 25. Parameter Settings for User Entity Instance: processingElement:gen_left[0].u_pe_left|regX:r2_1
 26. Parameter Settings for User Entity Instance: processingElement:gen_left[0].u_pe_left|regChain:r2
 27. Parameter Settings for User Entity Instance: processingElement:gen_left[0].u_pe_left|regChain:r2|regX:gen_reg[0].u_reg
 28. Parameter Settings for User Entity Instance: processingElement:gen_left[0].u_pe_left|regChain:r2|regX:gen_reg[1].u_reg
 29. Parameter Settings for User Entity Instance: processingElement:gen_left[0].u_pe_left|regChain:r2|regX:gen_reg[2].u_reg
 30. Parameter Settings for User Entity Instance: processingElement:gen_left[0].u_pe_left|andMux:and2
 31. Parameter Settings for User Entity Instance: processingElement:gen_left[0].u_pe_left|regChain:r34
 32. Parameter Settings for User Entity Instance: processingElement:gen_left[0].u_pe_left|regChain:r34|regX:gen_reg[0].u_reg
 33. Parameter Settings for User Entity Instance: processingElement:gen_left[0].u_pe_left|regChain:r34|regX:gen_reg[1].u_reg
 34. Parameter Settings for User Entity Instance: processingElement:gen_left[0].u_pe_left|regEnable:r5
 35. Parameter Settings for User Entity Instance: processingElement:gen_left[0].u_pe_left|mult:m1
 36. Parameter Settings for User Entity Instance: processingElement:gen_left[0].u_pe_left|regAcc:r6
 37. Parameter Settings for User Entity Instance: processingElement:gen_left[0].u_pe_left|sumAcc:s1
 38. Parameter Settings for User Entity Instance: processingElement:gen_left[1].u_pe_left
 39. Parameter Settings for User Entity Instance: processingElement:gen_left[1].u_pe_left|regChain:r1
 40. Parameter Settings for User Entity Instance: processingElement:gen_left[1].u_pe_left|regChain:r1|regX:gen_reg[0].u_reg
 41. Parameter Settings for User Entity Instance: processingElement:gen_left[1].u_pe_left|regChain:r1|regX:gen_reg[1].u_reg
 42. Parameter Settings for User Entity Instance: processingElement:gen_left[1].u_pe_left|regChain:r1|regX:gen_reg[2].u_reg
 43. Parameter Settings for User Entity Instance: processingElement:gen_left[1].u_pe_left|regChain:r1|regX:gen_reg[3].u_reg
 44. Parameter Settings for User Entity Instance: processingElement:gen_left[1].u_pe_left|regChain:r1|regX:gen_reg[4].u_reg
 45. Parameter Settings for User Entity Instance: processingElement:gen_left[1].u_pe_left|andMux:and1
 46. Parameter Settings for User Entity Instance: processingElement:gen_left[1].u_pe_left|orMux:or1
 47. Parameter Settings for User Entity Instance: processingElement:gen_left[1].u_pe_left|regX:r2_1
 48. Parameter Settings for User Entity Instance: processingElement:gen_left[1].u_pe_left|regChain:r2
 49. Parameter Settings for User Entity Instance: processingElement:gen_left[1].u_pe_left|regChain:r2|regX:gen_reg[0].u_reg
 50. Parameter Settings for User Entity Instance: processingElement:gen_left[1].u_pe_left|regChain:r2|regX:gen_reg[1].u_reg
 51. Parameter Settings for User Entity Instance: processingElement:gen_left[1].u_pe_left|regChain:r2|regX:gen_reg[2].u_reg
 52. Parameter Settings for User Entity Instance: processingElement:gen_left[1].u_pe_left|andMux:and2
 53. Parameter Settings for User Entity Instance: processingElement:gen_left[1].u_pe_left|regChain:r34
 54. Parameter Settings for User Entity Instance: processingElement:gen_left[1].u_pe_left|regChain:r34|regX:gen_reg[0].u_reg
 55. Parameter Settings for User Entity Instance: processingElement:gen_left[1].u_pe_left|regChain:r34|regX:gen_reg[1].u_reg
 56. Parameter Settings for User Entity Instance: processingElement:gen_left[1].u_pe_left|regEnable:r5
 57. Parameter Settings for User Entity Instance: processingElement:gen_left[1].u_pe_left|mult:m1
 58. Parameter Settings for User Entity Instance: processingElement:gen_left[1].u_pe_left|regAcc:r6
 59. Parameter Settings for User Entity Instance: processingElement:gen_left[1].u_pe_left|sumAcc:s1
 60. Parameter Settings for User Entity Instance: processingElement:gen_right[2].u_pe_right
 61. Parameter Settings for User Entity Instance: processingElement:gen_right[2].u_pe_right|regChain:r1
 62. Parameter Settings for User Entity Instance: processingElement:gen_right[2].u_pe_right|regChain:r1|regX:gen_reg[0].u_reg
 63. Parameter Settings for User Entity Instance: processingElement:gen_right[2].u_pe_right|regChain:r1|regX:gen_reg[1].u_reg
 64. Parameter Settings for User Entity Instance: processingElement:gen_right[2].u_pe_right|regChain:r1|regX:gen_reg[2].u_reg
 65. Parameter Settings for User Entity Instance: processingElement:gen_right[2].u_pe_right|andMux:and1
 66. Parameter Settings for User Entity Instance: processingElement:gen_right[2].u_pe_right|orMux:or1
 67. Parameter Settings for User Entity Instance: processingElement:gen_right[2].u_pe_right|regX:r2_1
 68. Parameter Settings for User Entity Instance: processingElement:gen_right[2].u_pe_right|regChain:r2
 69. Parameter Settings for User Entity Instance: processingElement:gen_right[2].u_pe_right|regChain:r2|regX:gen_reg[0].u_reg
 70. Parameter Settings for User Entity Instance: processingElement:gen_right[2].u_pe_right|regChain:r2|regX:gen_reg[1].u_reg
 71. Parameter Settings for User Entity Instance: processingElement:gen_right[2].u_pe_right|regChain:r2|regX:gen_reg[2].u_reg
 72. Parameter Settings for User Entity Instance: processingElement:gen_right[2].u_pe_right|andMux:and2
 73. Parameter Settings for User Entity Instance: processingElement:gen_right[2].u_pe_right|regChain:r34
 74. Parameter Settings for User Entity Instance: processingElement:gen_right[2].u_pe_right|regChain:r34|regX:gen_reg[0].u_reg
 75. Parameter Settings for User Entity Instance: processingElement:gen_right[2].u_pe_right|regChain:r34|regX:gen_reg[1].u_reg
 76. Parameter Settings for User Entity Instance: processingElement:gen_right[2].u_pe_right|regEnable:r5
 77. Parameter Settings for User Entity Instance: processingElement:gen_right[2].u_pe_right|mult:m1
 78. Parameter Settings for User Entity Instance: processingElement:gen_right[2].u_pe_right|regAcc:r6
 79. Parameter Settings for User Entity Instance: processingElement:gen_right[2].u_pe_right|sumAcc:s1
 80. Parameter Settings for User Entity Instance: processingElement:gen_right[3].u_pe_right
 81. Parameter Settings for User Entity Instance: processingElement:gen_right[3].u_pe_right|regChain:r1
 82. Parameter Settings for User Entity Instance: processingElement:gen_right[3].u_pe_right|regChain:r1|regX:gen_reg[0].u_reg
 83. Parameter Settings for User Entity Instance: processingElement:gen_right[3].u_pe_right|regChain:r1|regX:gen_reg[1].u_reg
 84. Parameter Settings for User Entity Instance: processingElement:gen_right[3].u_pe_right|regChain:r1|regX:gen_reg[2].u_reg
 85. Parameter Settings for User Entity Instance: processingElement:gen_right[3].u_pe_right|andMux:and1
 86. Parameter Settings for User Entity Instance: processingElement:gen_right[3].u_pe_right|orMux:or1
 87. Parameter Settings for User Entity Instance: processingElement:gen_right[3].u_pe_right|regX:r2_1
 88. Parameter Settings for User Entity Instance: processingElement:gen_right[3].u_pe_right|regChain:r2
 89. Parameter Settings for User Entity Instance: processingElement:gen_right[3].u_pe_right|regChain:r2|regX:gen_reg[0].u_reg
 90. Parameter Settings for User Entity Instance: processingElement:gen_right[3].u_pe_right|regChain:r2|regX:gen_reg[1].u_reg
 91. Parameter Settings for User Entity Instance: processingElement:gen_right[3].u_pe_right|regChain:r2|regX:gen_reg[2].u_reg
 92. Parameter Settings for User Entity Instance: processingElement:gen_right[3].u_pe_right|andMux:and2
 93. Parameter Settings for User Entity Instance: processingElement:gen_right[3].u_pe_right|regChain:r34
 94. Parameter Settings for User Entity Instance: processingElement:gen_right[3].u_pe_right|regChain:r34|regX:gen_reg[0].u_reg
 95. Parameter Settings for User Entity Instance: processingElement:gen_right[3].u_pe_right|regChain:r34|regX:gen_reg[1].u_reg
 96. Parameter Settings for User Entity Instance: processingElement:gen_right[3].u_pe_right|regEnable:r5
 97. Parameter Settings for User Entity Instance: processingElement:gen_right[3].u_pe_right|mult:m1
 98. Parameter Settings for User Entity Instance: processingElement:gen_right[3].u_pe_right|regAcc:r6
 99. Parameter Settings for User Entity Instance: processingElement:gen_right[3].u_pe_right|sumAcc:s1
100. Parameter Settings for Inferred Entity Instance: processingElement:gen_left[0].u_pe_left|regChain:r1|regX:gen_reg[1].u_reg|altshift_taps:q_out_rtl_0
101. Parameter Settings for Inferred Entity Instance: processingElement:gen_right[3].u_pe_right|regChain:r2|regX:gen_reg[0].u_reg|altshift_taps:q_out_rtl_0
102. Parameter Settings for Inferred Entity Instance: processingElement:gen_right[3].u_pe_right|mult:m1|lpm_mult:Mult0
103. Parameter Settings for Inferred Entity Instance: processingElement:gen_right[2].u_pe_right|mult:m1|lpm_mult:Mult0
104. Parameter Settings for Inferred Entity Instance: processingElement:gen_left[1].u_pe_left|mult:m1|lpm_mult:Mult0
105. Parameter Settings for Inferred Entity Instance: processingElement:gen_left[0].u_pe_left|mult:m1|lpm_mult:Mult0
106. altshift_taps Parameter Settings by Entity Instance
107. lpm_mult Parameter Settings by Entity Instance
108. Port Connectivity Checks: "processingElement:gen_right[3].u_pe_right"
109. Port Connectivity Checks: "processingElement:gen_right[2].u_pe_right"
110. Port Connectivity Checks: "processingElement:gen_left[1].u_pe_left"
111. Post-Synthesis Netlist Statistics for Top Partition
112. Elapsed Time Per Partition
113. Analysis & Synthesis Messages
114. Analysis & Synthesis Suppressed Messages



----------------
; Legal Notice ;
----------------
Copyright (C) 2020  Intel Corporation. All rights reserved.
Your use of Intel Corporation's design tools, logic functions 
and other software and tools, and any partner logic 
functions, and any output files from any of the foregoing 
(including device programming or simulation files), and any 
associated documentation or information are expressly subject 
to the terms and conditions of the Intel Program License 
Subscription Agreement, the Intel Quartus Prime License Agreement,
the Intel FPGA IP License Agreement, or other applicable license
agreement, including, without limitation, that your use is for
the sole purpose of programming logic devices manufactured by
Intel and sold by Intel or its authorized distributors.  Please
refer to the applicable agreement for further details, at
https://fpgasoftware.intel.com/eula.



+----------------------------------------------------------------------------------+
; Analysis & Synthesis Summary                                                     ;
+------------------------------------+---------------------------------------------+
; Analysis & Synthesis Status        ; Successful - Mon Jun  1 18:33:49 2026       ;
; Quartus Prime Version              ; 20.1.1 Build 720 11/11/2020 SJ Lite Edition ;
; Revision Name                      ; processingElement                           ;
; Top-level Entity Name              ; gemmArray                                   ;
; Family                             ; Cyclone IV E                                ;
; Total logic elements               ; 1,252                                       ;
;     Total combinational functions  ; 731                                         ;
;     Dedicated logic registers      ; 862                                         ;
; Total registers                    ; 862                                         ;
; Total pins                         ; 234                                         ;
; Total virtual pins                 ; 0                                           ;
; Total memory bits                  ; 448                                         ;
; Embedded Multiplier 9-bit elements ; 32                                          ;
; Total PLLs                         ; 0                                           ;
+------------------------------------+---------------------------------------------+


+------------------------------------------------------------------------------------------------------------+
; Analysis & Synthesis Settings                                                                              ;
+------------------------------------------------------------------+--------------------+--------------------+
; Option                                                           ; Setting            ; Default Value      ;
+------------------------------------------------------------------+--------------------+--------------------+
; Top-level entity name                                            ; gemmArray          ; processingElement  ;
; Family name                                                      ; Cyclone IV E       ; Cyclone V          ;
; Use smart compilation                                            ; On                 ; Off                ;
; Enable parallel Assembler and Timing Analyzer during compilation ; On                 ; On                 ;
; Enable compact report table                                      ; Off                ; Off                ;
; Restructure Multiplexers                                         ; Auto               ; Auto               ;
; Create Debugging Nodes for IP Cores                              ; Off                ; Off                ;
; Preserve fewer node names                                        ; On                 ; On                 ;
; Intel FPGA IP Evaluation Mode                                    ; Enable             ; Enable             ;
; Verilog Version                                                  ; Verilog_2001       ; Verilog_2001       ;
; VHDL Version                                                     ; VHDL_1993          ; VHDL_1993          ;
; State Machine Processing                                         ; Auto               ; Auto               ;
; Safe State Machine                                               ; Off                ; Off                ;
; Extract Verilog State Machines                                   ; On                 ; On                 ;
; Extract VHDL State Machines                                      ; On                 ; On                 ;
; Ignore Verilog initial constructs                                ; Off                ; Off                ;
; Iteration limit for constant Verilog loops                       ; 5000               ; 5000               ;
; Iteration limit for non-constant Verilog loops                   ; 250                ; 250                ;
; Add Pass-Through Logic to Inferred RAMs                          ; On                 ; On                 ;
; Infer RAMs from Raw Logic                                        ; On                 ; On                 ;
; Parallel Synthesis                                               ; On                 ; On                 ;
; DSP Block Balancing                                              ; Auto               ; Auto               ;
; NOT Gate Push-Back                                               ; On                 ; On                 ;
; Power-Up Don't Care                                              ; On                 ; On                 ;
; Remove Redundant Logic Cells                                     ; Off                ; Off                ;
; Remove Duplicate Registers                                       ; On                 ; On                 ;
; Ignore CARRY Buffers                                             ; Off                ; Off                ;
; Ignore CASCADE Buffers                                           ; Off                ; Off                ;
; Ignore GLOBAL Buffers                                            ; Off                ; Off                ;
; Ignore ROW GLOBAL Buffers                                        ; Off                ; Off                ;
; Ignore LCELL Buffers                                             ; Off                ; Off                ;
; Ignore SOFT Buffers                                              ; On                 ; On                 ;
; Limit AHDL Integers to 32 Bits                                   ; Off                ; Off                ;
; Optimization Technique                                           ; Balanced           ; Balanced           ;
; Carry Chain Length                                               ; 70                 ; 70                 ;
; Auto Carry Chains                                                ; On                 ; On                 ;
; Auto Open-Drain Pins                                             ; On                 ; On                 ;
; Perform WYSIWYG Primitive Resynthesis                            ; Off                ; Off                ;
; Auto ROM Replacement                                             ; On                 ; On                 ;
; Auto RAM Replacement                                             ; On                 ; On                 ;
; Auto DSP Block Replacement                                       ; On                 ; On                 ;
; Auto Shift Register Replacement                                  ; Auto               ; Auto               ;
; Allow Shift Register Merging across Hierarchies                  ; Auto               ; Auto               ;
; Auto Clock Enable Replacement                                    ; On                 ; On                 ;
; Strict RAM Replacement                                           ; Off                ; Off                ;
; Allow Synchronous Control Signals                                ; On                 ; On                 ;
; Force Use of Synchronous Clear Signals                           ; Off                ; Off                ;
; Auto RAM Block Balancing                                         ; On                 ; On                 ;
; Auto RAM to Logic Cell Conversion                                ; Off                ; Off                ;
; Auto Resource Sharing                                            ; Off                ; Off                ;
; Allow Any RAM Size For Recognition                               ; Off                ; Off                ;
; Allow Any ROM Size For Recognition                               ; Off                ; Off                ;
; Allow Any Shift Register Size For Recognition                    ; Off                ; Off                ;
; Use LogicLock Constraints during Resource Balancing              ; On                 ; On                 ;
; Ignore translate_off and synthesis_off directives                ; Off                ; Off                ;
; Timing-Driven Synthesis                                          ; On                 ; On                 ;
; Report Parameter Settings                                        ; On                 ; On                 ;
; Report Source Assignments                                        ; On                 ; On                 ;
; Report Connectivity Checks                                       ; On                 ; On                 ;
; Ignore Maximum Fan-Out Assignments                               ; Off                ; Off                ;
; Synchronization Register Chain Length                            ; 2                  ; 2                  ;
; Power Optimization During Synthesis                              ; Normal compilation ; Normal compilation ;
; HDL message level                                                ; Level2             ; Level2             ;
; Suppress Register Optimization Related Messages                  ; Off                ; Off                ;
; Number of Removed Registers Reported in Synthesis Report         ; 5000               ; 5000               ;
; Number of Swept Nodes Reported in Synthesis Report               ; 5000               ; 5000               ;
; Number of Inverted Registers Reported in Synthesis Report        ; 100                ; 100                ;
; Clock MUX Protection                                             ; On                 ; On                 ;
; Auto Gated Clock Conversion                                      ; Off                ; Off                ;
; Block Design Naming                                              ; Auto               ; Auto               ;
; SDC constraint protection                                        ; Off                ; Off                ;
; Synthesis Effort                                                 ; Auto               ; Auto               ;
; Shift Register Replacement - Allow Asynchronous Clear Signal     ; On                 ; On                 ;
; Pre-Mapping Resynthesis Optimization                             ; Off                ; Off                ;
; Analysis & Synthesis Message Level                               ; Medium             ; Medium             ;
; Disable Register Merging Across Hierarchies                      ; Auto               ; Auto               ;
; Resource Aware Inference For Block RAM                           ; On                 ; On                 ;
+------------------------------------------------------------------+--------------------+--------------------+


+------------------------------------------+
; Parallel Compilation                     ;
+----------------------------+-------------+
; Processors                 ; Number      ;
+----------------------------+-------------+
; Number detected on machine ; 12          ;
; Maximum allowed            ; 6           ;
;                            ;             ;
; Average used               ; 1.00        ;
; Maximum used               ; 6           ;
;                            ;             ;
; Usage by Processor         ; % Time Used ;
;     Processor 1            ; 100.0%      ;
;     Processor 2            ;   0.1%      ;
;     Processor 3            ;   0.1%      ;
;     Processor 4            ;   0.1%      ;
;     Processor 5            ;   0.1%      ;
;     Processor 6            ;   0.1%      ;
+----------------------------+-------------+


+-------------------------------------------------------------------------------------------------------------------------------------------------------------------------------------+
; Analysis & Synthesis Source Files Read                                                                                                                                              ;
+----------------------------------+-----------------+------------------------------+---------------------------------------------------------------------------------------+---------+
; File Name with User-Entered Path ; Used in Netlist ; File Type                    ; File Name with Absolute Path                                                          ; Library ;
+----------------------------------+-----------------+------------------------------+---------------------------------------------------------------------------------------+---------+
; gemmArray.sv                     ; yes             ; User SystemVerilog HDL File  ; /home/mikentain/Projects/FPGA/GeMM/gemmArray.sv                                       ;         ;
; processingElement.sv             ; yes             ; User SystemVerilog HDL File  ; /home/mikentain/Projects/FPGA/GeMM/processingElement.sv                               ;         ;
; dffMy.sv                         ; yes             ; User SystemVerilog HDL File  ; /home/mikentain/Projects/FPGA/GeMM/dffMy.sv                                           ;         ;
; regEnable.sv                     ; yes             ; User SystemVerilog HDL File  ; /home/mikentain/Projects/FPGA/GeMM/regEnable.sv                                       ;         ;
; regChain.sv                      ; yes             ; User SystemVerilog HDL File  ; /home/mikentain/Projects/FPGA/GeMM/regChain.sv                                        ;         ;
; andMux.sv                        ; yes             ; User SystemVerilog HDL File  ; /home/mikentain/Projects/FPGA/GeMM/andMux.sv                                          ;         ;
; regAcc.sv                        ; yes             ; User SystemVerilog HDL File  ; /home/mikentain/Projects/FPGA/GeMM/regAcc.sv                                          ;         ;
; sumAcc.sv                        ; yes             ; User SystemVerilog HDL File  ; /home/mikentain/Projects/FPGA/GeMM/sumAcc.sv                                          ;         ;
; mult.sv                          ; yes             ; User SystemVerilog HDL File  ; /home/mikentain/Projects/FPGA/GeMM/mult.sv                                            ;         ;
; notA.sv                          ; yes             ; User SystemVerilog HDL File  ; /home/mikentain/Projects/FPGA/GeMM/notA.sv                                            ;         ;
; regX.sv                          ; yes             ; User SystemVerilog HDL File  ; /home/mikentain/Projects/FPGA/GeMM/regX.sv                                            ;         ;
; orMux.sv                         ; yes             ; User SystemVerilog HDL File  ; /home/mikentain/Projects/FPGA/GeMM/orMux.sv                                           ;         ;
; altshift_taps.tdf                ; yes             ; Megafunction                 ; /home/mikentain/intelFPGA_lite/20.1/quartus/libraries/megafunctions/altshift_taps.tdf ;         ;
; altdpram.inc                     ; yes             ; Megafunction                 ; /home/mikentain/intelFPGA_lite/20.1/quartus/libraries/megafunctions/altdpram.inc      ;         ;
; lpm_counter.inc                  ; yes             ; Megafunction                 ; /home/mikentain/intelFPGA_lite/20.1/quartus/libraries/megafunctions/lpm_counter.inc   ;         ;
; lpm_compare.inc                  ; yes             ; Megafunction                 ; /home/mikentain/intelFPGA_lite/20.1/quartus/libraries/megafunctions/lpm_compare.inc   ;         ;
; lpm_constant.inc                 ; yes             ; Megafunction                 ; /home/mikentain/intelFPGA_lite/20.1/quartus/libraries/megafunctions/lpm_constant.inc  ;         ;
; db/shift_taps_dkm.tdf            ; yes             ; Auto-Generated Megafunction  ; /home/mikentain/Projects/FPGA/GeMM/db/shift_taps_dkm.tdf                              ;         ;
; db/altsyncram_o1b1.tdf           ; yes             ; Auto-Generated Megafunction  ; /home/mikentain/Projects/FPGA/GeMM/db/altsyncram_o1b1.tdf                             ;         ;
; db/cntr_4pf.tdf                  ; yes             ; Auto-Generated Megafunction  ; /home/mikentain/Projects/FPGA/GeMM/db/cntr_4pf.tdf                                    ;         ;
; db/cntr_r8h.tdf                  ; yes             ; Auto-Generated Megafunction  ; /home/mikentain/Projects/FPGA/GeMM/db/cntr_r8h.tdf                                    ;         ;
; db/shift_taps_2mm.tdf            ; yes             ; Auto-Generated Megafunction  ; /home/mikentain/Projects/FPGA/GeMM/db/shift_taps_2mm.tdf                              ;         ;
; db/altsyncram_9c61.tdf           ; yes             ; Auto-Generated Megafunction  ; /home/mikentain/Projects/FPGA/GeMM/db/altsyncram_9c61.tdf                             ;         ;
; db/add_sub_24e.tdf               ; yes             ; Auto-Generated Megafunction  ; /home/mikentain/Projects/FPGA/GeMM/db/add_sub_24e.tdf                                 ;         ;
; db/cntr_6pf.tdf                  ; yes             ; Auto-Generated Megafunction  ; /home/mikentain/Projects/FPGA/GeMM/db/cntr_6pf.tdf                                    ;         ;
; db/cmpr_ogc.tdf                  ; yes             ; Auto-Generated Megafunction  ; /home/mikentain/Projects/FPGA/GeMM/db/cmpr_ogc.tdf                                    ;         ;
; db/cntr_p8h.tdf                  ; yes             ; Auto-Generated Megafunction  ; /home/mikentain/Projects/FPGA/GeMM/db/cntr_p8h.tdf                                    ;         ;
; lpm_mult.tdf                     ; yes             ; Megafunction                 ; /home/mikentain/intelFPGA_lite/20.1/quartus/libraries/megafunctions/lpm_mult.tdf      ;         ;
; aglobal201.inc                   ; yes             ; Megafunction                 ; /home/mikentain/intelFPGA_lite/20.1/quartus/libraries/megafunctions/aglobal201.inc    ;         ;
; lpm_add_sub.inc                  ; yes             ; Megafunction                 ; /home/mikentain/intelFPGA_lite/20.1/quartus/libraries/megafunctions/lpm_add_sub.inc   ;         ;
; multcore.inc                     ; yes             ; Megafunction                 ; /home/mikentain/intelFPGA_lite/20.1/quartus/libraries/megafunctions/multcore.inc      ;         ;
; bypassff.inc                     ; yes             ; Megafunction                 ; /home/mikentain/intelFPGA_lite/20.1/quartus/libraries/megafunctions/bypassff.inc      ;         ;
; altshift.inc                     ; yes             ; Megafunction                 ; /home/mikentain/intelFPGA_lite/20.1/quartus/libraries/megafunctions/altshift.inc      ;         ;
; db/mult_7dt.tdf                  ; yes             ; Auto-Generated Megafunction  ; /home/mikentain/Projects/FPGA/GeMM/db/mult_7dt.tdf                                    ;         ;
+----------------------------------+-----------------+------------------------------+---------------------------------------------------------------------------------------+---------+


+---------------------------------------------------------+
; Analysis & Synthesis Resource Usage Summary             ;
+---------------------------------------------+-----------+
; Resource                                    ; Usage     ;
+---------------------------------------------+-----------+
; Estimated Total logic elements              ; 1,252     ;
;                                             ;           ;
; Total combinational functions               ; 731       ;
; Logic element usage by number of LUT inputs ;           ;
;     -- 4 input functions                    ; 5         ;
;     -- 3 input functions                    ; 645       ;
;     -- <=2 input functions                  ; 81        ;
;                                             ;           ;
; Logic elements by mode                      ;           ;
;     -- normal mode                          ; 154       ;
;     -- arithmetic mode                      ; 577       ;
;                                             ;           ;
; Total registers                             ; 862       ;
;     -- Dedicated logic registers            ; 862       ;
;     -- I/O registers                        ; 0         ;
;                                             ;           ;
; I/O pins                                    ; 234       ;
; Total memory bits                           ; 448       ;
;                                             ;           ;
; Embedded Multiplier 9-bit elements          ; 32        ;
;                                             ;           ;
; Maximum fan-out node                        ; clk~input ;
; Maximum fan-out                             ; 1022      ;
; Total fan-out                               ; 6656      ;
; Average fan-out                             ; 2.95      ;
+---------------------------------------------+-----------+


+--------------------------------------------------------------------------------------------------------------------------------------------------------------------------------------------------------------------------------------------------------------------------------------------------------------------------------------------------------------------------------------------+
; Analysis & Synthesis Resource Utilization by Entity                                                                                                                                                                                                                                                                                                                                        ;
+-------------------------------------------------+---------------------+---------------------------+-------------+--------------+---------+-----------+------+--------------+----------------------------------------------------------------------------------------------------------------------------------------------------------------------------+-------------------+--------------+
; Compilation Hierarchy Node                      ; Combinational ALUTs ; Dedicated Logic Registers ; Memory Bits ; DSP Elements ; DSP 9x9 ; DSP 18x18 ; Pins ; Virtual Pins ; Full Hierarchy Name                                                                                                                                                        ; Entity Name       ; Library Name ;
+-------------------------------------------------+---------------------+---------------------------+-------------+--------------+---------+-----------+------+--------------+----------------------------------------------------------------------------------------------------------------------------------------------------------------------------+-------------------+--------------+
; |gemmArray                                      ; 731 (10)            ; 862 (6)                   ; 448         ; 32           ; 0       ; 16        ; 234  ; 0            ; |gemmArray                                                                                                                                                                 ; gemmArray         ; work         ;
;    |processingElement:gen_left[0].u_pe_left|    ; 115 (0)             ; 232 (0)                   ; 64          ; 8            ; 0       ; 4         ; 0    ; 0            ; |gemmArray|processingElement:gen_left[0].u_pe_left                                                                                                                         ; processingElement ; work         ;
;       |dffMy:d1|                                ; 0 (0)               ; 1 (1)                     ; 0           ; 0            ; 0       ; 0         ; 0    ; 0            ; |gemmArray|processingElement:gen_left[0].u_pe_left|dffMy:d1                                                                                                                ; dffMy             ; work         ;
;       |dffMy:d2|                                ; 0 (0)               ; 1 (1)                     ; 0           ; 0            ; 0       ; 0         ; 0    ; 0            ; |gemmArray|processingElement:gen_left[0].u_pe_left|dffMy:d2                                                                                                                ; dffMy             ; work         ;
;       |mult:m1|                                 ; 79 (0)              ; 0 (0)                     ; 0           ; 8            ; 0       ; 4         ; 0    ; 0            ; |gemmArray|processingElement:gen_left[0].u_pe_left|mult:m1                                                                                                                 ; mult              ; work         ;
;          |lpm_mult:Mult0|                       ; 79 (0)              ; 0 (0)                     ; 0           ; 8            ; 0       ; 4         ; 0    ; 0            ; |gemmArray|processingElement:gen_left[0].u_pe_left|mult:m1|lpm_mult:Mult0                                                                                                  ; lpm_mult          ; work         ;
;             |mult_7dt:auto_generated|           ; 79 (79)             ; 0 (0)                     ; 0           ; 8            ; 0       ; 4         ; 0    ; 0            ; |gemmArray|processingElement:gen_left[0].u_pe_left|mult:m1|lpm_mult:Mult0|mult_7dt:auto_generated                                                                          ; mult_7dt          ; work         ;
;       |orMux:or1|                               ; 32 (32)             ; 0 (0)                     ; 0           ; 0            ; 0       ; 0         ; 0    ; 0            ; |gemmArray|processingElement:gen_left[0].u_pe_left|orMux:or1                                                                                                               ; orMux             ; work         ;
;       |regAcc:r6|                               ; 0 (0)               ; 66 (66)                   ; 0           ; 0            ; 0       ; 0         ; 0    ; 0            ; |gemmArray|processingElement:gen_left[0].u_pe_left|regAcc:r6                                                                                                               ; regAcc            ; work         ;
;       |regChain:r1|                             ; 4 (0)               ; 36 (0)                    ; 64          ; 0            ; 0       ; 0         ; 0    ; 0            ; |gemmArray|processingElement:gen_left[0].u_pe_left|regChain:r1                                                                                                             ; regChain          ; work         ;
;          |regX:gen_reg[0].u_reg|                ; 0 (0)               ; 32 (32)                   ; 0           ; 0            ; 0       ; 0         ; 0    ; 0            ; |gemmArray|processingElement:gen_left[0].u_pe_left|regChain:r1|regX:gen_reg[0].u_reg                                                                                       ; regX              ; work         ;
;          |regX:gen_reg[1].u_reg|                ; 4 (0)               ; 4 (0)                     ; 64          ; 0            ; 0       ; 0         ; 0    ; 0            ; |gemmArray|processingElement:gen_left[0].u_pe_left|regChain:r1|regX:gen_reg[1].u_reg                                                                                       ; regX              ; work         ;
;             |altshift_taps:q_out_rtl_0|         ; 4 (0)               ; 4 (0)                     ; 64          ; 0            ; 0       ; 0         ; 0    ; 0            ; |gemmArray|processingElement:gen_left[0].u_pe_left|regChain:r1|regX:gen_reg[1].u_reg|altshift_taps:q_out_rtl_0                                                             ; altshift_taps     ; work         ;
;                |shift_taps_dkm:auto_generated|  ; 4 (0)               ; 4 (1)                     ; 64          ; 0            ; 0       ; 0         ; 0    ; 0            ; |gemmArray|processingElement:gen_left[0].u_pe_left|regChain:r1|regX:gen_reg[1].u_reg|altshift_taps:q_out_rtl_0|shift_taps_dkm:auto_generated                               ; shift_taps_dkm    ; work         ;
;                   |altsyncram_o1b1:altsyncram2| ; 0 (0)               ; 0 (0)                     ; 64          ; 0            ; 0       ; 0         ; 0    ; 0            ; |gemmArray|processingElement:gen_left[0].u_pe_left|regChain:r1|regX:gen_reg[1].u_reg|altshift_taps:q_out_rtl_0|shift_taps_dkm:auto_generated|altsyncram_o1b1:altsyncram2   ; altsyncram_o1b1   ; work         ;
;                   |cntr_4pf:cntr1|              ; 1 (1)               ; 1 (1)                     ; 0           ; 0            ; 0       ; 0         ; 0    ; 0            ; |gemmArray|processingElement:gen_left[0].u_pe_left|regChain:r1|regX:gen_reg[1].u_reg|altshift_taps:q_out_rtl_0|shift_taps_dkm:auto_generated|cntr_4pf:cntr1                ; cntr_4pf          ; work         ;
;                   |cntr_r8h:cntr3|              ; 3 (3)               ; 2 (2)                     ; 0           ; 0            ; 0       ; 0         ; 0    ; 0            ; |gemmArray|processingElement:gen_left[0].u_pe_left|regChain:r1|regX:gen_reg[1].u_reg|altshift_taps:q_out_rtl_0|shift_taps_dkm:auto_generated|cntr_r8h:cntr3                ; cntr_r8h          ; work         ;
;       |regChain:r34|                            ; 0 (0)               ; 64 (0)                    ; 0           ; 0            ; 0       ; 0         ; 0    ; 0            ; |gemmArray|processingElement:gen_left[0].u_pe_left|regChain:r34                                                                                                            ; regChain          ; work         ;
;          |regX:gen_reg[0].u_reg|                ; 0 (0)               ; 32 (32)                   ; 0           ; 0            ; 0       ; 0         ; 0    ; 0            ; |gemmArray|processingElement:gen_left[0].u_pe_left|regChain:r34|regX:gen_reg[0].u_reg                                                                                      ; regX              ; work         ;
;          |regX:gen_reg[1].u_reg|                ; 0 (0)               ; 32 (32)                   ; 0           ; 0            ; 0       ; 0         ; 0    ; 0            ; |gemmArray|processingElement:gen_left[0].u_pe_left|regChain:r34|regX:gen_reg[1].u_reg                                                                                      ; regX              ; work         ;
;       |regEnable:r5|                            ; 0 (0)               ; 32 (32)                   ; 0           ; 0            ; 0       ; 0         ; 0    ; 0            ; |gemmArray|processingElement:gen_left[0].u_pe_left|regEnable:r5                                                                                                            ; regEnable         ; work         ;
;       |regX:r2_1|                               ; 0 (0)               ; 32 (32)                   ; 0           ; 0            ; 0       ; 0         ; 0    ; 0            ; |gemmArray|processingElement:gen_left[0].u_pe_left|regX:r2_1                                                                                                               ; regX              ; work         ;
;    |processingElement:gen_left[1].u_pe_left|    ; 177 (0)             ; 196 (0)                   ; 0           ; 8            ; 0       ; 4         ; 0    ; 0            ; |gemmArray|processingElement:gen_left[1].u_pe_left                                                                                                                         ; processingElement ; work         ;
;       |dffMy:d1|                                ; 0 (0)               ; 1 (1)                     ; 0           ; 0            ; 0       ; 0         ; 0    ; 0            ; |gemmArray|processingElement:gen_left[1].u_pe_left|dffMy:d1                                                                                                                ; dffMy             ; work         ;
;       |dffMy:d2|                                ; 0 (0)               ; 1 (1)                     ; 0           ; 0            ; 0       ; 0         ; 0    ; 0            ; |gemmArray|processingElement:gen_left[1].u_pe_left|dffMy:d2                                                                                                                ; dffMy             ; work         ;
;       |mult:m1|                                 ; 79 (0)              ; 0 (0)                     ; 0           ; 8            ; 0       ; 4         ; 0    ; 0            ; |gemmArray|processingElement:gen_left[1].u_pe_left|mult:m1                                                                                                                 ; mult              ; work         ;
;          |lpm_mult:Mult0|                       ; 79 (0)              ; 0 (0)                     ; 0           ; 8            ; 0       ; 4         ; 0    ; 0            ; |gemmArray|processingElement:gen_left[1].u_pe_left|mult:m1|lpm_mult:Mult0                                                                                                  ; lpm_mult          ; work         ;
;             |mult_7dt:auto_generated|           ; 79 (79)             ; 0 (0)                     ; 0           ; 8            ; 0       ; 4         ; 0    ; 0            ; |gemmArray|processingElement:gen_left[1].u_pe_left|mult:m1|lpm_mult:Mult0|mult_7dt:auto_generated                                                                          ; mult_7dt          ; work         ;
;       |orMux:or1|                               ; 32 (32)             ; 0 (0)                     ; 0           ; 0            ; 0       ; 0         ; 0    ; 0            ; |gemmArray|processingElement:gen_left[1].u_pe_left|orMux:or1                                                                                                               ; orMux             ; work         ;
;       |regAcc:r6|                               ; 66 (66)             ; 66 (66)                   ; 0           ; 0            ; 0       ; 0         ; 0    ; 0            ; |gemmArray|processingElement:gen_left[1].u_pe_left|regAcc:r6                                                                                                               ; regAcc            ; work         ;
;       |regChain:r34|                            ; 0 (0)               ; 64 (0)                    ; 0           ; 0            ; 0       ; 0         ; 0    ; 0            ; |gemmArray|processingElement:gen_left[1].u_pe_left|regChain:r34                                                                                                            ; regChain          ; work         ;
;          |regX:gen_reg[0].u_reg|                ; 0 (0)               ; 32 (32)                   ; 0           ; 0            ; 0       ; 0         ; 0    ; 0            ; |gemmArray|processingElement:gen_left[1].u_pe_left|regChain:r34|regX:gen_reg[0].u_reg                                                                                      ; regX              ; work         ;
;          |regX:gen_reg[1].u_reg|                ; 0 (0)               ; 32 (32)                   ; 0           ; 0            ; 0       ; 0         ; 0    ; 0            ; |gemmArray|processingElement:gen_left[1].u_pe_left|regChain:r34|regX:gen_reg[1].u_reg                                                                                      ; regX              ; work         ;
;       |regEnable:r5|                            ; 0 (0)               ; 32 (32)                   ; 0           ; 0            ; 0       ; 0         ; 0    ; 0            ; |gemmArray|processingElement:gen_left[1].u_pe_left|regEnable:r5                                                                                                            ; regEnable         ; work         ;
;       |regX:r2_1|                               ; 0 (0)               ; 32 (32)                   ; 0           ; 0            ; 0       ; 0         ; 0    ; 0            ; |gemmArray|processingElement:gen_left[1].u_pe_left|regX:r2_1                                                                                                               ; regX              ; work         ;
;    |processingElement:gen_right[2].u_pe_right|  ; 177 (0)             ; 196 (0)                   ; 0           ; 8            ; 0       ; 4         ; 0    ; 0            ; |gemmArray|processingElement:gen_right[2].u_pe_right                                                                                                                       ; processingElement ; work         ;
;       |dffMy:d1|                                ; 0 (0)               ; 1 (1)                     ; 0           ; 0            ; 0       ; 0         ; 0    ; 0            ; |gemmArray|processingElement:gen_right[2].u_pe_right|dffMy:d1                                                                                                              ; dffMy             ; work         ;
;       |dffMy:d2|                                ; 0 (0)               ; 1 (1)                     ; 0           ; 0            ; 0       ; 0         ; 0    ; 0            ; |gemmArray|processingElement:gen_right[2].u_pe_right|dffMy:d2                                                                                                              ; dffMy             ; work         ;
;       |mult:m1|                                 ; 79 (0)              ; 0 (0)                     ; 0           ; 8            ; 0       ; 4         ; 0    ; 0            ; |gemmArray|processingElement:gen_right[2].u_pe_right|mult:m1                                                                                                               ; mult              ; work         ;
;          |lpm_mult:Mult0|                       ; 79 (0)              ; 0 (0)                     ; 0           ; 8            ; 0       ; 4         ; 0    ; 0            ; |gemmArray|processingElement:gen_right[2].u_pe_right|mult:m1|lpm_mult:Mult0                                                                                                ; lpm_mult          ; work         ;
;             |mult_7dt:auto_generated|           ; 79 (79)             ; 0 (0)                     ; 0           ; 8            ; 0       ; 4         ; 0    ; 0            ; |gemmArray|processingElement:gen_right[2].u_pe_right|mult:m1|lpm_mult:Mult0|mult_7dt:auto_generated                                                                        ; mult_7dt          ; work         ;
;       |orMux:or1|                               ; 32 (32)             ; 0 (0)                     ; 0           ; 0            ; 0       ; 0         ; 0    ; 0            ; |gemmArray|processingElement:gen_right[2].u_pe_right|orMux:or1                                                                                                             ; orMux             ; work         ;
;       |regAcc:r6|                               ; 66 (66)             ; 66 (66)                   ; 0           ; 0            ; 0       ; 0         ; 0    ; 0            ; |gemmArray|processingElement:gen_right[2].u_pe_right|regAcc:r6                                                                                                             ; regAcc            ; work         ;
;       |regChain:r34|                            ; 0 (0)               ; 64 (0)                    ; 0           ; 0            ; 0       ; 0         ; 0    ; 0            ; |gemmArray|processingElement:gen_right[2].u_pe_right|regChain:r34                                                                                                          ; regChain          ; work         ;
;          |regX:gen_reg[0].u_reg|                ; 0 (0)               ; 32 (32)                   ; 0           ; 0            ; 0       ; 0         ; 0    ; 0            ; |gemmArray|processingElement:gen_right[2].u_pe_right|regChain:r34|regX:gen_reg[0].u_reg                                                                                    ; regX              ; work         ;
;          |regX:gen_reg[1].u_reg|                ; 0 (0)               ; 32 (32)                   ; 0           ; 0            ; 0       ; 0         ; 0    ; 0            ; |gemmArray|processingElement:gen_right[2].u_pe_right|regChain:r34|regX:gen_reg[1].u_reg                                                                                    ; regX              ; work         ;
;       |regEnable:r5|                            ; 0 (0)               ; 32 (32)                   ; 0           ; 0            ; 0       ; 0         ; 0    ; 0            ; |gemmArray|processingElement:gen_right[2].u_pe_right|regEnable:r5                                                                                                          ; regEnable         ; work         ;
;       |regX:r2_1|                               ; 0 (0)               ; 32 (32)                   ; 0           ; 0            ; 0       ; 0         ; 0    ; 0            ; |gemmArray|processingElement:gen_right[2].u_pe_right|regX:r2_1                                                                                                             ; regX              ; work         ;
;    |processingElement:gen_right[3].u_pe_right|  ; 252 (0)             ; 232 (0)                   ; 384         ; 8            ; 0       ; 4         ; 0    ; 0            ; |gemmArray|processingElement:gen_right[3].u_pe_right                                                                                                                       ; processingElement ; work         ;
;       |mult:m1|                                 ; 79 (0)              ; 0 (0)                     ; 0           ; 8            ; 0       ; 4         ; 0    ; 0            ; |gemmArray|processingElement:gen_right[3].u_pe_right|mult:m1                                                                                                               ; mult              ; work         ;
;          |lpm_mult:Mult0|                       ; 79 (0)              ; 0 (0)                     ; 0           ; 8            ; 0       ; 4         ; 0    ; 0            ; |gemmArray|processingElement:gen_right[3].u_pe_right|mult:m1|lpm_mult:Mult0                                                                                                ; lpm_mult          ; work         ;
;             |mult_7dt:auto_generated|           ; 79 (79)             ; 0 (0)                     ; 0           ; 8            ; 0       ; 4         ; 0    ; 0            ; |gemmArray|processingElement:gen_right[3].u_pe_right|mult:m1|lpm_mult:Mult0|mult_7dt:auto_generated                                                                        ; mult_7dt          ; work         ;
;       |orMux:or1|                               ; 32 (32)             ; 0 (0)                     ; 0           ; 0            ; 0       ; 0         ; 0    ; 0            ; |gemmArray|processingElement:gen_right[3].u_pe_right|orMux:or1                                                                                                             ; orMux             ; work         ;
;       |regAcc:r6|                               ; 66 (66)             ; 66 (66)                   ; 0           ; 0            ; 0       ; 0         ; 0    ; 0            ; |gemmArray|processingElement:gen_right[3].u_pe_right|regAcc:r6                                                                                                             ; regAcc            ; work         ;
;       |regChain:r1|                             ; 0 (0)               ; 96 (0)                    ; 0           ; 0            ; 0       ; 0         ; 0    ; 0            ; |gemmArray|processingElement:gen_right[3].u_pe_right|regChain:r1                                                                                                           ; regChain          ; work         ;
;          |regX:gen_reg[0].u_reg|                ; 0 (0)               ; 32 (32)                   ; 0           ; 0            ; 0       ; 0         ; 0    ; 0            ; |gemmArray|processingElement:gen_right[3].u_pe_right|regChain:r1|regX:gen_reg[0].u_reg                                                                                     ; regX              ; work         ;
;          |regX:gen_reg[1].u_reg|                ; 0 (0)               ; 32 (32)                   ; 0           ; 0            ; 0       ; 0         ; 0    ; 0            ; |gemmArray|processingElement:gen_right[3].u_pe_right|regChain:r1|regX:gen_reg[1].u_reg                                                                                     ; regX              ; work         ;
;          |regX:gen_reg[2].u_reg|                ; 0 (0)               ; 32 (32)                   ; 0           ; 0            ; 0       ; 0         ; 0    ; 0            ; |gemmArray|processingElement:gen_right[3].u_pe_right|regChain:r1|regX:gen_reg[2].u_reg                                                                                     ; regX              ; work         ;
;       |regChain:r2|                             ; 9 (0)               ; 6 (0)                     ; 384         ; 0            ; 0       ; 0         ; 0    ; 0            ; |gemmArray|processingElement:gen_right[3].u_pe_right|regChain:r2                                                                                                           ; regChain          ; work         ;
;          |regX:gen_reg[0].u_reg|                ; 9 (0)               ; 6 (0)                     ; 384         ; 0            ; 0       ; 0         ; 0    ; 0            ; |gemmArray|processingElement:gen_right[3].u_pe_right|regChain:r2|regX:gen_reg[0].u_reg                                                                                     ; regX              ; work         ;
;             |altshift_taps:q_out_rtl_0|         ; 9 (0)               ; 6 (0)                     ; 384         ; 0            ; 0       ; 0         ; 0    ; 0            ; |gemmArray|processingElement:gen_right[3].u_pe_right|regChain:r2|regX:gen_reg[0].u_reg|altshift_taps:q_out_rtl_0                                                           ; altshift_taps     ; work         ;
;                |shift_taps_2mm:auto_generated|  ; 9 (2)               ; 6 (3)                     ; 384         ; 0            ; 0       ; 0         ; 0    ; 0            ; |gemmArray|processingElement:gen_right[3].u_pe_right|regChain:r2|regX:gen_reg[0].u_reg|altshift_taps:q_out_rtl_0|shift_taps_2mm:auto_generated                             ; shift_taps_2mm    ; work         ;
;                   |altsyncram_9c61:altsyncram4| ; 0 (0)               ; 0 (0)                     ; 384         ; 0            ; 0       ; 0         ; 0    ; 0            ; |gemmArray|processingElement:gen_right[3].u_pe_right|regChain:r2|regX:gen_reg[0].u_reg|altshift_taps:q_out_rtl_0|shift_taps_2mm:auto_generated|altsyncram_9c61:altsyncram4 ; altsyncram_9c61   ; work         ;
;                   |cntr_6pf:cntr1|              ; 5 (5)               ; 2 (2)                     ; 0           ; 0            ; 0       ; 0         ; 0    ; 0            ; |gemmArray|processingElement:gen_right[3].u_pe_right|regChain:r2|regX:gen_reg[0].u_reg|altshift_taps:q_out_rtl_0|shift_taps_2mm:auto_generated|cntr_6pf:cntr1              ; cntr_6pf          ; work         ;
;                   |cntr_p8h:cntr5|              ; 2 (2)               ; 1 (1)                     ; 0           ; 0            ; 0       ; 0         ; 0    ; 0            ; |gemmArray|processingElement:gen_right[3].u_pe_right|regChain:r2|regX:gen_reg[0].u_reg|altshift_taps:q_out_rtl_0|shift_taps_2mm:auto_generated|cntr_p8h:cntr5              ; cntr_p8h          ; work         ;
;       |regEnable:r5|                            ; 0 (0)               ; 32 (32)                   ; 0           ; 0            ; 0       ; 0         ; 0    ; 0            ; |gemmArray|processingElement:gen_right[3].u_pe_right|regEnable:r5                                                                                                          ; regEnable         ; work         ;
;       |regX:r2_1|                               ; 0 (0)               ; 32 (32)                   ; 0           ; 0            ; 0       ; 0         ; 0    ; 0            ; |gemmArray|processingElement:gen_right[3].u_pe_right|regX:r2_1                                                                                                             ; regX              ; work         ;
;       |sumAcc:s1|                               ; 66 (66)             ; 0 (0)                     ; 0           ; 0            ; 0       ; 0         ; 0    ; 0            ; |gemmArray|processingElement:gen_right[3].u_pe_right|sumAcc:s1                                                                                                             ; sumAcc            ; work         ;
+-------------------------------------------------+---------------------+---------------------------+-------------+--------------+---------+-----------+------+--------------+----------------------------------------------------------------------------------------------------------------------------------------------------------------------------+-------------------+--------------+
Note: For table entries with two numbers listed, the numbers in parentheses indicate the number of resources of the given type used by the specific entity alone. The numbers listed outside of parentheses indicate the total resources of the given type used by the specific entity and all of its sub-entities in the hierarchy.


+--------------------------------------------------------------------------------------------------------------------------------------------------------------------------------------------------------------------------------------------------------------------------------+
; Analysis & Synthesis RAM Summary                                                                                                                                                                                                                                               ;
+----------------------------------------------------------------------------------------------------------------------------------------------------------------------------+------+------------------+--------------+--------------+--------------+--------------+------+------+
; Name                                                                                                                                                                       ; Type ; Mode             ; Port A Depth ; Port A Width ; Port B Depth ; Port B Width ; Size ; MIF  ;
+----------------------------------------------------------------------------------------------------------------------------------------------------------------------------+------+------------------+--------------+--------------+--------------+--------------+------+------+
; processingElement:gen_left[0].u_pe_left|regChain:r1|regX:gen_reg[1].u_reg|altshift_taps:q_out_rtl_0|shift_taps_dkm:auto_generated|altsyncram_o1b1:altsyncram2|ALTSYNCRAM   ; AUTO ; Simple Dual Port ; 2            ; 32           ; 2            ; 32           ; 64   ; None ;
; processingElement:gen_right[3].u_pe_right|regChain:r2|regX:gen_reg[0].u_reg|altshift_taps:q_out_rtl_0|shift_taps_2mm:auto_generated|altsyncram_9c61:altsyncram4|ALTSYNCRAM ; AUTO ; Simple Dual Port ; 3            ; 128          ; 3            ; 128          ; 384  ; None ;
+----------------------------------------------------------------------------------------------------------------------------------------------------------------------------+------+------------------+--------------+--------------+--------------+--------------+------+------+


+-----------------------------------------------------+
; Analysis & Synthesis DSP Block Usage Summary        ;
+---------------------------------------+-------------+
; Statistic                             ; Number Used ;
+---------------------------------------+-------------+
; Simple Multipliers (9-bit)            ; 0           ;
; Simple Multipliers (18-bit)           ; 16          ;
; Embedded Multiplier Blocks            ; --          ;
; Embedded Multiplier 9-bit elements    ; 32          ;
; Signed Embedded Multipliers           ; 0           ;
; Unsigned Embedded Multipliers         ; 16          ;
; Mixed Sign Embedded Multipliers       ; 0           ;
; Variable Sign Embedded Multipliers    ; 0           ;
; Dedicated Input Shift Register Chains ; 0           ;
+---------------------------------------+-------------+
Note: number of Embedded Multiplier Blocks used is only available after a successful fit.


+------------------------------------------------------+
; General Register Statistics                          ;
+----------------------------------------------+-------+
; Statistic                                    ; Value ;
+----------------------------------------------+-------+
; Total registers                              ; 862   ;
; Number of registers using Synchronous Clear  ; 0     ;
; Number of registers using Synchronous Load   ; 0     ;
; Number of registers using Asynchronous Clear ; 857   ;
; Number of registers using Asynchronous Load  ; 0     ;
; Number of registers using Clock Enable       ; 131   ;
; Number of registers using Preset             ; 0     ;
+----------------------------------------------+-------+


+-----------------------------------------------------------------------------------------------------------------------------------------------------+
; Inverted Register Statistics                                                                                                                        ;
+-------------------------------------------------------------------------------------------------------------------------------------------+---------+
; Inverted Register                                                                                                                         ; Fan out ;
+-------------------------------------------------------------------------------------------------------------------------------------------+---------+
; processingElement:gen_right[3].u_pe_right|regChain:r2|regX:gen_reg[0].u_reg|altshift_taps:q_out_rtl_0|shift_taps_2mm:auto_generated|dffe6 ; 128     ;
; processingElement:gen_left[0].u_pe_left|regChain:r1|regX:gen_reg[1].u_reg|altshift_taps:q_out_rtl_0|shift_taps_dkm:auto_generated|dffe4   ; 32      ;
; Total number of inverted registers = 2                                                                                                    ;         ;
+-------------------------------------------------------------------------------------------------------------------------------------------+---------+


+-------------------------------------------------------------------------------------------------------------------------------------------------------------------------------------------------+
; Registers Packed Into Inferred Megafunctions                                                                                                                                                    ;
+------------------------------------------------------------------------------------------+-----------------------------------------------------------------------------------------+------------+
; Register Name                                                                            ; Megafunction                                                                            ; Type       ;
+------------------------------------------------------------------------------------------+-----------------------------------------------------------------------------------------+------------+
; processingElement:gen_left[0].u_pe_left|regChain:r1|regX:gen_reg[4].u_reg|q_out[0..31]   ; processingElement:gen_left[0].u_pe_left|regChain:r1|regX:gen_reg[1].u_reg|q_out_rtl_0   ; SHIFT_TAPS ;
; processingElement:gen_left[0].u_pe_left|regChain:r1|regX:gen_reg[3].u_reg|q_out[0..31]   ; processingElement:gen_left[0].u_pe_left|regChain:r1|regX:gen_reg[1].u_reg|q_out_rtl_0   ; SHIFT_TAPS ;
; processingElement:gen_left[0].u_pe_left|regChain:r1|regX:gen_reg[2].u_reg|q_out[0..31]   ; processingElement:gen_left[0].u_pe_left|regChain:r1|regX:gen_reg[1].u_reg|q_out_rtl_0   ; SHIFT_TAPS ;
; processingElement:gen_left[0].u_pe_left|regChain:r1|regX:gen_reg[1].u_reg|q_out[0..31]   ; processingElement:gen_left[0].u_pe_left|regChain:r1|regX:gen_reg[1].u_reg|q_out_rtl_0   ; SHIFT_TAPS ;
; processingElement:gen_right[3].u_pe_right|regChain:r2|regX:gen_reg[2].u_reg|q_out[0..31] ; processingElement:gen_right[3].u_pe_right|regChain:r2|regX:gen_reg[0].u_reg|q_out_rtl_0 ; SHIFT_TAPS ;
; processingElement:gen_right[3].u_pe_right|regChain:r2|regX:gen_reg[1].u_reg|q_out[0..31] ; processingElement:gen_right[3].u_pe_right|regChain:r2|regX:gen_reg[0].u_reg|q_out_rtl_0 ; SHIFT_TAPS ;
; processingElement:gen_right[3].u_pe_right|regChain:r2|regX:gen_reg[0].u_reg|q_out[0..31] ; processingElement:gen_right[3].u_pe_right|regChain:r2|regX:gen_reg[0].u_reg|q_out_rtl_0 ; SHIFT_TAPS ;
; processingElement:gen_right[2].u_pe_right|regChain:r2|regX:gen_reg[2].u_reg|q_out[0..31] ; processingElement:gen_right[3].u_pe_right|regChain:r2|regX:gen_reg[0].u_reg|q_out_rtl_0 ; SHIFT_TAPS ;
; processingElement:gen_right[2].u_pe_right|regChain:r2|regX:gen_reg[1].u_reg|q_out[0..31] ; processingElement:gen_right[3].u_pe_right|regChain:r2|regX:gen_reg[0].u_reg|q_out_rtl_0 ; SHIFT_TAPS ;
; processingElement:gen_right[2].u_pe_right|regChain:r2|regX:gen_reg[0].u_reg|q_out[0..31] ; processingElement:gen_right[3].u_pe_right|regChain:r2|regX:gen_reg[0].u_reg|q_out_rtl_0 ; SHIFT_TAPS ;
; processingElement:gen_left[1].u_pe_left|regChain:r2|regX:gen_reg[2].u_reg|q_out[0..31]   ; processingElement:gen_right[3].u_pe_right|regChain:r2|regX:gen_reg[0].u_reg|q_out_rtl_0 ; SHIFT_TAPS ;
; processingElement:gen_left[1].u_pe_left|regChain:r2|regX:gen_reg[1].u_reg|q_out[0..31]   ; processingElement:gen_right[3].u_pe_right|regChain:r2|regX:gen_reg[0].u_reg|q_out_rtl_0 ; SHIFT_TAPS ;
; processingElement:gen_left[1].u_pe_left|regChain:r2|regX:gen_reg[0].u_reg|q_out[0..31]   ; processingElement:gen_right[3].u_pe_right|regChain:r2|regX:gen_reg[0].u_reg|q_out_rtl_0 ; SHIFT_TAPS ;
; processingElement:gen_left[0].u_pe_left|regChain:r2|regX:gen_reg[2].u_reg|q_out[0..31]   ; processingElement:gen_right[3].u_pe_right|regChain:r2|regX:gen_reg[0].u_reg|q_out_rtl_0 ; SHIFT_TAPS ;
; processingElement:gen_left[0].u_pe_left|regChain:r2|regX:gen_reg[1].u_reg|q_out[0..31]   ; processingElement:gen_right[3].u_pe_right|regChain:r2|regX:gen_reg[0].u_reg|q_out_rtl_0 ; SHIFT_TAPS ;
; processingElement:gen_left[0].u_pe_left|regChain:r2|regX:gen_reg[0].u_reg|q_out[0..31]   ; processingElement:gen_right[3].u_pe_right|regChain:r2|regX:gen_reg[0].u_reg|q_out_rtl_0 ; SHIFT_TAPS ;
+------------------------------------------------------------------------------------------+-----------------------------------------------------------------------------------------+------------+


+--------------------------------------------------------------------------------------------------------------------------------------------------------------------------------------+
; Source assignments for processingElement:gen_left[0].u_pe_left|regChain:r1|regX:gen_reg[1].u_reg|altshift_taps:q_out_rtl_0|shift_taps_dkm:auto_generated|altsyncram_o1b1:altsyncram2 ;
+---------------------------------+--------------------+------+------------------------------------------------------------------------------------------------------------------------+
; Assignment                      ; Value              ; From ; To                                                                                                                     ;
+---------------------------------+--------------------+------+------------------------------------------------------------------------------------------------------------------------+
; OPTIMIZE_POWER_DURING_SYNTHESIS ; NORMAL_COMPILATION ; -    ; -                                                                                                                      ;
+---------------------------------+--------------------+------+------------------------------------------------------------------------------------------------------------------------+


+----------------------------------------------------------------------------------------------------------------------------------------------------------------------------------------+
; Source assignments for processingElement:gen_right[3].u_pe_right|regChain:r2|regX:gen_reg[0].u_reg|altshift_taps:q_out_rtl_0|shift_taps_2mm:auto_generated|altsyncram_9c61:altsyncram4 ;
+---------------------------------+--------------------+------+--------------------------------------------------------------------------------------------------------------------------+
; Assignment                      ; Value              ; From ; To                                                                                                                       ;
+---------------------------------+--------------------+------+--------------------------------------------------------------------------------------------------------------------------+
; OPTIMIZE_POWER_DURING_SYNTHESIS ; NORMAL_COMPILATION ; -    ; -                                                                                                                        ;
+---------------------------------+--------------------+------+--------------------------------------------------------------------------------------------------------------------------+


+---------------------------------------------------------------------------+
; Parameter Settings for User Entity Instance: Top-level Entity: |gemmArray ;
+----------------+-------+--------------------------------------------------+
; Parameter Name ; Value ; Type                                             ;
+----------------+-------+--------------------------------------------------+
; WIDTH          ; 32    ; Signed Integer                                   ;
; N              ; 4     ; Signed Integer                                   ;
; ACC_WIDTH      ; 66    ; Signed Integer                                   ;
+----------------+-------+--------------------------------------------------+
Note: In order to hide this table in the UI and the text report file, please set the "Show Parameter Settings in Synthesis Report" option in "Analysis and Synthesis Settings -> More Settings" to "Off".


+--------------------------------------------------------------------------------------+
; Parameter Settings for User Entity Instance: processingElement:gen_left[0].u_pe_left ;
+----------------+-------+-------------------------------------------------------------+
; Parameter Name ; Value ; Type                                                        ;
+----------------+-------+-------------------------------------------------------------+
; WIDTH          ; 32    ; Signed Integer                                              ;
; N              ; 4     ; Signed Integer                                              ;
; ACC_WIDTH      ; 66    ; Signed Integer                                              ;
; MODE           ; 0     ; Signed Integer                                              ;
; ID             ; 0     ; Signed Integer                                              ;
+----------------+-------+-------------------------------------------------------------+
Note: In order to hide this table in the UI and the text report file, please set the "Show Parameter Settings in Synthesis Report" option in "Analysis and Synthesis Settings -> More Settings" to "Off".


+--------------------------------------------------------------------------------------------------+
; Parameter Settings for User Entity Instance: processingElement:gen_left[0].u_pe_left|regChain:r1 ;
+----------------+-------+-------------------------------------------------------------------------+
; Parameter Name ; Value ; Type                                                                    ;
+----------------+-------+-------------------------------------------------------------------------+
; WIDTH          ; 32    ; Signed Integer                                                          ;
; N              ; 5     ; Signed Integer                                                          ;
+----------------+-------+-------------------------------------------------------------------------+
Note: In order to hide this table in the UI and the text report file, please set the "Show Parameter Settings in Synthesis Report" option in "Analysis and Synthesis Settings -> More Settings" to "Off".


+------------------------------------------------------------------------------------------------------------------------+
; Parameter Settings for User Entity Instance: processingElement:gen_left[0].u_pe_left|regChain:r1|regX:gen_reg[0].u_reg ;
+----------------+-------+-----------------------------------------------------------------------------------------------+
; Parameter Name ; Value ; Type                                                                                          ;
+----------------+-------+-----------------------------------------------------------------------------------------------+
; WIDTH          ; 32    ; Signed Integer                                                                                ;
+----------------+-------+-----------------------------------------------------------------------------------------------+
Note: In order to hide this table in the UI and the text report file, please set the "Show Parameter Settings in Synthesis Report" option in "Analysis and Synthesis Settings -> More Settings" to "Off".


+------------------------------------------------------------------------------------------------------------------------+
; Parameter Settings for User Entity Instance: processingElement:gen_left[0].u_pe_left|regChain:r1|regX:gen_reg[1].u_reg ;
+----------------+-------+-----------------------------------------------------------------------------------------------+
; Parameter Name ; Value ; Type                                                                                          ;
+----------------+-------+-----------------------------------------------------------------------------------------------+
; WIDTH          ; 32    ; Signed Integer                                                                                ;
+----------------+-------+-----------------------------------------------------------------------------------------------+
Note: In order to hide this table in the UI and the text report file, please set the "Show Parameter Settings in Synthesis Report" option in "Analysis and Synthesis Settings -> More Settings" to "Off".


+------------------------------------------------------------------------------------------------------------------------+
; Parameter Settings for User Entity Instance: processingElement:gen_left[0].u_pe_left|regChain:r1|regX:gen_reg[2].u_reg ;
+----------------+-------+-----------------------------------------------------------------------------------------------+
; Parameter Name ; Value ; Type                                                                                          ;
+----------------+-------+-----------------------------------------------------------------------------------------------+
; WIDTH          ; 32    ; Signed Integer                                                                                ;
+----------------+-------+-----------------------------------------------------------------------------------------------+
Note: In order to hide this table in the UI and the text report file, please set the "Show Parameter Settings in Synthesis Report" option in "Analysis and Synthesis Settings -> More Settings" to "Off".


+------------------------------------------------------------------------------------------------------------------------+
; Parameter Settings for User Entity Instance: processingElement:gen_left[0].u_pe_left|regChain:r1|regX:gen_reg[3].u_reg ;
+----------------+-------+-----------------------------------------------------------------------------------------------+
; Parameter Name ; Value ; Type                                                                                          ;
+----------------+-------+-----------------------------------------------------------------------------------------------+
; WIDTH          ; 32    ; Signed Integer                                                                                ;
+----------------+-------+-----------------------------------------------------------------------------------------------+
Note: In order to hide this table in the UI and the text report file, please set the "Show Parameter Settings in Synthesis Report" option in "Analysis and Synthesis Settings -> More Settings" to "Off".


+------------------------------------------------------------------------------------------------------------------------+
; Parameter Settings for User Entity Instance: processingElement:gen_left[0].u_pe_left|regChain:r1|regX:gen_reg[4].u_reg ;
+----------------+-------+-----------------------------------------------------------------------------------------------+
; Parameter Name ; Value ; Type                                                                                          ;
+----------------+-------+-----------------------------------------------------------------------------------------------+
; WIDTH          ; 32    ; Signed Integer                                                                                ;
+----------------+-------+-----------------------------------------------------------------------------------------------+
Note: In order to hide this table in the UI and the text report file, please set the "Show Parameter Settings in Synthesis Report" option in "Analysis and Synthesis Settings -> More Settings" to "Off".


+--------------------------------------------------------------------------------------------------+
; Parameter Settings for User Entity Instance: processingElement:gen_left[0].u_pe_left|andMux:and1 ;
+----------------+-------+-------------------------------------------------------------------------+
; Parameter Name ; Value ; Type                                                                    ;
+----------------+-------+-------------------------------------------------------------------------+
; WIDTH          ; 32    ; Signed Integer                                                          ;
+----------------+-------+-------------------------------------------------------------------------+
Note: In order to hide this table in the UI and the text report file, please set the "Show Parameter Settings in Synthesis Report" option in "Analysis and Synthesis Settings -> More Settings" to "Off".


+------------------------------------------------------------------------------------------------+
; Parameter Settings for User Entity Instance: processingElement:gen_left[0].u_pe_left|orMux:or1 ;
+----------------+-------+-----------------------------------------------------------------------+
; Parameter Name ; Value ; Type                                                                  ;
+----------------+-------+-----------------------------------------------------------------------+
; WIDTH          ; 32    ; Signed Integer                                                        ;
+----------------+-------+-----------------------------------------------------------------------+
Note: In order to hide this table in the UI and the text report file, please set the "Show Parameter Settings in Synthesis Report" option in "Analysis and Synthesis Settings -> More Settings" to "Off".


+------------------------------------------------------------------------------------------------+
; Parameter Settings for User Entity Instance: processingElement:gen_left[0].u_pe_left|regX:r2_1 ;
+----------------+-------+-----------------------------------------------------------------------+
; Parameter Name ; Value ; Type                                                                  ;
+----------------+-------+-----------------------------------------------------------------------+
; WIDTH          ; 32    ; Signed Integer                                                        ;
+----------------+-------+-----------------------------------------------------------------------+
Note: In order to hide this table in the UI and the text report file, please set the "Show Parameter Settings in Synthesis Report" option in "Analysis and Synthesis Settings -> More Settings" to "Off".


+--------------------------------------------------------------------------------------------------+
; Parameter Settings for User Entity Instance: processingElement:gen_left[0].u_pe_left|regChain:r2 ;
+----------------+-------+-------------------------------------------------------------------------+
; Parameter Name ; Value ; Type                                                                    ;
+----------------+-------+-------------------------------------------------------------------------+
; WIDTH          ; 32    ; Signed Integer                                                          ;
; N              ; 3     ; Signed Integer                                                          ;
+----------------+-------+-------------------------------------------------------------------------+
Note: In order to hide this table in the UI and the text report file, please set the "Show Parameter Settings in Synthesis Report" option in "Analysis and Synthesis Settings -> More Settings" to "Off".


+------------------------------------------------------------------------------------------------------------------------+
; Parameter Settings for User Entity Instance: processingElement:gen_left[0].u_pe_left|regChain:r2|regX:gen_reg[0].u_reg ;
+----------------+-------+-----------------------------------------------------------------------------------------------+
; Parameter Name ; Value ; Type                                                                                          ;
+----------------+-------+-----------------------------------------------------------------------------------------------+
; WIDTH          ; 32    ; Signed Integer                                                                                ;
+----------------+-------+-----------------------------------------------------------------------------------------------+
Note: In order to hide this table in the UI and the text report file, please set the "Show Parameter Settings in Synthesis Report" option in "Analysis and Synthesis Settings -> More Settings" to "Off".


+------------------------------------------------------------------------------------------------------------------------+
; Parameter Settings for User Entity Instance: processingElement:gen_left[0].u_pe_left|regChain:r2|regX:gen_reg[1].u_reg ;
+----------------+-------+-----------------------------------------------------------------------------------------------+
; Parameter Name ; Value ; Type                                                                                          ;
+----------------+-------+-----------------------------------------------------------------------------------------------+
; WIDTH          ; 32    ; Signed Integer                                                                                ;
+----------------+-------+-----------------------------------------------------------------------------------------------+
Note: In order to hide this table in the UI and the text report file, please set the "Show Parameter Settings in Synthesis Report" option in "Analysis and Synthesis Settings -> More Settings" to "Off".


+------------------------------------------------------------------------------------------------------------------------+
; Parameter Settings for User Entity Instance: processingElement:gen_left[0].u_pe_left|regChain:r2|regX:gen_reg[2].u_reg ;
+----------------+-------+-----------------------------------------------------------------------------------------------+
; Parameter Name ; Value ; Type                                                                                          ;
+----------------+-------+-----------------------------------------------------------------------------------------------+
; WIDTH          ; 32    ; Signed Integer                                                                                ;
+----------------+-------+-----------------------------------------------------------------------------------------------+
Note: In order to hide this table in the UI and the text report file, please set the "Show Parameter Settings in Synthesis Report" option in "Analysis and Synthesis Settings -> More Settings" to "Off".


+--------------------------------------------------------------------------------------------------+
; Parameter Settings for User Entity Instance: processingElement:gen_left[0].u_pe_left|andMux:and2 ;
+----------------+-------+-------------------------------------------------------------------------+
; Parameter Name ; Value ; Type                                                                    ;
+----------------+-------+-------------------------------------------------------------------------+
; WIDTH          ; 32    ; Signed Integer                                                          ;
+----------------+-------+-------------------------------------------------------------------------+
Note: In order to hide this table in the UI and the text report file, please set the "Show Parameter Settings in Synthesis Report" option in "Analysis and Synthesis Settings -> More Settings" to "Off".


+---------------------------------------------------------------------------------------------------+
; Parameter Settings for User Entity Instance: processingElement:gen_left[0].u_pe_left|regChain:r34 ;
+----------------+-------+--------------------------------------------------------------------------+
; Parameter Name ; Value ; Type                                                                     ;
+----------------+-------+--------------------------------------------------------------------------+
; WIDTH          ; 32    ; Signed Integer                                                           ;
; N              ; 2     ; Signed Integer                                                           ;
+----------------+-------+--------------------------------------------------------------------------+
Note: In order to hide this table in the UI and the text report file, please set the "Show Parameter Settings in Synthesis Report" option in "Analysis and Synthesis Settings -> More Settings" to "Off".


+-------------------------------------------------------------------------------------------------------------------------+
; Parameter Settings for User Entity Instance: processingElement:gen_left[0].u_pe_left|regChain:r34|regX:gen_reg[0].u_reg ;
+----------------+-------+------------------------------------------------------------------------------------------------+
; Parameter Name ; Value ; Type                                                                                           ;
+----------------+-------+------------------------------------------------------------------------------------------------+
; WIDTH          ; 32    ; Signed Integer                                                                                 ;
+----------------+-------+------------------------------------------------------------------------------------------------+
Note: In order to hide this table in the UI and the text report file, please set the "Show Parameter Settings in Synthesis Report" option in "Analysis and Synthesis Settings -> More Settings" to "Off".


+-------------------------------------------------------------------------------------------------------------------------+
; Parameter Settings for User Entity Instance: processingElement:gen_left[0].u_pe_left|regChain:r34|regX:gen_reg[1].u_reg ;
+----------------+-------+------------------------------------------------------------------------------------------------+
; Parameter Name ; Value ; Type                                                                                           ;
+----------------+-------+------------------------------------------------------------------------------------------------+
; WIDTH          ; 32    ; Signed Integer                                                                                 ;
+----------------+-------+------------------------------------------------------------------------------------------------+
Note: In order to hide this table in the UI and the text report file, please set the "Show Parameter Settings in Synthesis Report" option in "Analysis and Synthesis Settings -> More Settings" to "Off".


+---------------------------------------------------------------------------------------------------+
; Parameter Settings for User Entity Instance: processingElement:gen_left[0].u_pe_left|regEnable:r5 ;
+----------------+-------+--------------------------------------------------------------------------+
; Parameter Name ; Value ; Type                                                                     ;
+----------------+-------+--------------------------------------------------------------------------+
; WIDTH          ; 32    ; Signed Integer                                                           ;
+----------------+-------+--------------------------------------------------------------------------+
Note: In order to hide this table in the UI and the text report file, please set the "Show Parameter Settings in Synthesis Report" option in "Analysis and Synthesis Settings -> More Settings" to "Off".


+----------------------------------------------------------------------------------------------+
; Parameter Settings for User Entity Instance: processingElement:gen_left[0].u_pe_left|mult:m1 ;
+----------------+-------+---------------------------------------------------------------------+
; Parameter Name ; Value ; Type                                                                ;
+----------------+-------+---------------------------------------------------------------------+
; WIDTH          ; 32    ; Signed Integer                                                      ;
; MODE           ; 0     ; Signed Integer                                                      ;
+----------------+-------+---------------------------------------------------------------------+
Note: In order to hide this table in the UI and the text report file, please set the "Show Parameter Settings in Synthesis Report" option in "Analysis and Synthesis Settings -> More Settings" to "Off".


+------------------------------------------------------------------------------------------------+
; Parameter Settings for User Entity Instance: processingElement:gen_left[0].u_pe_left|regAcc:r6 ;
+----------------+-------+-----------------------------------------------------------------------+
; Parameter Name ; Value ; Type                                                                  ;
+----------------+-------+-----------------------------------------------------------------------+
; WIDTH          ; 32    ; Signed Integer                                                        ;
; N              ; 4     ; Signed Integer                                                        ;
; ACC_WIDTH      ; 66    ; Signed Integer                                                        ;
+----------------+-------+-----------------------------------------------------------------------+
Note: In order to hide this table in the UI and the text report file, please set the "Show Parameter Settings in Synthesis Report" option in "Analysis and Synthesis Settings -> More Settings" to "Off".


+------------------------------------------------------------------------------------------------+
; Parameter Settings for User Entity Instance: processingElement:gen_left[0].u_pe_left|sumAcc:s1 ;
+----------------+-------+-----------------------------------------------------------------------+
; Parameter Name ; Value ; Type                                                                  ;
+----------------+-------+-----------------------------------------------------------------------+
; WIDTH          ; 32    ; Signed Integer                                                        ;
; N              ; 4     ; Signed Integer                                                        ;
; ACC_WIDTH      ; 66    ; Signed Integer                                                        ;
; MODE           ; 0     ; Signed Integer                                                        ;
+----------------+-------+-----------------------------------------------------------------------+
Note: In order to hide this table in the UI and the text report file, please set the "Show Parameter Settings in Synthesis Report" option in "Analysis and Synthesis Settings -> More Settings" to "Off".


+--------------------------------------------------------------------------------------+
; Parameter Settings for User Entity Instance: processingElement:gen_left[1].u_pe_left ;
+----------------+-------+-------------------------------------------------------------+
; Parameter Name ; Value ; Type                                                        ;
+----------------+-------+-------------------------------------------------------------+
; WIDTH          ; 32    ; Signed Integer                                              ;
; N              ; 4     ; Signed Integer                                              ;
; ACC_WIDTH      ; 66    ; Signed Integer                                              ;
; MODE           ; 0     ; Signed Integer                                              ;
; ID             ; 1     ; Signed Integer                                              ;
+----------------+-------+-------------------------------------------------------------+
Note: In order to hide this table in the UI and the text report file, please set the "Show Parameter Settings in Synthesis Report" option in "Analysis and Synthesis Settings -> More Settings" to "Off".


+--------------------------------------------------------------------------------------------------+
; Parameter Settings for User Entity Instance: processingElement:gen_left[1].u_pe_left|regChain:r1 ;
+----------------+-------+-------------------------------------------------------------------------+
; Parameter Name ; Value ; Type                                                                    ;
+----------------+-------+-------------------------------------------------------------------------+
; WIDTH          ; 32    ; Signed Integer                                                          ;
; N              ; 5     ; Signed Integer                                                          ;
+----------------+-------+-------------------------------------------------------------------------+
Note: In order to hide this table in the UI and the text report file, please set the "Show Parameter Settings in Synthesis Report" option in "Analysis and Synthesis Settings -> More Settings" to "Off".


+------------------------------------------------------------------------------------------------------------------------+
; Parameter Settings for User Entity Instance: processingElement:gen_left[1].u_pe_left|regChain:r1|regX:gen_reg[0].u_reg ;
+----------------+-------+-----------------------------------------------------------------------------------------------+
; Parameter Name ; Value ; Type                                                                                          ;
+----------------+-------+-----------------------------------------------------------------------------------------------+
; WIDTH          ; 32    ; Signed Integer                                                                                ;
+----------------+-------+-----------------------------------------------------------------------------------------------+
Note: In order to hide this table in the UI and the text report file, please set the "Show Parameter Settings in Synthesis Report" option in "Analysis and Synthesis Settings -> More Settings" to "Off".


+------------------------------------------------------------------------------------------------------------------------+
; Parameter Settings for User Entity Instance: processingElement:gen_left[1].u_pe_left|regChain:r1|regX:gen_reg[1].u_reg ;
+----------------+-------+-----------------------------------------------------------------------------------------------+
; Parameter Name ; Value ; Type                                                                                          ;
+----------------+-------+-----------------------------------------------------------------------------------------------+
; WIDTH          ; 32    ; Signed Integer                                                                                ;
+----------------+-------+-----------------------------------------------------------------------------------------------+
Note: In order to hide this table in the UI and the text report file, please set the "Show Parameter Settings in Synthesis Report" option in "Analysis and Synthesis Settings -> More Settings" to "Off".


+------------------------------------------------------------------------------------------------------------------------+
; Parameter Settings for User Entity Instance: processingElement:gen_left[1].u_pe_left|regChain:r1|regX:gen_reg[2].u_reg ;
+----------------+-------+-----------------------------------------------------------------------------------------------+
; Parameter Name ; Value ; Type                                                                                          ;
+----------------+-------+-----------------------------------------------------------------------------------------------+
; WIDTH          ; 32    ; Signed Integer                                                                                ;
+----------------+-------+-----------------------------------------------------------------------------------------------+
Note: In order to hide this table in the UI and the text report file, please set the "Show Parameter Settings in Synthesis Report" option in "Analysis and Synthesis Settings -> More Settings" to "Off".


+------------------------------------------------------------------------------------------------------------------------+
; Parameter Settings for User Entity Instance: processingElement:gen_left[1].u_pe_left|regChain:r1|regX:gen_reg[3].u_reg ;
+----------------+-------+-----------------------------------------------------------------------------------------------+
; Parameter Name ; Value ; Type                                                                                          ;
+----------------+-------+-----------------------------------------------------------------------------------------------+
; WIDTH          ; 32    ; Signed Integer                                                                                ;
+----------------+-------+-----------------------------------------------------------------------------------------------+
Note: In order to hide this table in the UI and the text report file, please set the "Show Parameter Settings in Synthesis Report" option in "Analysis and Synthesis Settings -> More Settings" to "Off".


+------------------------------------------------------------------------------------------------------------------------+
; Parameter Settings for User Entity Instance: processingElement:gen_left[1].u_pe_left|regChain:r1|regX:gen_reg[4].u_reg ;
+----------------+-------+-----------------------------------------------------------------------------------------------+
; Parameter Name ; Value ; Type                                                                                          ;
+----------------+-------+-----------------------------------------------------------------------------------------------+
; WIDTH          ; 32    ; Signed Integer                                                                                ;
+----------------+-------+-----------------------------------------------------------------------------------------------+
Note: In order to hide this table in the UI and the text report file, please set the "Show Parameter Settings in Synthesis Report" option in "Analysis and Synthesis Settings -> More Settings" to "Off".


+--------------------------------------------------------------------------------------------------+
; Parameter Settings for User Entity Instance: processingElement:gen_left[1].u_pe_left|andMux:and1 ;
+----------------+-------+-------------------------------------------------------------------------+
; Parameter Name ; Value ; Type                                                                    ;
+----------------+-------+-------------------------------------------------------------------------+
; WIDTH          ; 32    ; Signed Integer                                                          ;
+----------------+-------+-------------------------------------------------------------------------+
Note: In order to hide this table in the UI and the text report file, please set the "Show Parameter Settings in Synthesis Report" option in "Analysis and Synthesis Settings -> More Settings" to "Off".


+------------------------------------------------------------------------------------------------+
; Parameter Settings for User Entity Instance: processingElement:gen_left[1].u_pe_left|orMux:or1 ;
+----------------+-------+-----------------------------------------------------------------------+
; Parameter Name ; Value ; Type                                                                  ;
+----------------+-------+-----------------------------------------------------------------------+
; WIDTH          ; 32    ; Signed Integer                                                        ;
+----------------+-------+-----------------------------------------------------------------------+
Note: In order to hide this table in the UI and the text report file, please set the "Show Parameter Settings in Synthesis Report" option in "Analysis and Synthesis Settings -> More Settings" to "Off".


+------------------------------------------------------------------------------------------------+
; Parameter Settings for User Entity Instance: processingElement:gen_left[1].u_pe_left|regX:r2_1 ;
+----------------+-------+-----------------------------------------------------------------------+
; Parameter Name ; Value ; Type                                                                  ;
+----------------+-------+-----------------------------------------------------------------------+
; WIDTH          ; 32    ; Signed Integer                                                        ;
+----------------+-------+-----------------------------------------------------------------------+
Note: In order to hide this table in the UI and the text report file, please set the "Show Parameter Settings in Synthesis Report" option in "Analysis and Synthesis Settings -> More Settings" to "Off".


+--------------------------------------------------------------------------------------------------+
; Parameter Settings for User Entity Instance: processingElement:gen_left[1].u_pe_left|regChain:r2 ;
+----------------+-------+-------------------------------------------------------------------------+
; Parameter Name ; Value ; Type                                                                    ;
+----------------+-------+-------------------------------------------------------------------------+
; WIDTH          ; 32    ; Signed Integer                                                          ;
; N              ; 3     ; Signed Integer                                                          ;
+----------------+-------+-------------------------------------------------------------------------+
Note: In order to hide this table in the UI and the text report file, please set the "Show Parameter Settings in Synthesis Report" option in "Analysis and Synthesis Settings -> More Settings" to "Off".


+------------------------------------------------------------------------------------------------------------------------+
; Parameter Settings for User Entity Instance: processingElement:gen_left[1].u_pe_left|regChain:r2|regX:gen_reg[0].u_reg ;
+----------------+-------+-----------------------------------------------------------------------------------------------+
; Parameter Name ; Value ; Type                                                                                          ;
+----------------+-------+-----------------------------------------------------------------------------------------------+
; WIDTH          ; 32    ; Signed Integer                                                                                ;
+----------------+-------+-----------------------------------------------------------------------------------------------+
Note: In order to hide this table in the UI and the text report file, please set the "Show Parameter Settings in Synthesis Report" option in "Analysis and Synthesis Settings -> More Settings" to "Off".


+------------------------------------------------------------------------------------------------------------------------+
; Parameter Settings for User Entity Instance: processingElement:gen_left[1].u_pe_left|regChain:r2|regX:gen_reg[1].u_reg ;
+----------------+-------+-----------------------------------------------------------------------------------------------+
; Parameter Name ; Value ; Type                                                                                          ;
+----------------+-------+-----------------------------------------------------------------------------------------------+
; WIDTH          ; 32    ; Signed Integer                                                                                ;
+----------------+-------+-----------------------------------------------------------------------------------------------+
Note: In order to hide this table in the UI and the text report file, please set the "Show Parameter Settings in Synthesis Report" option in "Analysis and Synthesis Settings -> More Settings" to "Off".


+------------------------------------------------------------------------------------------------------------------------+
; Parameter Settings for User Entity Instance: processingElement:gen_left[1].u_pe_left|regChain:r2|regX:gen_reg[2].u_reg ;
+----------------+-------+-----------------------------------------------------------------------------------------------+
; Parameter Name ; Value ; Type                                                                                          ;
+----------------+-------+-----------------------------------------------------------------------------------------------+
; WIDTH          ; 32    ; Signed Integer                                                                                ;
+----------------+-------+-----------------------------------------------------------------------------------------------+
Note: In order to hide this table in the UI and the text report file, please set the "Show Parameter Settings in Synthesis Report" option in "Analysis and Synthesis Settings -> More Settings" to "Off".


+--------------------------------------------------------------------------------------------------+
; Parameter Settings for User Entity Instance: processingElement:gen_left[1].u_pe_left|andMux:and2 ;
+----------------+-------+-------------------------------------------------------------------------+
; Parameter Name ; Value ; Type                                                                    ;
+----------------+-------+-------------------------------------------------------------------------+
; WIDTH          ; 32    ; Signed Integer                                                          ;
+----------------+-------+-------------------------------------------------------------------------+
Note: In order to hide this table in the UI and the text report file, please set the "Show Parameter Settings in Synthesis Report" option in "Analysis and Synthesis Settings -> More Settings" to "Off".


+---------------------------------------------------------------------------------------------------+
; Parameter Settings for User Entity Instance: processingElement:gen_left[1].u_pe_left|regChain:r34 ;
+----------------+-------+--------------------------------------------------------------------------+
; Parameter Name ; Value ; Type                                                                     ;
+----------------+-------+--------------------------------------------------------------------------+
; WIDTH          ; 32    ; Signed Integer                                                           ;
; N              ; 2     ; Signed Integer                                                           ;
+----------------+-------+--------------------------------------------------------------------------+
Note: In order to hide this table in the UI and the text report file, please set the "Show Parameter Settings in Synthesis Report" option in "Analysis and Synthesis Settings -> More Settings" to "Off".


+-------------------------------------------------------------------------------------------------------------------------+
; Parameter Settings for User Entity Instance: processingElement:gen_left[1].u_pe_left|regChain:r34|regX:gen_reg[0].u_reg ;
+----------------+-------+------------------------------------------------------------------------------------------------+
; Parameter Name ; Value ; Type                                                                                           ;
+----------------+-------+------------------------------------------------------------------------------------------------+
; WIDTH          ; 32    ; Signed Integer                                                                                 ;
+----------------+-------+------------------------------------------------------------------------------------------------+
Note: In order to hide this table in the UI and the text report file, please set the "Show Parameter Settings in Synthesis Report" option in "Analysis and Synthesis Settings -> More Settings" to "Off".


+-------------------------------------------------------------------------------------------------------------------------+
; Parameter Settings for User Entity Instance: processingElement:gen_left[1].u_pe_left|regChain:r34|regX:gen_reg[1].u_reg ;
+----------------+-------+------------------------------------------------------------------------------------------------+
; Parameter Name ; Value ; Type                                                                                           ;
+----------------+-------+------------------------------------------------------------------------------------------------+
; WIDTH          ; 32    ; Signed Integer                                                                                 ;
+----------------+-------+------------------------------------------------------------------------------------------------+
Note: In order to hide this table in the UI and the text report file, please set the "Show Parameter Settings in Synthesis Report" option in "Analysis and Synthesis Settings -> More Settings" to "Off".


+---------------------------------------------------------------------------------------------------+
; Parameter Settings for User Entity Instance: processingElement:gen_left[1].u_pe_left|regEnable:r5 ;
+----------------+-------+--------------------------------------------------------------------------+
; Parameter Name ; Value ; Type                                                                     ;
+----------------+-------+--------------------------------------------------------------------------+
; WIDTH          ; 32    ; Signed Integer                                                           ;
+----------------+-------+--------------------------------------------------------------------------+
Note: In order to hide this table in the UI and the text report file, please set the "Show Parameter Settings in Synthesis Report" option in "Analysis and Synthesis Settings -> More Settings" to "Off".


+----------------------------------------------------------------------------------------------+
; Parameter Settings for User Entity Instance: processingElement:gen_left[1].u_pe_left|mult:m1 ;
+----------------+-------+---------------------------------------------------------------------+
; Parameter Name ; Value ; Type                                                                ;
+----------------+-------+---------------------------------------------------------------------+
; WIDTH          ; 32    ; Signed Integer                                                      ;
; MODE           ; 0     ; Signed Integer                                                      ;
+----------------+-------+---------------------------------------------------------------------+
Note: In order to hide this table in the UI and the text report file, please set the "Show Parameter Settings in Synthesis Report" option in "Analysis and Synthesis Settings -> More Settings" to "Off".


+------------------------------------------------------------------------------------------------+
; Parameter Settings for User Entity Instance: processingElement:gen_left[1].u_pe_left|regAcc:r6 ;
+----------------+-------+-----------------------------------------------------------------------+
; Parameter Name ; Value ; Type                                                                  ;
+----------------+-------+-----------------------------------------------------------------------+
; WIDTH          ; 32    ; Signed Integer                                                        ;
; N              ; 4     ; Signed Integer                                                        ;
; ACC_WIDTH      ; 66    ; Signed Integer                                                        ;
+----------------+-------+-----------------------------------------------------------------------+
Note: In order to hide this table in the UI and the text report file, please set the "Show Parameter Settings in Synthesis Report" option in "Analysis and Synthesis Settings -> More Settings" to "Off".


+------------------------------------------------------------------------------------------------+
; Parameter Settings for User Entity Instance: processingElement:gen_left[1].u_pe_left|sumAcc:s1 ;
+----------------+-------+-----------------------------------------------------------------------+
; Parameter Name ; Value ; Type                                                                  ;
+----------------+-------+-----------------------------------------------------------------------+
; WIDTH          ; 32    ; Signed Integer                                                        ;
; N              ; 4     ; Signed Integer                                                        ;
; ACC_WIDTH      ; 66    ; Signed Integer                                                        ;
; MODE           ; 0     ; Signed Integer                                                        ;
+----------------+-------+-----------------------------------------------------------------------+
Note: In order to hide this table in the UI and the text report file, please set the "Show Parameter Settings in Synthesis Report" option in "Analysis and Synthesis Settings -> More Settings" to "Off".


+----------------------------------------------------------------------------------------+
; Parameter Settings for User Entity Instance: processingElement:gen_right[2].u_pe_right ;
+----------------+-------+---------------------------------------------------------------+
; Parameter Name ; Value ; Type                                                          ;
+----------------+-------+---------------------------------------------------------------+
; WIDTH          ; 32    ; Signed Integer                                                ;
; N              ; 4     ; Signed Integer                                                ;
; ACC_WIDTH      ; 66    ; Signed Integer                                                ;
; MODE           ; 0     ; Signed Integer                                                ;
; ID             ; 2     ; Signed Integer                                                ;
+----------------+-------+---------------------------------------------------------------+
Note: In order to hide this table in the UI and the text report file, please set the "Show Parameter Settings in Synthesis Report" option in "Analysis and Synthesis Settings -> More Settings" to "Off".


+----------------------------------------------------------------------------------------------------+
; Parameter Settings for User Entity Instance: processingElement:gen_right[2].u_pe_right|regChain:r1 ;
+----------------+-------+---------------------------------------------------------------------------+
; Parameter Name ; Value ; Type                                                                      ;
+----------------+-------+---------------------------------------------------------------------------+
; WIDTH          ; 32    ; Signed Integer                                                            ;
; N              ; 3     ; Signed Integer                                                            ;
+----------------+-------+---------------------------------------------------------------------------+
Note: In order to hide this table in the UI and the text report file, please set the "Show Parameter Settings in Synthesis Report" option in "Analysis and Synthesis Settings -> More Settings" to "Off".


+--------------------------------------------------------------------------------------------------------------------------+
; Parameter Settings for User Entity Instance: processingElement:gen_right[2].u_pe_right|regChain:r1|regX:gen_reg[0].u_reg ;
+----------------+-------+-------------------------------------------------------------------------------------------------+
; Parameter Name ; Value ; Type                                                                                            ;
+----------------+-------+-------------------------------------------------------------------------------------------------+
; WIDTH          ; 32    ; Signed Integer                                                                                  ;
+----------------+-------+-------------------------------------------------------------------------------------------------+
Note: In order to hide this table in the UI and the text report file, please set the "Show Parameter Settings in Synthesis Report" option in "Analysis and Synthesis Settings -> More Settings" to "Off".


+--------------------------------------------------------------------------------------------------------------------------+
; Parameter Settings for User Entity Instance: processingElement:gen_right[2].u_pe_right|regChain:r1|regX:gen_reg[1].u_reg ;
+----------------+-------+-------------------------------------------------------------------------------------------------+
; Parameter Name ; Value ; Type                                                                                            ;
+----------------+-------+-------------------------------------------------------------------------------------------------+
; WIDTH          ; 32    ; Signed Integer                                                                                  ;
+----------------+-------+-------------------------------------------------------------------------------------------------+
Note: In order to hide this table in the UI and the text report file, please set the "Show Parameter Settings in Synthesis Report" option in "Analysis and Synthesis Settings -> More Settings" to "Off".


+--------------------------------------------------------------------------------------------------------------------------+
; Parameter Settings for User Entity Instance: processingElement:gen_right[2].u_pe_right|regChain:r1|regX:gen_reg[2].u_reg ;
+----------------+-------+-------------------------------------------------------------------------------------------------+
; Parameter Name ; Value ; Type                                                                                            ;
+----------------+-------+-------------------------------------------------------------------------------------------------+
; WIDTH          ; 32    ; Signed Integer                                                                                  ;
+----------------+-------+-------------------------------------------------------------------------------------------------+
Note: In order to hide this table in the UI and the text report file, please set the "Show Parameter Settings in Synthesis Report" option in "Analysis and Synthesis Settings -> More Settings" to "Off".


+----------------------------------------------------------------------------------------------------+
; Parameter Settings for User Entity Instance: processingElement:gen_right[2].u_pe_right|andMux:and1 ;
+----------------+-------+---------------------------------------------------------------------------+
; Parameter Name ; Value ; Type                                                                      ;
+----------------+-------+---------------------------------------------------------------------------+
; WIDTH          ; 32    ; Signed Integer                                                            ;
+----------------+-------+---------------------------------------------------------------------------+
Note: In order to hide this table in the UI and the text report file, please set the "Show Parameter Settings in Synthesis Report" option in "Analysis and Synthesis Settings -> More Settings" to "Off".


+--------------------------------------------------------------------------------------------------+
; Parameter Settings for User Entity Instance: processingElement:gen_right[2].u_pe_right|orMux:or1 ;
+----------------+-------+-------------------------------------------------------------------------+
; Parameter Name ; Value ; Type                                                                    ;
+----------------+-------+-------------------------------------------------------------------------+
; WIDTH          ; 32    ; Signed Integer                                                          ;
+----------------+-------+-------------------------------------------------------------------------+
Note: In order to hide this table in the UI and the text report file, please set the "Show Parameter Settings in Synthesis Report" option in "Analysis and Synthesis Settings -> More Settings" to "Off".


+--------------------------------------------------------------------------------------------------+
; Parameter Settings for User Entity Instance: processingElement:gen_right[2].u_pe_right|regX:r2_1 ;
+----------------+-------+-------------------------------------------------------------------------+
; Parameter Name ; Value ; Type                                                                    ;
+----------------+-------+-------------------------------------------------------------------------+
; WIDTH          ; 32    ; Signed Integer                                                          ;
+----------------+-------+-------------------------------------------------------------------------+
Note: In order to hide this table in the UI and the text report file, please set the "Show Parameter Settings in Synthesis Report" option in "Analysis and Synthesis Settings -> More Settings" to "Off".


+----------------------------------------------------------------------------------------------------+
; Parameter Settings for User Entity Instance: processingElement:gen_right[2].u_pe_right|regChain:r2 ;
+----------------+-------+---------------------------------------------------------------------------+
; Parameter Name ; Value ; Type                                                                      ;
+----------------+-------+---------------------------------------------------------------------------+
; WIDTH          ; 32    ; Signed Integer                                                            ;
; N              ; 3     ; Signed Integer                                                            ;
+----------------+-------+---------------------------------------------------------------------------+
Note: In order to hide this table in the UI and the text report file, please set the "Show Parameter Settings in Synthesis Report" option in "Analysis and Synthesis Settings -> More Settings" to "Off".


+--------------------------------------------------------------------------------------------------------------------------+
; Parameter Settings for User Entity Instance: processingElement:gen_right[2].u_pe_right|regChain:r2|regX:gen_reg[0].u_reg ;
+----------------+-------+-------------------------------------------------------------------------------------------------+
; Parameter Name ; Value ; Type                                                                                            ;
+----------------+-------+-------------------------------------------------------------------------------------------------+
; WIDTH          ; 32    ; Signed Integer                                                                                  ;
+----------------+-------+-------------------------------------------------------------------------------------------------+
Note: In order to hide this table in the UI and the text report file, please set the "Show Parameter Settings in Synthesis Report" option in "Analysis and Synthesis Settings -> More Settings" to "Off".


+--------------------------------------------------------------------------------------------------------------------------+
; Parameter Settings for User Entity Instance: processingElement:gen_right[2].u_pe_right|regChain:r2|regX:gen_reg[1].u_reg ;
+----------------+-------+-------------------------------------------------------------------------------------------------+
; Parameter Name ; Value ; Type                                                                                            ;
+----------------+-------+-------------------------------------------------------------------------------------------------+
; WIDTH          ; 32    ; Signed Integer                                                                                  ;
+----------------+-------+-------------------------------------------------------------------------------------------------+
Note: In order to hide this table in the UI and the text report file, please set the "Show Parameter Settings in Synthesis Report" option in "Analysis and Synthesis Settings -> More Settings" to "Off".


+--------------------------------------------------------------------------------------------------------------------------+
; Parameter Settings for User Entity Instance: processingElement:gen_right[2].u_pe_right|regChain:r2|regX:gen_reg[2].u_reg ;
+----------------+-------+-------------------------------------------------------------------------------------------------+
; Parameter Name ; Value ; Type                                                                                            ;
+----------------+-------+-------------------------------------------------------------------------------------------------+
; WIDTH          ; 32    ; Signed Integer                                                                                  ;
+----------------+-------+-------------------------------------------------------------------------------------------------+
Note: In order to hide this table in the UI and the text report file, please set the "Show Parameter Settings in Synthesis Report" option in "Analysis and Synthesis Settings -> More Settings" to "Off".


+----------------------------------------------------------------------------------------------------+
; Parameter Settings for User Entity Instance: processingElement:gen_right[2].u_pe_right|andMux:and2 ;
+----------------+-------+---------------------------------------------------------------------------+
; Parameter Name ; Value ; Type                                                                      ;
+----------------+-------+---------------------------------------------------------------------------+
; WIDTH          ; 32    ; Signed Integer                                                            ;
+----------------+-------+---------------------------------------------------------------------------+
Note: In order to hide this table in the UI and the text report file, please set the "Show Parameter Settings in Synthesis Report" option in "Analysis and Synthesis Settings -> More Settings" to "Off".


+-----------------------------------------------------------------------------------------------------+
; Parameter Settings for User Entity Instance: processingElement:gen_right[2].u_pe_right|regChain:r34 ;
+----------------+-------+----------------------------------------------------------------------------+
; Parameter Name ; Value ; Type                                                                       ;
+----------------+-------+----------------------------------------------------------------------------+
; WIDTH          ; 32    ; Signed Integer                                                             ;
; N              ; 2     ; Signed Integer                                                             ;
+----------------+-------+----------------------------------------------------------------------------+
Note: In order to hide this table in the UI and the text report file, please set the "Show Parameter Settings in Synthesis Report" option in "Analysis and Synthesis Settings -> More Settings" to "Off".


+---------------------------------------------------------------------------------------------------------------------------+
; Parameter Settings for User Entity Instance: processingElement:gen_right[2].u_pe_right|regChain:r34|regX:gen_reg[0].u_reg ;
+----------------+-------+--------------------------------------------------------------------------------------------------+
; Parameter Name ; Value ; Type                                                                                             ;
+----------------+-------+--------------------------------------------------------------------------------------------------+
; WIDTH          ; 32    ; Signed Integer                                                                                   ;
+----------------+-------+--------------------------------------------------------------------------------------------------+
Note: In order to hide this table in the UI and the text report file, please set the "Show Parameter Settings in Synthesis Report" option in "Analysis and Synthesis Settings -> More Settings" to "Off".


+---------------------------------------------------------------------------------------------------------------------------+
; Parameter Settings for User Entity Instance: processingElement:gen_right[2].u_pe_right|regChain:r34|regX:gen_reg[1].u_reg ;
+----------------+-------+--------------------------------------------------------------------------------------------------+
; Parameter Name ; Value ; Type                                                                                             ;
+----------------+-------+--------------------------------------------------------------------------------------------------+
; WIDTH          ; 32    ; Signed Integer                                                                                   ;
+----------------+-------+--------------------------------------------------------------------------------------------------+
Note: In order to hide this table in the UI and the text report file, please set the "Show Parameter Settings in Synthesis Report" option in "Analysis and Synthesis Settings -> More Settings" to "Off".


+-----------------------------------------------------------------------------------------------------+
; Parameter Settings for User Entity Instance: processingElement:gen_right[2].u_pe_right|regEnable:r5 ;
+----------------+-------+----------------------------------------------------------------------------+
; Parameter Name ; Value ; Type                                                                       ;
+----------------+-------+----------------------------------------------------------------------------+
; WIDTH          ; 32    ; Signed Integer                                                             ;
+----------------+-------+----------------------------------------------------------------------------+
Note: In order to hide this table in the UI and the text report file, please set the "Show Parameter Settings in Synthesis Report" option in "Analysis and Synthesis Settings -> More Settings" to "Off".


+------------------------------------------------------------------------------------------------+
; Parameter Settings for User Entity Instance: processingElement:gen_right[2].u_pe_right|mult:m1 ;
+----------------+-------+-----------------------------------------------------------------------+
; Parameter Name ; Value ; Type                                                                  ;
+----------------+-------+-----------------------------------------------------------------------+
; WIDTH          ; 32    ; Signed Integer                                                        ;
; MODE           ; 0     ; Signed Integer                                                        ;
+----------------+-------+-----------------------------------------------------------------------+
Note: In order to hide this table in the UI and the text report file, please set the "Show Parameter Settings in Synthesis Report" option in "Analysis and Synthesis Settings -> More Settings" to "Off".


+--------------------------------------------------------------------------------------------------+
; Parameter Settings for User Entity Instance: processingElement:gen_right[2].u_pe_right|regAcc:r6 ;
+----------------+-------+-------------------------------------------------------------------------+
; Parameter Name ; Value ; Type                                                                    ;
+----------------+-------+-------------------------------------------------------------------------+
; WIDTH          ; 32    ; Signed Integer                                                          ;
; N              ; 4     ; Signed Integer                                                          ;
; ACC_WIDTH      ; 66    ; Signed Integer                                                          ;
+----------------+-------+-------------------------------------------------------------------------+
Note: In order to hide this table in the UI and the text report file, please set the "Show Parameter Settings in Synthesis Report" option in "Analysis and Synthesis Settings -> More Settings" to "Off".


+--------------------------------------------------------------------------------------------------+
; Parameter Settings for User Entity Instance: processingElement:gen_right[2].u_pe_right|sumAcc:s1 ;
+----------------+-------+-------------------------------------------------------------------------+
; Parameter Name ; Value ; Type                                                                    ;
+----------------+-------+-------------------------------------------------------------------------+
; WIDTH          ; 32    ; Signed Integer                                                          ;
; N              ; 4     ; Signed Integer                                                          ;
; ACC_WIDTH      ; 66    ; Signed Integer                                                          ;
; MODE           ; 0     ; Signed Integer                                                          ;
+----------------+-------+-------------------------------------------------------------------------+
Note: In order to hide this table in the UI and the text report file, please set the "Show Parameter Settings in Synthesis Report" option in "Analysis and Synthesis Settings -> More Settings" to "Off".


+----------------------------------------------------------------------------------------+
; Parameter Settings for User Entity Instance: processingElement:gen_right[3].u_pe_right ;
+----------------+-------+---------------------------------------------------------------+
; Parameter Name ; Value ; Type                                                          ;
+----------------+-------+---------------------------------------------------------------+
; WIDTH          ; 32    ; Signed Integer                                                ;
; N              ; 4     ; Signed Integer                                                ;
; ACC_WIDTH      ; 66    ; Signed Integer                                                ;
; MODE           ; 0     ; Signed Integer                                                ;
; ID             ; 3     ; Signed Integer                                                ;
+----------------+-------+---------------------------------------------------------------+
Note: In order to hide this table in the UI and the text report file, please set the "Show Parameter Settings in Synthesis Report" option in "Analysis and Synthesis Settings -> More Settings" to "Off".


+----------------------------------------------------------------------------------------------------+
; Parameter Settings for User Entity Instance: processingElement:gen_right[3].u_pe_right|regChain:r1 ;
+----------------+-------+---------------------------------------------------------------------------+
; Parameter Name ; Value ; Type                                                                      ;
+----------------+-------+---------------------------------------------------------------------------+
; WIDTH          ; 32    ; Signed Integer                                                            ;
; N              ; 3     ; Signed Integer                                                            ;
+----------------+-------+---------------------------------------------------------------------------+
Note: In order to hide this table in the UI and the text report file, please set the "Show Parameter Settings in Synthesis Report" option in "Analysis and Synthesis Settings -> More Settings" to "Off".


+--------------------------------------------------------------------------------------------------------------------------+
; Parameter Settings for User Entity Instance: processingElement:gen_right[3].u_pe_right|regChain:r1|regX:gen_reg[0].u_reg ;
+----------------+-------+-------------------------------------------------------------------------------------------------+
; Parameter Name ; Value ; Type                                                                                            ;
+----------------+-------+-------------------------------------------------------------------------------------------------+
; WIDTH          ; 32    ; Signed Integer                                                                                  ;
+----------------+-------+-------------------------------------------------------------------------------------------------+
Note: In order to hide this table in the UI and the text report file, please set the "Show Parameter Settings in Synthesis Report" option in "Analysis and Synthesis Settings -> More Settings" to "Off".


+--------------------------------------------------------------------------------------------------------------------------+
; Parameter Settings for User Entity Instance: processingElement:gen_right[3].u_pe_right|regChain:r1|regX:gen_reg[1].u_reg ;
+----------------+-------+-------------------------------------------------------------------------------------------------+
; Parameter Name ; Value ; Type                                                                                            ;
+----------------+-------+-------------------------------------------------------------------------------------------------+
; WIDTH          ; 32    ; Signed Integer                                                                                  ;
+----------------+-------+-------------------------------------------------------------------------------------------------+
Note: In order to hide this table in the UI and the text report file, please set the "Show Parameter Settings in Synthesis Report" option in "Analysis and Synthesis Settings -> More Settings" to "Off".


+--------------------------------------------------------------------------------------------------------------------------+
; Parameter Settings for User Entity Instance: processingElement:gen_right[3].u_pe_right|regChain:r1|regX:gen_reg[2].u_reg ;
+----------------+-------+-------------------------------------------------------------------------------------------------+
; Parameter Name ; Value ; Type                                                                                            ;
+----------------+-------+-------------------------------------------------------------------------------------------------+
; WIDTH          ; 32    ; Signed Integer                                                                                  ;
+----------------+-------+-------------------------------------------------------------------------------------------------+
Note: In order to hide this table in the UI and the text report file, please set the "Show Parameter Settings in Synthesis Report" option in "Analysis and Synthesis Settings -> More Settings" to "Off".


+----------------------------------------------------------------------------------------------------+
; Parameter Settings for User Entity Instance: processingElement:gen_right[3].u_pe_right|andMux:and1 ;
+----------------+-------+---------------------------------------------------------------------------+
; Parameter Name ; Value ; Type                                                                      ;
+----------------+-------+---------------------------------------------------------------------------+
; WIDTH          ; 32    ; Signed Integer                                                            ;
+----------------+-------+---------------------------------------------------------------------------+
Note: In order to hide this table in the UI and the text report file, please set the "Show Parameter Settings in Synthesis Report" option in "Analysis and Synthesis Settings -> More Settings" to "Off".


+--------------------------------------------------------------------------------------------------+
; Parameter Settings for User Entity Instance: processingElement:gen_right[3].u_pe_right|orMux:or1 ;
+----------------+-------+-------------------------------------------------------------------------+
; Parameter Name ; Value ; Type                                                                    ;
+----------------+-------+-------------------------------------------------------------------------+
; WIDTH          ; 32    ; Signed Integer                                                          ;
+----------------+-------+-------------------------------------------------------------------------+
Note: In order to hide this table in the UI and the text report file, please set the "Show Parameter Settings in Synthesis Report" option in "Analysis and Synthesis Settings -> More Settings" to "Off".


+--------------------------------------------------------------------------------------------------+
; Parameter Settings for User Entity Instance: processingElement:gen_right[3].u_pe_right|regX:r2_1 ;
+----------------+-------+-------------------------------------------------------------------------+
; Parameter Name ; Value ; Type                                                                    ;
+----------------+-------+-------------------------------------------------------------------------+
; WIDTH          ; 32    ; Signed Integer                                                          ;
+----------------+-------+-------------------------------------------------------------------------+
Note: In order to hide this table in the UI and the text report file, please set the "Show Parameter Settings in Synthesis Report" option in "Analysis and Synthesis Settings -> More Settings" to "Off".


+----------------------------------------------------------------------------------------------------+
; Parameter Settings for User Entity Instance: processingElement:gen_right[3].u_pe_right|regChain:r2 ;
+----------------+-------+---------------------------------------------------------------------------+
; Parameter Name ; Value ; Type                                                                      ;
+----------------+-------+---------------------------------------------------------------------------+
; WIDTH          ; 32    ; Signed Integer                                                            ;
; N              ; 3     ; Signed Integer                                                            ;
+----------------+-------+---------------------------------------------------------------------------+
Note: In order to hide this table in the UI and the text report file, please set the "Show Parameter Settings in Synthesis Report" option in "Analysis and Synthesis Settings -> More Settings" to "Off".


+--------------------------------------------------------------------------------------------------------------------------+
; Parameter Settings for User Entity Instance: processingElement:gen_right[3].u_pe_right|regChain:r2|regX:gen_reg[0].u_reg ;
+----------------+-------+-------------------------------------------------------------------------------------------------+
; Parameter Name ; Value ; Type                                                                                            ;
+----------------+-------+-------------------------------------------------------------------------------------------------+
; WIDTH          ; 32    ; Signed Integer                                                                                  ;
+----------------+-------+-------------------------------------------------------------------------------------------------+
Note: In order to hide this table in the UI and the text report file, please set the "Show Parameter Settings in Synthesis Report" option in "Analysis and Synthesis Settings -> More Settings" to "Off".


+--------------------------------------------------------------------------------------------------------------------------+
; Parameter Settings for User Entity Instance: processingElement:gen_right[3].u_pe_right|regChain:r2|regX:gen_reg[1].u_reg ;
+----------------+-------+-------------------------------------------------------------------------------------------------+
; Parameter Name ; Value ; Type                                                                                            ;
+----------------+-------+-------------------------------------------------------------------------------------------------+
; WIDTH          ; 32    ; Signed Integer                                                                                  ;
+----------------+-------+-------------------------------------------------------------------------------------------------+
Note: In order to hide this table in the UI and the text report file, please set the "Show Parameter Settings in Synthesis Report" option in "Analysis and Synthesis Settings -> More Settings" to "Off".


+--------------------------------------------------------------------------------------------------------------------------+
; Parameter Settings for User Entity Instance: processingElement:gen_right[3].u_pe_right|regChain:r2|regX:gen_reg[2].u_reg ;
+----------------+-------+-------------------------------------------------------------------------------------------------+
; Parameter Name ; Value ; Type                                                                                            ;
+----------------+-------+-------------------------------------------------------------------------------------------------+
; WIDTH          ; 32    ; Signed Integer                                                                                  ;
+----------------+-------+-------------------------------------------------------------------------------------------------+
Note: In order to hide this table in the UI and the text report file, please set the "Show Parameter Settings in Synthesis Report" option in "Analysis and Synthesis Settings -> More Settings" to "Off".


+----------------------------------------------------------------------------------------------------+
; Parameter Settings for User Entity Instance: processingElement:gen_right[3].u_pe_right|andMux:and2 ;
+----------------+-------+---------------------------------------------------------------------------+
; Parameter Name ; Value ; Type                                                                      ;
+----------------+-------+---------------------------------------------------------------------------+
; WIDTH          ; 32    ; Signed Integer                                                            ;
+----------------+-------+---------------------------------------------------------------------------+
Note: In order to hide this table in the UI and the text report file, please set the "Show Parameter Settings in Synthesis Report" option in "Analysis and Synthesis Settings -> More Settings" to "Off".


+-----------------------------------------------------------------------------------------------------+
; Parameter Settings for User Entity Instance: processingElement:gen_right[3].u_pe_right|regChain:r34 ;
+----------------+-------+----------------------------------------------------------------------------+
; Parameter Name ; Value ; Type                                                                       ;
+----------------+-------+----------------------------------------------------------------------------+
; WIDTH          ; 32    ; Signed Integer                                                             ;
; N              ; 2     ; Signed Integer                                                             ;
+----------------+-------+----------------------------------------------------------------------------+
Note: In order to hide this table in the UI and the text report file, please set the "Show Parameter Settings in Synthesis Report" option in "Analysis and Synthesis Settings -> More Settings" to "Off".


+---------------------------------------------------------------------------------------------------------------------------+
; Parameter Settings for User Entity Instance: processingElement:gen_right[3].u_pe_right|regChain:r34|regX:gen_reg[0].u_reg ;
+----------------+-------+--------------------------------------------------------------------------------------------------+
; Parameter Name ; Value ; Type                                                                                             ;
+----------------+-------+--------------------------------------------------------------------------------------------------+
; WIDTH          ; 32    ; Signed Integer                                                                                   ;
+----------------+-------+--------------------------------------------------------------------------------------------------+
Note: In order to hide this table in the UI and the text report file, please set the "Show Parameter Settings in Synthesis Report" option in "Analysis and Synthesis Settings -> More Settings" to "Off".


+---------------------------------------------------------------------------------------------------------------------------+
; Parameter Settings for User Entity Instance: processingElement:gen_right[3].u_pe_right|regChain:r34|regX:gen_reg[1].u_reg ;
+----------------+-------+--------------------------------------------------------------------------------------------------+
; Parameter Name ; Value ; Type                                                                                             ;
+----------------+-------+--------------------------------------------------------------------------------------------------+
; WIDTH          ; 32    ; Signed Integer                                                                                   ;
+----------------+-------+--------------------------------------------------------------------------------------------------+
Note: In order to hide this table in the UI and the text report file, please set the "Show Parameter Settings in Synthesis Report" option in "Analysis and Synthesis Settings -> More Settings" to "Off".


+-----------------------------------------------------------------------------------------------------+
; Parameter Settings for User Entity Instance: processingElement:gen_right[3].u_pe_right|regEnable:r5 ;
+----------------+-------+----------------------------------------------------------------------------+
; Parameter Name ; Value ; Type                                                                       ;
+----------------+-------+----------------------------------------------------------------------------+
; WIDTH          ; 32    ; Signed Integer                                                             ;
+----------------+-------+----------------------------------------------------------------------------+
Note: In order to hide this table in the UI and the text report file, please set the "Show Parameter Settings in Synthesis Report" option in "Analysis and Synthesis Settings -> More Settings" to "Off".


+------------------------------------------------------------------------------------------------+
; Parameter Settings for User Entity Instance: processingElement:gen_right[3].u_pe_right|mult:m1 ;
+----------------+-------+-----------------------------------------------------------------------+
; Parameter Name ; Value ; Type                                                                  ;
+----------------+-------+-----------------------------------------------------------------------+
; WIDTH          ; 32    ; Signed Integer                                                        ;
; MODE           ; 0     ; Signed Integer                                                        ;
+----------------+-------+-----------------------------------------------------------------------+
Note: In order to hide this table in the UI and the text report file, please set the "Show Parameter Settings in Synthesis Report" option in "Analysis and Synthesis Settings -> More Settings" to "Off".


+--------------------------------------------------------------------------------------------------+
; Parameter Settings for User Entity Instance: processingElement:gen_right[3].u_pe_right|regAcc:r6 ;
+----------------+-------+-------------------------------------------------------------------------+
; Parameter Name ; Value ; Type                                                                    ;
+----------------+-------+-------------------------------------------------------------------------+
; WIDTH          ; 32    ; Signed Integer                                                          ;
; N              ; 4     ; Signed Integer                                                          ;
; ACC_WIDTH      ; 66    ; Signed Integer                                                          ;
+----------------+-------+-------------------------------------------------------------------------+
Note: In order to hide this table in the UI and the text report file, please set the "Show Parameter Settings in Synthesis Report" option in "Analysis and Synthesis Settings -> More Settings" to "Off".


+--------------------------------------------------------------------------------------------------+
; Parameter Settings for User Entity Instance: processingElement:gen_right[3].u_pe_right|sumAcc:s1 ;
+----------------+-------+-------------------------------------------------------------------------+
; Parameter Name ; Value ; Type                                                                    ;
+----------------+-------+-------------------------------------------------------------------------+
; WIDTH          ; 32    ; Signed Integer                                                          ;
; N              ; 4     ; Signed Integer                                                          ;
; ACC_WIDTH      ; 66    ; Signed Integer                                                          ;
; MODE           ; 0     ; Signed Integer                                                          ;
+----------------+-------+-------------------------------------------------------------------------+
Note: In order to hide this table in the UI and the text report file, please set the "Show Parameter Settings in Synthesis Report" option in "Analysis and Synthesis Settings -> More Settings" to "Off".


+------------------------------------------------------------------------------------------------------------------------------------------------------+
; Parameter Settings for Inferred Entity Instance: processingElement:gen_left[0].u_pe_left|regChain:r1|regX:gen_reg[1].u_reg|altshift_taps:q_out_rtl_0 ;
+----------------+----------------+--------------------------------------------------------------------------------------------------------------------+
; Parameter Name ; Value          ; Type                                                                                                               ;
+----------------+----------------+--------------------------------------------------------------------------------------------------------------------+
; WIDTH_BYTEENA  ; 1              ; Untyped                                                                                                            ;
; NUMBER_OF_TAPS ; 1              ; Untyped                                                                                                            ;
; TAP_DISTANCE   ; 4              ; Untyped                                                                                                            ;
; WIDTH          ; 32             ; Untyped                                                                                                            ;
; POWER_UP_STATE ; CLEARED        ; Untyped                                                                                                            ;
; CBXI_PARAMETER ; shift_taps_dkm ; Untyped                                                                                                            ;
+----------------+----------------+--------------------------------------------------------------------------------------------------------------------+
Note: In order to hide this table in the UI and the text report file, please set the "Show Parameter Settings in Synthesis Report" option in "Analysis and Synthesis Settings -> More Settings" to "Off".


+--------------------------------------------------------------------------------------------------------------------------------------------------------+
; Parameter Settings for Inferred Entity Instance: processingElement:gen_right[3].u_pe_right|regChain:r2|regX:gen_reg[0].u_reg|altshift_taps:q_out_rtl_0 ;
+----------------+----------------+----------------------------------------------------------------------------------------------------------------------+
; Parameter Name ; Value          ; Type                                                                                                                 ;
+----------------+----------------+----------------------------------------------------------------------------------------------------------------------+
; WIDTH_BYTEENA  ; 1              ; Untyped                                                                                                              ;
; NUMBER_OF_TAPS ; 1              ; Untyped                                                                                                              ;
; TAP_DISTANCE   ; 3              ; Untyped                                                                                                              ;
; WIDTH          ; 128            ; Untyped                                                                                                              ;
; POWER_UP_STATE ; CLEARED        ; Untyped                                                                                                              ;
; CBXI_PARAMETER ; shift_taps_2mm ; Untyped                                                                                                              ;
+----------------+----------------+----------------------------------------------------------------------------------------------------------------------+
Note: In order to hide this table in the UI and the text report file, please set the "Show Parameter Settings in Synthesis Report" option in "Analysis and Synthesis Settings -> More Settings" to "Off".


+-------------------------------------------------------------------------------------------------------------------+
; Parameter Settings for Inferred Entity Instance: processingElement:gen_right[3].u_pe_right|mult:m1|lpm_mult:Mult0 ;
+------------------------------------------------+--------------+---------------------------------------------------+
; Parameter Name                                 ; Value        ; Type                                              ;
+------------------------------------------------+--------------+---------------------------------------------------+
; AUTO_CARRY_CHAINS                              ; ON           ; AUTO_CARRY                                        ;
; IGNORE_CARRY_BUFFERS                           ; OFF          ; IGNORE_CARRY                                      ;
; AUTO_CASCADE_CHAINS                            ; ON           ; AUTO_CASCADE                                      ;
; IGNORE_CASCADE_BUFFERS                         ; OFF          ; IGNORE_CASCADE                                    ;
; LPM_WIDTHA                                     ; 32           ; Untyped                                           ;
; LPM_WIDTHB                                     ; 32           ; Untyped                                           ;
; LPM_WIDTHP                                     ; 64           ; Untyped                                           ;
; LPM_WIDTHR                                     ; 64           ; Untyped                                           ;
; LPM_WIDTHS                                     ; 1            ; Untyped                                           ;
; LPM_REPRESENTATION                             ; UNSIGNED     ; Untyped                                           ;
; LPM_PIPELINE                                   ; 0            ; Untyped                                           ;
; LATENCY                                        ; 0            ; Untyped                                           ;
; INPUT_A_IS_CONSTANT                            ; NO           ; Untyped                                           ;
; INPUT_B_IS_CONSTANT                            ; NO           ; Untyped                                           ;
; USE_EAB                                        ; OFF          ; Untyped                                           ;
; MAXIMIZE_SPEED                                 ; 5            ; Untyped                                           ;
; DEVICE_FAMILY                                  ; Cyclone IV E ; Untyped                                           ;
; CARRY_CHAIN                                    ; MANUAL       ; Untyped                                           ;
; APEX20K_TECHNOLOGY_MAPPER                      ; LUT          ; TECH_MAPPER_APEX20K                               ;
; DEDICATED_MULTIPLIER_CIRCUITRY                 ; AUTO         ; Untyped                                           ;
; DEDICATED_MULTIPLIER_MIN_INPUT_WIDTH_FOR_AUTO  ; 0            ; Untyped                                           ;
; DEDICATED_MULTIPLIER_MIN_OUTPUT_WIDTH_FOR_AUTO ; 0            ; Untyped                                           ;
; CBXI_PARAMETER                                 ; mult_7dt     ; Untyped                                           ;
; INPUT_A_FIXED_VALUE                            ; Bx           ; Untyped                                           ;
; INPUT_B_FIXED_VALUE                            ; Bx           ; Untyped                                           ;
; USE_AHDL_IMPLEMENTATION                        ; OFF          ; Untyped                                           ;
+------------------------------------------------+--------------+---------------------------------------------------+
Note: In order to hide this table in the UI and the text report file, please set the "Show Parameter Settings in Synthesis Report" option in "Analysis and Synthesis Settings -> More Settings" to "Off".


+-------------------------------------------------------------------------------------------------------------------+
; Parameter Settings for Inferred Entity Instance: processingElement:gen_right[2].u_pe_right|mult:m1|lpm_mult:Mult0 ;
+------------------------------------------------+--------------+---------------------------------------------------+
; Parameter Name                                 ; Value        ; Type                                              ;
+------------------------------------------------+--------------+---------------------------------------------------+
; AUTO_CARRY_CHAINS                              ; ON           ; AUTO_CARRY                                        ;
; IGNORE_CARRY_BUFFERS                           ; OFF          ; IGNORE_CARRY                                      ;
; AUTO_CASCADE_CHAINS                            ; ON           ; AUTO_CASCADE                                      ;
; IGNORE_CASCADE_BUFFERS                         ; OFF          ; IGNORE_CASCADE                                    ;
; LPM_WIDTHA                                     ; 32           ; Untyped                                           ;
; LPM_WIDTHB                                     ; 32           ; Untyped                                           ;
; LPM_WIDTHP                                     ; 64           ; Untyped                                           ;
; LPM_WIDTHR                                     ; 64           ; Untyped                                           ;
; LPM_WIDTHS                                     ; 1            ; Untyped                                           ;
; LPM_REPRESENTATION                             ; UNSIGNED     ; Untyped                                           ;
; LPM_PIPELINE                                   ; 0            ; Untyped                                           ;
; LATENCY                                        ; 0            ; Untyped                                           ;
; INPUT_A_IS_CONSTANT                            ; NO           ; Untyped                                           ;
; INPUT_B_IS_CONSTANT                            ; NO           ; Untyped                                           ;
; USE_EAB                                        ; OFF          ; Untyped                                           ;
; MAXIMIZE_SPEED                                 ; 5            ; Untyped                                           ;
; DEVICE_FAMILY                                  ; Cyclone IV E ; Untyped                                           ;
; CARRY_CHAIN                                    ; MANUAL       ; Untyped                                           ;
; APEX20K_TECHNOLOGY_MAPPER                      ; LUT          ; TECH_MAPPER_APEX20K                               ;
; DEDICATED_MULTIPLIER_CIRCUITRY                 ; AUTO         ; Untyped                                           ;
; DEDICATED_MULTIPLIER_MIN_INPUT_WIDTH_FOR_AUTO  ; 0            ; Untyped                                           ;
; DEDICATED_MULTIPLIER_MIN_OUTPUT_WIDTH_FOR_AUTO ; 0            ; Untyped                                           ;
; CBXI_PARAMETER                                 ; mult_7dt     ; Untyped                                           ;
; INPUT_A_FIXED_VALUE                            ; Bx           ; Untyped                                           ;
; INPUT_B_FIXED_VALUE                            ; Bx           ; Untyped                                           ;
; USE_AHDL_IMPLEMENTATION                        ; OFF          ; Untyped                                           ;
+------------------------------------------------+--------------+---------------------------------------------------+
Note: In order to hide this table in the UI and the text report file, please set the "Show Parameter Settings in Synthesis Report" option in "Analysis and Synthesis Settings -> More Settings" to "Off".


+-----------------------------------------------------------------------------------------------------------------+
; Parameter Settings for Inferred Entity Instance: processingElement:gen_left[1].u_pe_left|mult:m1|lpm_mult:Mult0 ;
+------------------------------------------------+--------------+-------------------------------------------------+
; Parameter Name                                 ; Value        ; Type                                            ;
+------------------------------------------------+--------------+-------------------------------------------------+
; AUTO_CARRY_CHAINS                              ; ON           ; AUTO_CARRY                                      ;
; IGNORE_CARRY_BUFFERS                           ; OFF          ; IGNORE_CARRY                                    ;
; AUTO_CASCADE_CHAINS                            ; ON           ; AUTO_CASCADE                                    ;
; IGNORE_CASCADE_BUFFERS                         ; OFF          ; IGNORE_CASCADE                                  ;
; LPM_WIDTHA                                     ; 32           ; Untyped                                         ;
; LPM_WIDTHB                                     ; 32           ; Untyped                                         ;
; LPM_WIDTHP                                     ; 64           ; Untyped                                         ;
; LPM_WIDTHR                                     ; 64           ; Untyped                                         ;
; LPM_WIDTHS                                     ; 1            ; Untyped                                         ;
; LPM_REPRESENTATION                             ; UNSIGNED     ; Untyped                                         ;
; LPM_PIPELINE                                   ; 0            ; Untyped                                         ;
; LATENCY                                        ; 0            ; Untyped                                         ;
; INPUT_A_IS_CONSTANT                            ; NO           ; Untyped                                         ;
; INPUT_B_IS_CONSTANT                            ; NO           ; Untyped                                         ;
; USE_EAB                                        ; OFF          ; Untyped                                         ;
; MAXIMIZE_SPEED                                 ; 5            ; Untyped                                         ;
; DEVICE_FAMILY                                  ; Cyclone IV E ; Untyped                                         ;
; CARRY_CHAIN                                    ; MANUAL       ; Untyped                                         ;
; APEX20K_TECHNOLOGY_MAPPER                      ; LUT          ; TECH_MAPPER_APEX20K                             ;
; DEDICATED_MULTIPLIER_CIRCUITRY                 ; AUTO         ; Untyped                                         ;
; DEDICATED_MULTIPLIER_MIN_INPUT_WIDTH_FOR_AUTO  ; 0            ; Untyped                                         ;
; DEDICATED_MULTIPLIER_MIN_OUTPUT_WIDTH_FOR_AUTO ; 0            ; Untyped                                         ;
; CBXI_PARAMETER                                 ; mult_7dt     ; Untyped                                         ;
; INPUT_A_FIXED_VALUE                            ; Bx           ; Untyped                                         ;
; INPUT_B_FIXED_VALUE                            ; Bx           ; Untyped                                         ;
; USE_AHDL_IMPLEMENTATION                        ; OFF          ; Untyped                                         ;
+------------------------------------------------+--------------+-------------------------------------------------+
Note: In order to hide this table in the UI and the text report file, please set the "Show Parameter Settings in Synthesis Report" option in "Analysis and Synthesis Settings -> More Settings" to "Off".


+-----------------------------------------------------------------------------------------------------------------+
; Parameter Settings for Inferred Entity Instance: processingElement:gen_left[0].u_pe_left|mult:m1|lpm_mult:Mult0 ;
+------------------------------------------------+--------------+-------------------------------------------------+
; Parameter Name                                 ; Value        ; Type                                            ;
+------------------------------------------------+--------------+-------------------------------------------------+
; AUTO_CARRY_CHAINS                              ; ON           ; AUTO_CARRY                                      ;
; IGNORE_CARRY_BUFFERS                           ; OFF          ; IGNORE_CARRY                                    ;
; AUTO_CASCADE_CHAINS                            ; ON           ; AUTO_CASCADE                                    ;
; IGNORE_CASCADE_BUFFERS                         ; OFF          ; IGNORE_CASCADE                                  ;
; LPM_WIDTHA                                     ; 32           ; Untyped                                         ;
; LPM_WIDTHB                                     ; 32           ; Untyped                                         ;
; LPM_WIDTHP                                     ; 64           ; Untyped                                         ;
; LPM_WIDTHR                                     ; 64           ; Untyped                                         ;
; LPM_WIDTHS                                     ; 1            ; Untyped                                         ;
; LPM_REPRESENTATION                             ; UNSIGNED     ; Untyped                                         ;
; LPM_PIPELINE                                   ; 0            ; Untyped                                         ;
; LATENCY                                        ; 0            ; Untyped                                         ;
; INPUT_A_IS_CONSTANT                            ; NO           ; Untyped                                         ;
; INPUT_B_IS_CONSTANT                            ; NO           ; Untyped                                         ;
; USE_EAB                                        ; OFF          ; Untyped                                         ;
; MAXIMIZE_SPEED                                 ; 5            ; Untyped                                         ;
; DEVICE_FAMILY                                  ; Cyclone IV E ; Untyped                                         ;
; CARRY_CHAIN                                    ; MANUAL       ; Untyped                                         ;
; APEX20K_TECHNOLOGY_MAPPER                      ; LUT          ; TECH_MAPPER_APEX20K                             ;
; DEDICATED_MULTIPLIER_CIRCUITRY                 ; AUTO         ; Untyped                                         ;
; DEDICATED_MULTIPLIER_MIN_INPUT_WIDTH_FOR_AUTO  ; 0            ; Untyped                                         ;
; DEDICATED_MULTIPLIER_MIN_OUTPUT_WIDTH_FOR_AUTO ; 0            ; Untyped                                         ;
; CBXI_PARAMETER                                 ; mult_7dt     ; Untyped                                         ;
; INPUT_A_FIXED_VALUE                            ; Bx           ; Untyped                                         ;
; INPUT_B_FIXED_VALUE                            ; Bx           ; Untyped                                         ;
; USE_AHDL_IMPLEMENTATION                        ; OFF          ; Untyped                                         ;
+------------------------------------------------+--------------+-------------------------------------------------+
Note: In order to hide this table in the UI and the text report file, please set the "Show Parameter Settings in Synthesis Report" option in "Analysis and Synthesis Settings -> More Settings" to "Off".


+------------------------------------------------------------------------------------------------------------------------------------+
; altshift_taps Parameter Settings by Entity Instance                                                                                ;
+----------------------------+-------------------------------------------------------------------------------------------------------+
; Name                       ; Value                                                                                                 ;
+----------------------------+-------------------------------------------------------------------------------------------------------+
; Number of entity instances ; 2                                                                                                     ;
; Entity Instance            ; processingElement:gen_left[0].u_pe_left|regChain:r1|regX:gen_reg[1].u_reg|altshift_taps:q_out_rtl_0   ;
;     -- NUMBER_OF_TAPS      ; 1                                                                                                     ;
;     -- TAP_DISTANCE        ; 4                                                                                                     ;
;     -- WIDTH               ; 32                                                                                                    ;
; Entity Instance            ; processingElement:gen_right[3].u_pe_right|regChain:r2|regX:gen_reg[0].u_reg|altshift_taps:q_out_rtl_0 ;
;     -- NUMBER_OF_TAPS      ; 1                                                                                                     ;
;     -- TAP_DISTANCE        ; 3                                                                                                     ;
;     -- WIDTH               ; 128                                                                                                   ;
+----------------------------+-------------------------------------------------------------------------------------------------------+


+----------------------------------------------------------------------------------------------------------+
; lpm_mult Parameter Settings by Entity Instance                                                           ;
+---------------------------------------+------------------------------------------------------------------+
; Name                                  ; Value                                                            ;
+---------------------------------------+------------------------------------------------------------------+
; Number of entity instances            ; 4                                                                ;
; Entity Instance                       ; processingElement:gen_right[3].u_pe_right|mult:m1|lpm_mult:Mult0 ;
;     -- LPM_WIDTHA                     ; 32                                                               ;
;     -- LPM_WIDTHB                     ; 32                                                               ;
;     -- LPM_WIDTHP                     ; 64                                                               ;
;     -- LPM_REPRESENTATION             ; UNSIGNED                                                         ;
;     -- INPUT_A_IS_CONSTANT            ; NO                                                               ;
;     -- INPUT_B_IS_CONSTANT            ; NO                                                               ;
;     -- USE_EAB                        ; OFF                                                              ;
;     -- DEDICATED_MULTIPLIER_CIRCUITRY ; AUTO                                                             ;
;     -- INPUT_A_FIXED_VALUE            ; Bx                                                               ;
;     -- INPUT_B_FIXED_VALUE            ; Bx                                                               ;
; Entity Instance                       ; processingElement:gen_right[2].u_pe_right|mult:m1|lpm_mult:Mult0 ;
;     -- LPM_WIDTHA                     ; 32                                                               ;
;     -- LPM_WIDTHB                     ; 32                                                               ;
;     -- LPM_WIDTHP                     ; 64                                                               ;
;     -- LPM_REPRESENTATION             ; UNSIGNED                                                         ;
;     -- INPUT_A_IS_CONSTANT            ; NO                                                               ;
;     -- INPUT_B_IS_CONSTANT            ; NO                                                               ;
;     -- USE_EAB                        ; OFF                                                              ;
;     -- DEDICATED_MULTIPLIER_CIRCUITRY ; AUTO                                                             ;
;     -- INPUT_A_FIXED_VALUE            ; Bx                                                               ;
;     -- INPUT_B_FIXED_VALUE            ; Bx                                                               ;
; Entity Instance                       ; processingElement:gen_left[1].u_pe_left|mult:m1|lpm_mult:Mult0   ;
;     -- LPM_WIDTHA                     ; 32                                                               ;
;     -- LPM_WIDTHB                     ; 32                                                               ;
;     -- LPM_WIDTHP                     ; 64                                                               ;
;     -- LPM_REPRESENTATION             ; UNSIGNED                                                         ;
;     -- INPUT_A_IS_CONSTANT            ; NO                                                               ;
;     -- INPUT_B_IS_CONSTANT            ; NO                                                               ;
;     -- USE_EAB                        ; OFF                                                              ;
;     -- DEDICATED_MULTIPLIER_CIRCUITRY ; AUTO                                                             ;
;     -- INPUT_A_FIXED_VALUE            ; Bx                                                               ;
;     -- INPUT_B_FIXED_VALUE            ; Bx                                                               ;
; Entity Instance                       ; processingElement:gen_left[0].u_pe_left|mult:m1|lpm_mult:Mult0   ;
;     -- LPM_WIDTHA                     ; 32                                                               ;
;     -- LPM_WIDTHB                     ; 32                                                               ;
;     -- LPM_WIDTHP                     ; 64                                                               ;
;     -- LPM_REPRESENTATION             ; UNSIGNED                                                         ;
;     -- INPUT_A_IS_CONSTANT            ; NO                                                               ;
;     -- INPUT_B_IS_CONSTANT            ; NO                                                               ;
;     -- USE_EAB                        ; OFF                                                              ;
;     -- DEDICATED_MULTIPLIER_CIRCUITRY ; AUTO                                                             ;
;     -- INPUT_A_FIXED_VALUE            ; Bx                                                               ;
;     -- INPUT_B_FIXED_VALUE            ; Bx                                                               ;
+---------------------------------------+------------------------------------------------------------------+


+--------------------------------------------------------------------------------------------------------------------+
; Port Connectivity Checks: "processingElement:gen_right[3].u_pe_right"                                              ;
+----------+--------+----------+-------------------------------------------------------------------------------------+
; Port     ; Type   ; Severity ; Details                                                                             ;
+----------+--------+----------+-------------------------------------------------------------------------------------+
; a_j2     ; Output ; Info     ; Connected to dangling logic. Logic that only feeds a dangling port will be removed. ;
; alpha_j1 ; Output ; Info     ; Connected to dangling logic. Logic that only feeds a dangling port will be removed. ;
; beta_j1  ; Output ; Info     ; Connected to dangling logic. Logic that only feeds a dangling port will be removed. ;
+----------+--------+----------+-------------------------------------------------------------------------------------+


+----------------------------------------------------------------------------------------------------------------+
; Port Connectivity Checks: "processingElement:gen_right[2].u_pe_right"                                          ;
+------+--------+----------+-------------------------------------------------------------------------------------+
; Port ; Type   ; Severity ; Details                                                                             ;
+------+--------+----------+-------------------------------------------------------------------------------------+
; b_j2 ; Output ; Info     ; Connected to dangling logic. Logic that only feeds a dangling port will be removed. ;
+------+--------+----------+-------------------------------------------------------------------------------------+


+----------------------------------------------------------------------------------------------------------------+
; Port Connectivity Checks: "processingElement:gen_left[1].u_pe_left"                                            ;
+------+--------+----------+-------------------------------------------------------------------------------------+
; Port ; Type   ; Severity ; Details                                                                             ;
+------+--------+----------+-------------------------------------------------------------------------------------+
; b_j2 ; Output ; Info     ; Connected to dangling logic. Logic that only feeds a dangling port will be removed. ;
+------+--------+----------+-------------------------------------------------------------------------------------+


+-----------------------------------------------------+
; Post-Synthesis Netlist Statistics for Top Partition ;
+-----------------------+-----------------------------+
; Type                  ; Count                       ;
+-----------------------+-----------------------------+
; boundary_port         ; 234                         ;
; cycloneiii_ff         ; 862                         ;
;     CLR               ; 726                         ;
;     ENA CLR           ; 131                         ;
;     plain             ; 5                           ;
; cycloneiii_lcell_comb ; 733                         ;
;     arith             ; 577                         ;
;         1 data inputs ; 1                           ;
;         2 data inputs ; 59                          ;
;         3 data inputs ; 517                         ;
;     normal            ; 156                         ;
;         0 data inputs ; 7                           ;
;         1 data inputs ; 15                          ;
;         2 data inputs ; 1                           ;
;         3 data inputs ; 128                         ;
;         4 data inputs ; 5                           ;
; cycloneiii_mac_mult   ; 16                          ;
; cycloneiii_mac_out    ; 16                          ;
; cycloneiii_ram_block  ; 160                         ;
;                       ;                             ;
; Max LUT depth         ; 7.70                        ;
; Average LUT depth     ; 3.53                        ;
+-----------------------+-----------------------------+


+-------------------------------+
; Elapsed Time Per Partition    ;
+----------------+--------------+
; Partition Name ; Elapsed Time ;
+----------------+--------------+
; Top            ; 00:00:01     ;
+----------------+--------------+


+-------------------------------+
; Analysis & Synthesis Messages ;
+-------------------------------+
Info: *******************************************************************
Info: Running Quartus Prime Analysis & Synthesis
    Info: Version 20.1.1 Build 720 11/11/2020 SJ Lite Edition
    Info: Processing started: Mon Jun  1 18:33:41 2026
Info: Command: quartus_map --read_settings_files=on --write_settings_files=off processingElement -c processingElement
Warning (18236): Number of processors has not been specified which may cause overloading on shared machines.  Set the global assignment NUM_PARALLEL_PROCESSORS in your QSF to an appropriate value for best performance.
Info (20032): Parallel compilation is enabled and will use up to 6 processors
Info (12021): Found 1 design units, including 1 entities, in source file gemmArray.sv
    Info (12023): Found entity 1: gemmArray File: /home/mikentain/Projects/FPGA/GeMM/gemmArray.sv Line: 1
Info (12021): Found 1 design units, including 1 entities, in source file processingElement.sv
    Info (12023): Found entity 1: processingElement File: /home/mikentain/Projects/FPGA/GeMM/processingElement.sv Line: 1
Info (12021): Found 1 design units, including 1 entities, in source file tb_mult.sv
    Info (12023): Found entity 1: tb_mult File: /home/mikentain/Projects/FPGA/GeMM/tb_mult.sv Line: 2
Info (12021): Found 1 design units, including 1 entities, in source file tb_regX.sv
    Info (12023): Found entity 1: tb_regX File: /home/mikentain/Projects/FPGA/GeMM/tb_regX.sv Line: 2
Info (12021): Found 1 design units, including 1 entities, in source file tb_pe.sv
    Info (12023): Found entity 1: tb_pe File: /home/mikentain/Projects/FPGA/GeMM/tb_pe.sv Line: 3
Info (12021): Found 1 design units, including 1 entities, in source file tb_primitives.sv
    Info (12023): Found entity 1: tb_primitives File: /home/mikentain/Projects/FPGA/GeMM/tb_primitives.sv Line: 1
Info (12021): Found 1 design units, including 1 entities, in source file dffMy.sv
    Info (12023): Found entity 1: dffMy File: /home/mikentain/Projects/FPGA/GeMM/dffMy.sv Line: 1
Info (12021): Found 1 design units, including 1 entities, in source file regEnable.sv
    Info (12023): Found entity 1: regEnable File: /home/mikentain/Projects/FPGA/GeMM/regEnable.sv Line: 1
Info (12021): Found 1 design units, including 1 entities, in source file regChain.sv
    Info (12023): Found entity 1: regChain File: /home/mikentain/Projects/FPGA/GeMM/regChain.sv Line: 1
Info (12021): Found 1 design units, including 1 entities, in source file andMux.sv
    Info (12023): Found entity 1: andMux File: /home/mikentain/Projects/FPGA/GeMM/andMux.sv Line: 1
Info (12021): Found 1 design units, including 1 entities, in source file regAcc.sv
    Info (12023): Found entity 1: regAcc File: /home/mikentain/Projects/FPGA/GeMM/regAcc.sv Line: 1
Info (12021): Found 1 design units, including 1 entities, in source file sumAcc.sv
    Info (12023): Found entity 1: sumAcc File: /home/mikentain/Projects/FPGA/GeMM/sumAcc.sv Line: 1
Info (12021): Found 1 design units, including 1 entities, in source file mult.sv
    Info (12023): Found entity 1: mult File: /home/mikentain/Projects/FPGA/GeMM/mult.sv Line: 1
Info (12021): Found 1 design units, including 1 entities, in source file notA.sv
    Info (12023): Found entity 1: notA File: /home/mikentain/Projects/FPGA/GeMM/notA.sv Line: 1
Info (12021): Found 1 design units, including 1 entities, in source file regX.sv
    Info (12023): Found entity 1: regX File: /home/mikentain/Projects/FPGA/GeMM/regX.sv Line: 1
Info (12021): Found 1 design units, including 1 entities, in source file orMux.sv
    Info (12023): Found entity 1: orMux File: /home/mikentain/Projects/FPGA/GeMM/orMux.sv Line: 1
Info (12127): Elaborating entity "gemmArray" for the top level hierarchy
Warning (10230): Verilog HDL assignment warning at gemmArray.sv(51): truncated value with size 32 to match size of target (6) File: /home/mikentain/Projects/FPGA/GeMM/gemmArray.sv Line: 51
Info (12128): Elaborating entity "processingElement" for hierarchy "processingElement:gen_left[0].u_pe_left" File: /home/mikentain/Projects/FPGA/GeMM/gemmArray.sv Line: 81
Info (12128): Elaborating entity "regChain" for hierarchy "processingElement:gen_left[0].u_pe_left|regChain:r1" File: /home/mikentain/Projects/FPGA/GeMM/processingElement.sv Line: 31
Info (12128): Elaborating entity "regX" for hierarchy "processingElement:gen_left[0].u_pe_left|regChain:r1|regX:gen_reg[0].u_reg" File: /home/mikentain/Projects/FPGA/GeMM/regChain.sv Line: 25
Info (12128): Elaborating entity "andMux" for hierarchy "processingElement:gen_left[0].u_pe_left|andMux:and1" File: /home/mikentain/Projects/FPGA/GeMM/processingElement.sv Line: 39
Info (12128): Elaborating entity "orMux" for hierarchy "processingElement:gen_left[0].u_pe_left|orMux:or1" File: /home/mikentain/Projects/FPGA/GeMM/processingElement.sv Line: 48
Info (12128): Elaborating entity "regChain" for hierarchy "processingElement:gen_left[0].u_pe_left|regChain:r2" File: /home/mikentain/Projects/FPGA/GeMM/processingElement.sv Line: 68
Info (12128): Elaborating entity "notA" for hierarchy "processingElement:gen_left[0].u_pe_left|notA:n1" File: /home/mikentain/Projects/FPGA/GeMM/processingElement.sv Line: 72
Info (12128): Elaborating entity "regChain" for hierarchy "processingElement:gen_left[0].u_pe_left|regChain:r34" File: /home/mikentain/Projects/FPGA/GeMM/processingElement.sv Line: 87
Info (12128): Elaborating entity "regEnable" for hierarchy "processingElement:gen_left[0].u_pe_left|regEnable:r5" File: /home/mikentain/Projects/FPGA/GeMM/processingElement.sv Line: 100
Info (12128): Elaborating entity "mult" for hierarchy "processingElement:gen_left[0].u_pe_left|mult:m1" File: /home/mikentain/Projects/FPGA/GeMM/processingElement.sv Line: 108
Info (12128): Elaborating entity "regAcc" for hierarchy "processingElement:gen_left[0].u_pe_left|regAcc:r6" File: /home/mikentain/Projects/FPGA/GeMM/processingElement.sv Line: 117
Info (12128): Elaborating entity "sumAcc" for hierarchy "processingElement:gen_left[0].u_pe_left|sumAcc:s1" File: /home/mikentain/Projects/FPGA/GeMM/processingElement.sv Line: 123
Info (12128): Elaborating entity "dffMy" for hierarchy "processingElement:gen_left[0].u_pe_left|dffMy:d1" File: /home/mikentain/Projects/FPGA/GeMM/processingElement.sv Line: 131
Info (12128): Elaborating entity "processingElement" for hierarchy "processingElement:gen_left[1].u_pe_left" File: /home/mikentain/Projects/FPGA/GeMM/gemmArray.sv Line: 81
Info (12128): Elaborating entity "processingElement" for hierarchy "processingElement:gen_right[2].u_pe_right" File: /home/mikentain/Projects/FPGA/GeMM/gemmArray.sv Line: 108
Info (12128): Elaborating entity "processingElement" for hierarchy "processingElement:gen_right[3].u_pe_right" File: /home/mikentain/Projects/FPGA/GeMM/gemmArray.sv Line: 108
Info (19000): Inferred 2 megafunctions from design logic
    Info (276034): Inferred altshift_taps megafunction from the following design logic: "processingElement:gen_left[0].u_pe_left|regChain:r1|regX:gen_reg[1].u_reg|q_out_rtl_0"
        Info (286033): Parameter NUMBER_OF_TAPS set to 1
        Info (286033): Parameter TAP_DISTANCE set to 4
        Info (286033): Parameter WIDTH set to 32
    Info (276034): Inferred altshift_taps megafunction from the following design logic: "processingElement:gen_right[3].u_pe_right|regChain:r2|regX:gen_reg[0].u_reg|q_out_rtl_0"
        Info (286033): Parameter NUMBER_OF_TAPS set to 1
        Info (286033): Parameter TAP_DISTANCE set to 3
        Info (286033): Parameter WIDTH set to 128
Info (278001): Inferred 4 megafunctions from design logic
    Info (278003): Inferred multiplier megafunction ("lpm_mult") from the following logic: "processingElement:gen_right[3].u_pe_right|mult:m1|Mult0" File: /home/mikentain/Projects/FPGA/GeMM/mult.sv Line: 14
    Info (278003): Inferred multiplier megafunction ("lpm_mult") from the following logic: "processingElement:gen_right[2].u_pe_right|mult:m1|Mult0" File: /home/mikentain/Projects/FPGA/GeMM/mult.sv Line: 14
    Info (278003): Inferred multiplier megafunction ("lpm_mult") from the following logic: "processingElement:gen_left[1].u_pe_left|mult:m1|Mult0" File: /home/mikentain/Projects/FPGA/GeMM/mult.sv Line: 14
    Info (278003): Inferred multiplier megafunction ("lpm_mult") from the following logic: "processingElement:gen_left[0].u_pe_left|mult:m1|Mult0" File: /home/mikentain/Projects/FPGA/GeMM/mult.sv Line: 14
Info (12130): Elaborated megafunction instantiation "processingElement:gen_left[0].u_pe_left|regChain:r1|regX:gen_reg[1].u_reg|altshift_taps:q_out_rtl_0"
Info (12133): Instantiated megafunction "processingElement:gen_left[0].u_pe_left|regChain:r1|regX:gen_reg[1].u_reg|altshift_taps:q_out_rtl_0" with the following parameter:
    Info (12134): Parameter "NUMBER_OF_TAPS" = "1"
    Info (12134): Parameter "TAP_DISTANCE" = "4"
    Info (12134): Parameter "WIDTH" = "32"
Info (12021): Found 1 design units, including 1 entities, in source file db/shift_taps_dkm.tdf
    Info (12023): Found entity 1: shift_taps_dkm File: /home/mikentain/Projects/FPGA/GeMM/db/shift_taps_dkm.tdf Line: 29
Info (12021): Found 1 design units, including 1 entities, in source file db/altsyncram_o1b1.tdf
    Info (12023): Found entity 1: altsyncram_o1b1 File: /home/mikentain/Projects/FPGA/GeMM/db/altsyncram_o1b1.tdf Line: 28
Info (12021): Found 1 design units, including 1 entities, in source file db/cntr_4pf.tdf
    Info (12023): Found entity 1: cntr_4pf File: /home/mikentain/Projects/FPGA/GeMM/db/cntr_4pf.tdf Line: 26
Info (12021): Found 1 design units, including 1 entities, in source file db/cntr_r8h.tdf
    Info (12023): Found entity 1: cntr_r8h File: /home/mikentain/Projects/FPGA/GeMM/db/cntr_r8h.tdf Line: 26
Info (12130): Elaborated megafunction instantiation "processingElement:gen_right[3].u_pe_right|regChain:r2|regX:gen_reg[0].u_reg|altshift_taps:q_out_rtl_0"
Info (12133): Instantiated megafunction "processingElement:gen_right[3].u_pe_right|regChain:r2|regX:gen_reg[0].u_reg|altshift_taps:q_out_rtl_0" with the following parameter:
    Info (12134): Parameter "NUMBER_OF_TAPS" = "1"
    Info (12134): Parameter "TAP_DISTANCE" = "3"
    Info (12134): Parameter "WIDTH" = "128"
Info (12021): Found 1 design units, including 1 entities, in source file db/shift_taps_2mm.tdf
    Info (12023): Found entity 1: shift_taps_2mm File: /home/mikentain/Projects/FPGA/GeMM/db/shift_taps_2mm.tdf Line: 31
Info (12021): Found 1 design units, including 1 entities, in source file db/altsyncram_9c61.tdf
    Info (12023): Found entity 1: altsyncram_9c61 File: /home/mikentain/Projects/FPGA/GeMM/db/altsyncram_9c61.tdf Line: 28
Info (12021): Found 1 design units, including 1 entities, in source file db/add_sub_24e.tdf
    Info (12023): Found entity 1: add_sub_24e File: /home/mikentain/Projects/FPGA/GeMM/db/add_sub_24e.tdf Line: 23
Info (12021): Found 1 design units, including 1 entities, in source file db/cntr_6pf.tdf
    Info (12023): Found entity 1: cntr_6pf File: /home/mikentain/Projects/FPGA/GeMM/db/cntr_6pf.tdf Line: 25
Info (12021): Found 1 design units, including 1 entities, in source file db/cmpr_ogc.tdf
    Info (12023): Found entity 1: cmpr_ogc File: /home/mikentain/Projects/FPGA/GeMM/db/cmpr_ogc.tdf Line: 23
Info (12021): Found 1 design units, including 1 entities, in source file db/cntr_p8h.tdf
    Info (12023): Found entity 1: cntr_p8h File: /home/mikentain/Projects/FPGA/GeMM/db/cntr_p8h.tdf Line: 26
Info (12130): Elaborated megafunction instantiation "processingElement:gen_right[3].u_pe_right|mult:m1|lpm_mult:Mult0" File: /home/mikentain/Projects/FPGA/GeMM/mult.sv Line: 14
Info (12133): Instantiated megafunction "processingElement:gen_right[3].u_pe_right|mult:m1|lpm_mult:Mult0" with the following parameter: File: /home/mikentain/Projects/FPGA/GeMM/mult.sv Line: 14
    Info (12134): Parameter "LPM_WIDTHA" = "32"
    Info (12134): Parameter "LPM_WIDTHB" = "32"
    Info (12134): Parameter "LPM_WIDTHP" = "64"
    Info (12134): Parameter "LPM_WIDTHR" = "64"
    Info (12134): Parameter "LPM_WIDTHS" = "1"
    Info (12134): Parameter "LPM_REPRESENTATION" = "UNSIGNED"
    Info (12134): Parameter "INPUT_A_IS_CONSTANT" = "NO"
    Info (12134): Parameter "INPUT_B_IS_CONSTANT" = "NO"
    Info (12134): Parameter "MAXIMIZE_SPEED" = "5"
Info (12021): Found 1 design units, including 1 entities, in source file db/mult_7dt.tdf
    Info (12023): Found entity 1: mult_7dt File: /home/mikentain/Projects/FPGA/GeMM/db/mult_7dt.tdf Line: 31
Info (13014): Ignored 888 buffer(s)
    Info (13019): Ignored 888 SOFT buffer(s)
Info (13000): Registers with preset signals will power-up high File: /home/mikentain/Projects/FPGA/GeMM/db/shift_taps_2mm.tdf Line: 42
Info (13003): DEV_CLRn pin will set, and not reset, register with preset signal due to NOT Gate Push-Back
Info (286030): Timing-Driven Synthesis is running
Info (144001): Generated suppressed messages file /home/mikentain/Projects/FPGA/GeMM/processingElement.map.smsg
Info (16010): Generating hard_block partition "hard_block:auto_generated_inst"
    Info (16011): Adding 0 node(s), including 0 DDIO, 0 PLL, 0 transceiver and 0 LCELL
Info (21057): Implemented 1680 device resources after synthesis - the final resource count might be different
    Info (21058): Implemented 166 input pins
    Info (21059): Implemented 68 output pins
    Info (21061): Implemented 1254 logic cells
    Info (21064): Implemented 160 RAM segments
    Info (21062): Implemented 32 DSP elements
Info: Quartus Prime Analysis & Synthesis was successful. 0 errors, 2 warnings
    Info: Peak virtual memory: 477 megabytes
    Info: Processing ended: Mon Jun  1 18:33:49 2026
    Info: Elapsed time: 00:00:08
    Info: Total CPU time (on all processors): 00:00:15


+------------------------------------------+
; Analysis & Synthesis Suppressed Messages ;
+------------------------------------------+
The suppressed messages can be found in /home/mikentain/Projects/FPGA/GeMM/processingElement.map.smsg.


