Fitter report for processingElement
Mon Jun  1 18:34:03 2026
Quartus Prime Version 20.1.1 Build 720 11/11/2020 SJ Lite Edition


---------------------
; Table of Contents ;
---------------------
  1. Legal Notice
  2. Fitter Summary
  3. Fitter Settings
  4. Parallel Compilation
  5. Fitter Netlist Optimizations
  6. Incremental Compilation Preservation Summary
  7. Incremental Compilation Partition Settings
  8. Incremental Compilation Placement Preservation
  9. Pin-Out File
 10. Fitter Resource Usage Summary
 11. Fitter Partition Statistics
 12. Input Pins
 13. Output Pins
 14. Dual Purpose and Dedicated Pins
 15. I/O Bank Usage
 16. All Package Pins
 17. I/O Assignment Warnings
 18. Fitter Resource Utilization by Entity
 19. Delay Chain Summary
 20. Pad To Core Delay Chain Fanout
 21. Control Signals
 22. Global & Other Fast Signals
 23. Fitter RAM Summary
 24. Fitter DSP Block Usage Summary
 25. DSP Block Details
 26. Routing Usage Summary
 27. LAB Logic Elements
 28. LAB-wide Signals
 29. LAB Signals Sourced
 30. LAB Signals Sourced Out
 31. LAB Distinct Inputs
 32. I/O Rules Summary
 33. I/O Rules Details
 34. I/O Rules Matrix
 35. Fitter Device Options
 36. Operating Settings and Conditions
 37. Estimated Delay Added for Hold Timing Summary
 38. Estimated Delay Added for Hold Timing Details
 39. Fitter Messages
 40. Fitter Suppressed Messages



----------------
; Legal Notice ;
----------------
Copyright (C) 2020  Intel Corporation. All rights reserved.
Your use of Intel Corporation's design tools, logic functions 
and other software and tools, and any partner logic 
functions, and any output files from any of the foregoing 
(including device programming or simulation files), and any 
associated documentation or information are expressly subject 
to the terms and conditions of the Intel Program License 
Subscription Agreement, the Intel Quartus Prime License Agreement,
the Intel FPGA IP License Agreement, or other applicable license
agreement, including, without limitation, that your use is for
the sole purpose of programming logic devices manufactured by
Intel and sold by Intel or its authorized distributors.  Please
refer to the applicable agreement for further details, at
https://fpgasoftware.intel.com/eula.



+----------------------------------------------------------------------------------+
; Fitter Summary                                                                   ;
+------------------------------------+---------------------------------------------+
; Fitter Status                      ; Successful - Mon Jun  1 18:34:03 2026       ;
; Quartus Prime Version              ; 20.1.1 Build 720 11/11/2020 SJ Lite Edition ;
; Revision Name                      ; processingElement                           ;
; Top-level Entity Name              ; gemmArray                                   ;
; Family                             ; Cyclone IV E                                ;
; Device                             ; EP4CE15F23C6                                ;
; Timing Models                      ; Final                                       ;
; Total logic elements               ; 1,126 / 15,408 ( 7 % )                      ;
;     Total combinational functions  ; 731 / 15,408 ( 5 % )                        ;
;     Dedicated logic registers      ; 734 / 15,408 ( 5 % )                        ;
; Total registers                    ; 734                                         ;
; Total pins                         ; 234 / 344 ( 68 % )                          ;
; Total virtual pins                 ; 0                                           ;
; Total memory bits                  ; 448 / 516,096 ( < 1 % )                     ;
; Embedded Multiplier 9-bit elements ; 32 / 112 ( 29 % )                           ;
; Total PLLs                         ; 0 / 4 ( 0 % )                               ;
+------------------------------------+---------------------------------------------+


+----------------------------------------------------------------------------------------------------------------------------------------------------+
; Fitter Settings                                                                                                                                    ;
+--------------------------------------------------------------------+---------------------------------------+---------------------------------------+
; Option                                                             ; Setting                               ; Default Value                         ;
+--------------------------------------------------------------------+---------------------------------------+---------------------------------------+
; Device                                                             ; AUTO                                  ;                                       ;
; Use smart compilation                                              ; On                                    ; Off                                   ;
; Fit Attempts to Skip                                               ; 0                                     ; 0.0                                   ;
; Enable parallel Assembler and Timing Analyzer during compilation   ; On                                    ; On                                    ;
; Enable compact report table                                        ; Off                                   ; Off                                   ;
; Auto Merge PLLs                                                    ; On                                    ; On                                    ;
; Router Timing Optimization Level                                   ; Normal                                ; Normal                                ;
; Perform Clocking Topology Analysis During Routing                  ; Off                                   ; Off                                   ;
; Placement Effort Multiplier                                        ; 1.0                                   ; 1.0                                   ;
; Router Effort Multiplier                                           ; 1.0                                   ; 1.0                                   ;
; Optimize Hold Timing                                               ; All Paths                             ; All Paths                             ;
; Optimize Multi-Corner Timing                                       ; On                                    ; On                                    ;
; Power Optimization During Fitting                                  ; Normal compilation                    ; Normal compilation                    ;
; SSN Optimization                                                   ; Off                                   ; Off                                   ;
; Optimize Timing                                                    ; Normal compilation                    ; Normal compilation                    ;
; Optimize Timing for ECOs                                           ; Off                                   ; Off                                   ;
; Regenerate Full Fit Report During ECO Compiles                     ; Off                                   ; Off                                   ;
; Optimize IOC Register Placement for Timing                         ; Normal                                ; Normal                                ;
; Limit to One Fitting Attempt                                       ; Off                                   ; Off                                   ;
; Final Placement Optimizations                                      ; Automatically                         ; Automatically                         ;
; Fitter Aggressive Routability Optimizations                        ; Automatically                         ; Automatically                         ;
; Fitter Initial Placement Seed                                      ; 1                                     ; 1                                     ;
; Periphery to Core Placement and Routing Optimization               ; Off                                   ; Off                                   ;
; PCI I/O                                                            ; Off                                   ; Off                                   ;
; Weak Pull-Up Resistor                                              ; Off                                   ; Off                                   ;
; Enable Bus-Hold Circuitry                                          ; Off                                   ; Off                                   ;
; Auto Packed Registers                                              ; Auto                                  ; Auto                                  ;
; Auto Delay Chains                                                  ; On                                    ; On                                    ;
; Auto Delay Chains for High Fanout Input Pins                       ; Off                                   ; Off                                   ;
; Allow Single-ended Buffer for Differential-XSTL Input              ; Off                                   ; Off                                   ;
; Treat Bidirectional Pin as Output Pin                              ; Off                                   ; Off                                   ;
; Perform Physical Synthesis for Combinational Logic for Fitting     ; Off                                   ; Off                                   ;
; Perform Physical Synthesis for Combinational Logic for Performance ; Off                                   ; Off                                   ;
; Perform Register Duplication for Performance                       ; Off                                   ; Off                                   ;
; Perform Logic to Memory Mapping for Fitting                        ; Off                                   ; Off                                   ;
; Perform Register Retiming for Performance                          ; Off                                   ; Off                                   ;
; Perform Asynchronous Signal Pipelining                             ; Off                                   ; Off                                   ;
; Fitter Effort                                                      ; Auto Fit                              ; Auto Fit                              ;
; Physical Synthesis Effort Level                                    ; Normal                                ; Normal                                ;
; Logic Cell Insertion - Logic Duplication                           ; Auto                                  ; Auto                                  ;
; Auto Register Duplication                                          ; Auto                                  ; Auto                                  ;
; Auto Global Clock                                                  ; On                                    ; On                                    ;
; Auto Global Register Control Signals                               ; On                                    ; On                                    ;
; Reserve all unused pins                                            ; As input tri-stated with weak pull-up ; As input tri-stated with weak pull-up ;
; Synchronizer Identification                                        ; Auto                                  ; Auto                                  ;
; Enable Beneficial Skew Optimization                                ; On                                    ; On                                    ;
; Optimize Design for Metastability                                  ; On                                    ; On                                    ;
; Force Fitter to Avoid Periphery Placement Warnings                 ; Off                                   ; Off                                   ;
; Enable input tri-state on active configuration pins in user mode   ; Off                                   ; Off                                   ;
+--------------------------------------------------------------------+---------------------------------------+---------------------------------------+


+------------------------------------------+
; Parallel Compilation                     ;
+----------------------------+-------------+
; Processors                 ; Number      ;
+----------------------------+-------------+
; Number detected on machine ; 12          ;
; Maximum allowed            ; 6           ;
;                            ;             ;
; Average used               ; 1.07        ;
; Maximum used               ; 6           ;
;                            ;             ;
; Usage by Processor         ; % Time Used ;
;     Processor 1            ; 100.0%      ;
;     Processor 2            ;   1.4%      ;
;     Processor 3            ;   1.3%      ;
;     Processor 4            ;   1.3%      ;
;     Processor 5            ;   1.3%      ;
;     Processor 6            ;   1.3%      ;
+----------------------------+-------------+


+-----------------------------------------------------------------------------------------------------------------------------------------------------------------------------------------------------------------------------------------------------------------------------------------------------------------------+
; Fitter Netlist Optimizations                                                                                                                                                                                                                                                                                          ;
+-------------------------------------------------------------------------------+-----------------+------------------+---------------------+-----------+----------------+----------------------------------------------------------------------------------------------------+------------------+-----------------------+
; Node                                                                          ; Action          ; Operation        ; Reason              ; Node Port ; Node Port Name ; Destination Node                                                                                   ; Destination Port ; Destination Port Name ;
+-------------------------------------------------------------------------------+-----------------+------------------+---------------------+-----------+----------------+----------------------------------------------------------------------------------------------------+------------------+-----------------------+
; processingElement:gen_left[0].u_pe_left|regEnable:r5|q_out[0]                 ; Packed Register ; Register Packing ; Timing optimization ; Q         ;                ; processingElement:gen_left[0].u_pe_left|mult:m1|lpm_mult:Mult0|mult_7dt:auto_generated|mac_mult3   ; DATAA            ;                       ;
; processingElement:gen_left[0].u_pe_left|regEnable:r5|q_out[0]                 ; Duplicated      ; Register Packing ; Timing optimization ; Q         ;                ; processingElement:gen_left[0].u_pe_left|regEnable:r5|q_out[0]~_Duplicate_1                         ; Q                ;                       ;
; processingElement:gen_left[0].u_pe_left|regEnable:r5|q_out[0]~_Duplicate_1    ; Packed Register ; Register Packing ; Timing optimization ; Q         ;                ; processingElement:gen_left[0].u_pe_left|mult:m1|lpm_mult:Mult0|mult_7dt:auto_generated|mac_mult1   ; DATAA            ;                       ;
; processingElement:gen_left[0].u_pe_left|regEnable:r5|q_out[1]                 ; Packed Register ; Register Packing ; Timing optimization ; Q         ;                ; processingElement:gen_left[0].u_pe_left|mult:m1|lpm_mult:Mult0|mult_7dt:auto_generated|mac_mult3   ; DATAA            ;                       ;
; processingElement:gen_left[0].u_pe_left|regEnable:r5|q_out[1]                 ; Duplicated      ; Register Packing ; Timing optimization ; Q         ;                ; processingElement:gen_left[0].u_pe_left|regEnable:r5|q_out[1]~_Duplicate_1                         ; Q                ;                       ;
; processingElement:gen_left[0].u_pe_left|regEnable:r5|q_out[1]~_Duplicate_1    ; Packed Register ; Register Packing ; Timing optimization ; Q         ;                ; processingElement:gen_left[0].u_pe_left|mult:m1|lpm_mult:Mult0|mult_7dt:auto_generated|mac_mult1   ; DATAA            ;                       ;
; processingElement:gen_left[0].u_pe_left|regEnable:r5|q_out[2]                 ; Packed Register ; Register Packing ; Timing optimization ; Q         ;                ; processingElement:gen_left[0].u_pe_left|mult:m1|lpm_mult:Mult0|mult_7dt:auto_generated|mac_mult3   ; DATAA            ;                       ;
; processingElement:gen_left[0].u_pe_left|regEnable:r5|q_out[2]                 ; Duplicated      ; Register Packing ; Timing optimization ; Q         ;                ; processingElement:gen_left[0].u_pe_left|regEnable:r5|q_out[2]~_Duplicate_1                         ; Q                ;                       ;
; processingElement:gen_left[0].u_pe_left|regEnable:r5|q_out[2]~_Duplicate_1    ; Packed Register ; Register Packing ; Timing optimization ; Q         ;                ; processingElement:gen_left[0].u_pe_left|mult:m1|lpm_mult:Mult0|mult_7dt:auto_generated|mac_mult1   ; DATAA            ;                       ;
; processingElement:gen_left[0].u_pe_left|regEnable:r5|q_out[3]                 ; Packed Register ; Register Packing ; Timing optimization ; Q         ;                ; processingElement:gen_left[0].u_pe_left|mult:m1|lpm_mult:Mult0|mult_7dt:auto_generated|mac_mult3   ; DATAA            ;                       ;
; processingElement:gen_left[0].u_pe_left|regEnable:r5|q_out[3]                 ; Duplicated      ; Register Packing ; Timing optimization ; Q         ;                ; processingElement:gen_left[0].u_pe_left|regEnable:r5|q_out[3]~_Duplicate_1                         ; Q                ;                       ;
; processingElement:gen_left[0].u_pe_left|regEnable:r5|q_out[3]~_Duplicate_1    ; Packed Register ; Register Packing ; Timing optimization ; Q         ;                ; processingElement:gen_left[0].u_pe_left|mult:m1|lpm_mult:Mult0|mult_7dt:auto_generated|mac_mult1   ; DATAA            ;                       ;
; processingElement:gen_left[0].u_pe_left|regEnable:r5|q_out[4]                 ; Packed Register ; Register Packing ; Timing optimization ; Q         ;                ; processingElement:gen_left[0].u_pe_left|mult:m1|lpm_mult:Mult0|mult_7dt:auto_generated|mac_mult3   ; DATAA            ;                       ;
; processingElement:gen_left[0].u_pe_left|regEnable:r5|q_out[4]                 ; Duplicated      ; Register Packing ; Timing optimization ; Q         ;                ; processingElement:gen_left[0].u_pe_left|regEnable:r5|q_out[4]~_Duplicate_1                         ; Q                ;                       ;
; processingElement:gen_left[0].u_pe_left|regEnable:r5|q_out[4]~_Duplicate_1    ; Packed Register ; Register Packing ; Timing optimization ; Q         ;                ; processingElement:gen_left[0].u_pe_left|mult:m1|lpm_mult:Mult0|mult_7dt:auto_generated|mac_mult1   ; DATAA            ;                       ;
; processingElement:gen_left[0].u_pe_left|regEnable:r5|q_out[5]                 ; Packed Register ; Register Packing ; Timing optimization ; Q         ;                ; processingElement:gen_left[0].u_pe_left|mult:m1|lpm_mult:Mult0|mult_7dt:auto_generated|mac_mult3   ; DATAA            ;                       ;
; processingElement:gen_left[0].u_pe_left|regEnable:r5|q_out[5]                 ; Duplicated      ; Register Packing ; Timing optimization ; Q         ;                ; processingElement:gen_left[0].u_pe_left|regEnable:r5|q_out[5]~_Duplicate_1                         ; Q                ;                       ;
; processingElement:gen_left[0].u_pe_left|regEnable:r5|q_out[5]~_Duplicate_1    ; Packed Register ; Register Packing ; Timing optimization ; Q         ;                ; processingElement:gen_left[0].u_pe_left|mult:m1|lpm_mult:Mult0|mult_7dt:auto_generated|mac_mult1   ; DATAA            ;                       ;
; processingElement:gen_left[0].u_pe_left|regEnable:r5|q_out[6]                 ; Packed Register ; Register Packing ; Timing optimization ; Q         ;                ; processingElement:gen_left[0].u_pe_left|mult:m1|lpm_mult:Mult0|mult_7dt:auto_generated|mac_mult3   ; DATAA            ;                       ;
; processingElement:gen_left[0].u_pe_left|regEnable:r5|q_out[6]                 ; Duplicated      ; Register Packing ; Timing optimization ; Q         ;                ; processingElement:gen_left[0].u_pe_left|regEnable:r5|q_out[6]~_Duplicate_1                         ; Q                ;                       ;
; processingElement:gen_left[0].u_pe_left|regEnable:r5|q_out[6]~_Duplicate_1    ; Packed Register ; Register Packing ; Timing optimization ; Q         ;                ; processingElement:gen_left[0].u_pe_left|mult:m1|lpm_mult:Mult0|mult_7dt:auto_generated|mac_mult1   ; DATAA            ;                       ;
; processingElement:gen_left[0].u_pe_left|regEnable:r5|q_out[7]                 ; Packed Register ; Register Packing ; Timing optimization ; Q         ;                ; processingElement:gen_left[0].u_pe_left|mult:m1|lpm_mult:Mult0|mult_7dt:auto_generated|mac_mult3   ; DATAA            ;                       ;
; processingElement:gen_left[0].u_pe_left|regEnable:r5|q_out[7]                 ; Duplicated      ; Register Packing ; Timing optimization ; Q         ;                ; processingElement:gen_left[0].u_pe_left|regEnable:r5|q_out[7]~_Duplicate_1                         ; Q                ;                       ;
; processingElement:gen_left[0].u_pe_left|regEnable:r5|q_out[7]~_Duplicate_1    ; Packed Register ; Register Packing ; Timing optimization ; Q         ;                ; processingElement:gen_left[0].u_pe_left|mult:m1|lpm_mult:Mult0|mult_7dt:auto_generated|mac_mult1   ; DATAA            ;                       ;
; processingElement:gen_left[0].u_pe_left|regEnable:r5|q_out[8]                 ; Packed Register ; Register Packing ; Timing optimization ; Q         ;                ; processingElement:gen_left[0].u_pe_left|mult:m1|lpm_mult:Mult0|mult_7dt:auto_generated|mac_mult3   ; DATAA            ;                       ;
; processingElement:gen_left[0].u_pe_left|regEnable:r5|q_out[8]                 ; Duplicated      ; Register Packing ; Timing optimization ; Q         ;                ; processingElement:gen_left[0].u_pe_left|regEnable:r5|q_out[8]~_Duplicate_1                         ; Q                ;                       ;
; processingElement:gen_left[0].u_pe_left|regEnable:r5|q_out[8]~_Duplicate_1    ; Packed Register ; Register Packing ; Timing optimization ; Q         ;                ; processingElement:gen_left[0].u_pe_left|mult:m1|lpm_mult:Mult0|mult_7dt:auto_generated|mac_mult1   ; DATAA            ;                       ;
; processingElement:gen_left[0].u_pe_left|regEnable:r5|q_out[9]                 ; Packed Register ; Register Packing ; Timing optimization ; Q         ;                ; processingElement:gen_left[0].u_pe_left|mult:m1|lpm_mult:Mult0|mult_7dt:auto_generated|mac_mult3   ; DATAA            ;                       ;
; processingElement:gen_left[0].u_pe_left|regEnable:r5|q_out[9]                 ; Duplicated      ; Register Packing ; Timing optimization ; Q         ;                ; processingElement:gen_left[0].u_pe_left|regEnable:r5|q_out[9]~_Duplicate_1                         ; Q                ;                       ;
; processingElement:gen_left[0].u_pe_left|regEnable:r5|q_out[9]~_Duplicate_1    ; Packed Register ; Register Packing ; Timing optimization ; Q         ;                ; processingElement:gen_left[0].u_pe_left|mult:m1|lpm_mult:Mult0|mult_7dt:auto_generated|mac_mult1   ; DATAA            ;                       ;
; processingElement:gen_left[0].u_pe_left|regEnable:r5|q_out[10]                ; Packed Register ; Register Packing ; Timing optimization ; Q         ;                ; processingElement:gen_left[0].u_pe_left|mult:m1|lpm_mult:Mult0|mult_7dt:auto_generated|mac_mult3   ; DATAA            ;                       ;
; processingElement:gen_left[0].u_pe_left|regEnable:r5|q_out[10]                ; Duplicated      ; Register Packing ; Timing optimization ; Q         ;                ; processingElement:gen_left[0].u_pe_left|regEnable:r5|q_out[10]~_Duplicate_1                        ; Q                ;                       ;
; processingElement:gen_left[0].u_pe_left|regEnable:r5|q_out[10]~_Duplicate_1   ; Packed Register ; Register Packing ; Timing optimization ; Q         ;                ; processingElement:gen_left[0].u_pe_left|mult:m1|lpm_mult:Mult0|mult_7dt:auto_generated|mac_mult1   ; DATAA            ;                       ;
; processingElement:gen_left[0].u_pe_left|regEnable:r5|q_out[11]                ; Packed Register ; Register Packing ; Timing optimization ; Q         ;                ; processingElement:gen_left[0].u_pe_left|mult:m1|lpm_mult:Mult0|mult_7dt:auto_generated|mac_mult3   ; DATAA            ;                       ;
; processingElement:gen_left[0].u_pe_left|regEnable:r5|q_out[11]                ; Duplicated      ; Register Packing ; Timing optimization ; Q         ;                ; processingElement:gen_left[0].u_pe_left|regEnable:r5|q_out[11]~_Duplicate_1                        ; Q                ;                       ;
; processingElement:gen_left[0].u_pe_left|regEnable:r5|q_out[11]~_Duplicate_1   ; Packed Register ; Register Packing ; Timing optimization ; Q         ;                ; processingElement:gen_left[0].u_pe_left|mult:m1|lpm_mult:Mult0|mult_7dt:auto_generated|mac_mult1   ; DATAA            ;                       ;
; processingElement:gen_left[0].u_pe_left|regEnable:r5|q_out[12]                ; Packed Register ; Register Packing ; Timing optimization ; Q         ;                ; processingElement:gen_left[0].u_pe_left|mult:m1|lpm_mult:Mult0|mult_7dt:auto_generated|mac_mult3   ; DATAA            ;                       ;
; processingElement:gen_left[0].u_pe_left|regEnable:r5|q_out[12]                ; Duplicated      ; Register Packing ; Timing optimization ; Q         ;                ; processingElement:gen_left[0].u_pe_left|regEnable:r5|q_out[12]~_Duplicate_1                        ; Q                ;                       ;
; processingElement:gen_left[0].u_pe_left|regEnable:r5|q_out[12]~_Duplicate_1   ; Packed Register ; Register Packing ; Timing optimization ; Q         ;                ; processingElement:gen_left[0].u_pe_left|mult:m1|lpm_mult:Mult0|mult_7dt:auto_generated|mac_mult1   ; DATAA            ;                       ;
; processingElement:gen_left[0].u_pe_left|regEnable:r5|q_out[13]                ; Packed Register ; Register Packing ; Timing optimization ; Q         ;                ; processingElement:gen_left[0].u_pe_left|mult:m1|lpm_mult:Mult0|mult_7dt:auto_generated|mac_mult3   ; DATAA            ;                       ;
; processingElement:gen_left[0].u_pe_left|regEnable:r5|q_out[13]                ; Duplicated      ; Register Packing ; Timing optimization ; Q         ;                ; processingElement:gen_left[0].u_pe_left|regEnable:r5|q_out[13]~_Duplicate_1                        ; Q                ;                       ;
; processingElement:gen_left[0].u_pe_left|regEnable:r5|q_out[13]~_Duplicate_1   ; Packed Register ; Register Packing ; Timing optimization ; Q         ;                ; processingElement:gen_left[0].u_pe_left|mult:m1|lpm_mult:Mult0|mult_7dt:auto_generated|mac_mult1   ; DATAA            ;                       ;
; processingElement:gen_left[0].u_pe_left|regEnable:r5|q_out[14]                ; Packed Register ; Register Packing ; Timing optimization ; Q         ;                ; processingElement:gen_left[0].u_pe_left|mult:m1|lpm_mult:Mult0|mult_7dt:auto_generated|mac_mult3   ; DATAA            ;                       ;
; processingElement:gen_left[0].u_pe_left|regEnable:r5|q_out[14]                ; Duplicated      ; Register Packing ; Timing optimization ; Q         ;                ; processingElement:gen_left[0].u_pe_left|regEnable:r5|q_out[14]~_Duplicate_1                        ; Q                ;                       ;
; processingElement:gen_left[0].u_pe_left|regEnable:r5|q_out[14]~_Duplicate_1   ; Packed Register ; Register Packing ; Timing optimization ; Q         ;                ; processingElement:gen_left[0].u_pe_left|mult:m1|lpm_mult:Mult0|mult_7dt:auto_generated|mac_mult1   ; DATAA            ;                       ;
; processingElement:gen_left[0].u_pe_left|regEnable:r5|q_out[15]                ; Packed Register ; Register Packing ; Timing optimization ; Q         ;                ; processingElement:gen_left[0].u_pe_left|mult:m1|lpm_mult:Mult0|mult_7dt:auto_generated|mac_mult3   ; DATAA            ;                       ;
; processingElement:gen_left[0].u_pe_left|regEnable:r5|q_out[15]                ; Duplicated      ; Register Packing ; Timing optimization ; Q         ;                ; processingElement:gen_left[0].u_pe_left|regEnable:r5|q_out[15]~_Duplicate_1                        ; Q                ;                       ;
; processingElement:gen_left[0].u_pe_left|regEnable:r5|q_out[15]~_Duplicate_1   ; Packed Register ; Register Packing ; Timing optimization ; Q         ;                ; processingElement:gen_left[0].u_pe_left|mult:m1|lpm_mult:Mult0|mult_7dt:auto_generated|mac_mult1   ; DATAA            ;                       ;
; processingElement:gen_left[0].u_pe_left|regEnable:r5|q_out[16]                ; Packed Register ; Register Packing ; Timing optimization ; Q         ;                ; processingElement:gen_left[0].u_pe_left|mult:m1|lpm_mult:Mult0|mult_7dt:auto_generated|mac_mult3   ; DATAA            ;                       ;
; processingElement:gen_left[0].u_pe_left|regEnable:r5|q_out[16]                ; Duplicated      ; Register Packing ; Timing optimization ; Q         ;                ; processingElement:gen_left[0].u_pe_left|regEnable:r5|q_out[16]~_Duplicate_1                        ; Q                ;                       ;
; processingElement:gen_left[0].u_pe_left|regEnable:r5|q_out[16]~_Duplicate_1   ; Packed Register ; Register Packing ; Timing optimization ; Q         ;                ; processingElement:gen_left[0].u_pe_left|mult:m1|lpm_mult:Mult0|mult_7dt:auto_generated|mac_mult1   ; DATAA            ;                       ;
; processingElement:gen_left[0].u_pe_left|regEnable:r5|q_out[17]                ; Packed Register ; Register Packing ; Timing optimization ; Q         ;                ; processingElement:gen_left[0].u_pe_left|mult:m1|lpm_mult:Mult0|mult_7dt:auto_generated|mac_mult3   ; DATAA            ;                       ;
; processingElement:gen_left[0].u_pe_left|regEnable:r5|q_out[17]                ; Duplicated      ; Register Packing ; Timing optimization ; Q         ;                ; processingElement:gen_left[0].u_pe_left|regEnable:r5|q_out[17]~_Duplicate_1                        ; Q                ;                       ;
; processingElement:gen_left[0].u_pe_left|regEnable:r5|q_out[17]~_Duplicate_1   ; Packed Register ; Register Packing ; Timing optimization ; Q         ;                ; processingElement:gen_left[0].u_pe_left|mult:m1|lpm_mult:Mult0|mult_7dt:auto_generated|mac_mult1   ; DATAA            ;                       ;
; processingElement:gen_left[0].u_pe_left|regEnable:r5|q_out[18]                ; Packed Register ; Register Packing ; Timing optimization ; Q         ;                ; processingElement:gen_left[0].u_pe_left|mult:m1|lpm_mult:Mult0|mult_7dt:auto_generated|mac_mult5   ; DATAA            ;                       ;
; processingElement:gen_left[0].u_pe_left|regEnable:r5|q_out[18]                ; Duplicated      ; Register Packing ; Timing optimization ; Q         ;                ; processingElement:gen_left[0].u_pe_left|regEnable:r5|q_out[18]~_Duplicate_1                        ; Q                ;                       ;
; processingElement:gen_left[0].u_pe_left|regEnable:r5|q_out[18]~_Duplicate_1   ; Packed Register ; Register Packing ; Timing optimization ; Q         ;                ; processingElement:gen_left[0].u_pe_left|mult:m1|lpm_mult:Mult0|mult_7dt:auto_generated|mac_mult7   ; DATAA            ;                       ;
; processingElement:gen_left[0].u_pe_left|regEnable:r5|q_out[19]                ; Packed Register ; Register Packing ; Timing optimization ; Q         ;                ; processingElement:gen_left[0].u_pe_left|mult:m1|lpm_mult:Mult0|mult_7dt:auto_generated|mac_mult5   ; DATAA            ;                       ;
; processingElement:gen_left[0].u_pe_left|regEnable:r5|q_out[19]                ; Duplicated      ; Register Packing ; Timing optimization ; Q         ;                ; processingElement:gen_left[0].u_pe_left|regEnable:r5|q_out[19]~_Duplicate_1                        ; Q                ;                       ;
; processingElement:gen_left[0].u_pe_left|regEnable:r5|q_out[19]~_Duplicate_1   ; Packed Register ; Register Packing ; Timing optimization ; Q         ;                ; processingElement:gen_left[0].u_pe_left|mult:m1|lpm_mult:Mult0|mult_7dt:auto_generated|mac_mult7   ; DATAA            ;                       ;
; processingElement:gen_left[0].u_pe_left|regEnable:r5|q_out[20]                ; Packed Register ; Register Packing ; Timing optimization ; Q         ;                ; processingElement:gen_left[0].u_pe_left|mult:m1|lpm_mult:Mult0|mult_7dt:auto_generated|mac_mult5   ; DATAA            ;                       ;
; processingElement:gen_left[0].u_pe_left|regEnable:r5|q_out[20]                ; Duplicated      ; Register Packing ; Timing optimization ; Q         ;                ; processingElement:gen_left[0].u_pe_left|regEnable:r5|q_out[20]~_Duplicate_1                        ; Q                ;                       ;
; processingElement:gen_left[0].u_pe_left|regEnable:r5|q_out[20]~_Duplicate_1   ; Packed Register ; Register Packing ; Timing optimization ; Q         ;                ; processingElement:gen_left[0].u_pe_left|mult:m1|lpm_mult:Mult0|mult_7dt:auto_generated|mac_mult7   ; DATAA            ;                       ;
; processingElement:gen_left[0].u_pe_left|regEnable:r5|q_out[21]                ; Packed Register ; Register Packing ; Timing optimization ; Q         ;                ; processingElement:gen_left[0].u_pe_left|mult:m1|lpm_mult:Mult0|mult_7dt:auto_generated|mac_mult5   ; DATAA            ;                       ;
; processingElement:gen_left[0].u_pe_left|regEnable:r5|q_out[21]                ; Duplicated      ; Register Packing ; Timing optimization ; Q         ;                ; processingElement:gen_left[0].u_pe_left|regEnable:r5|q_out[21]~_Duplicate_1                        ; Q                ;                       ;
; processingElement:gen_left[0].u_pe_left|regEnable:r5|q_out[21]~_Duplicate_1   ; Packed Register ; Register Packing ; Timing optimization ; Q         ;                ; processingElement:gen_left[0].u_pe_left|mult:m1|lpm_mult:Mult0|mult_7dt:auto_generated|mac_mult7   ; DATAA            ;                       ;
; processingElement:gen_left[0].u_pe_left|regEnable:r5|q_out[22]                ; Packed Register ; Register Packing ; Timing optimization ; Q         ;                ; processingElement:gen_left[0].u_pe_left|mult:m1|lpm_mult:Mult0|mult_7dt:auto_generated|mac_mult5   ; DATAA            ;                       ;
; processingElement:gen_left[0].u_pe_left|regEnable:r5|q_out[22]                ; Duplicated      ; Register Packing ; Timing optimization ; Q         ;                ; processingElement:gen_left[0].u_pe_left|regEnable:r5|q_out[22]~_Duplicate_1                        ; Q                ;                       ;
; processingElement:gen_left[0].u_pe_left|regEnable:r5|q_out[22]~_Duplicate_1   ; Packed Register ; Register Packing ; Timing optimization ; Q         ;                ; processingElement:gen_left[0].u_pe_left|mult:m1|lpm_mult:Mult0|mult_7dt:auto_generated|mac_mult7   ; DATAA            ;                       ;
; processingElement:gen_left[0].u_pe_left|regEnable:r5|q_out[23]                ; Packed Register ; Register Packing ; Timing optimization ; Q         ;                ; processingElement:gen_left[0].u_pe_left|mult:m1|lpm_mult:Mult0|mult_7dt:auto_generated|mac_mult5   ; DATAA            ;                       ;
; processingElement:gen_left[0].u_pe_left|regEnable:r5|q_out[23]                ; Duplicated      ; Register Packing ; Timing optimization ; Q         ;                ; processingElement:gen_left[0].u_pe_left|regEnable:r5|q_out[23]~_Duplicate_1                        ; Q                ;                       ;
; processingElement:gen_left[0].u_pe_left|regEnable:r5|q_out[23]~_Duplicate_1   ; Packed Register ; Register Packing ; Timing optimization ; Q         ;                ; processingElement:gen_left[0].u_pe_left|mult:m1|lpm_mult:Mult0|mult_7dt:auto_generated|mac_mult7   ; DATAA            ;                       ;
; processingElement:gen_left[0].u_pe_left|regEnable:r5|q_out[24]                ; Packed Register ; Register Packing ; Timing optimization ; Q         ;                ; processingElement:gen_left[0].u_pe_left|mult:m1|lpm_mult:Mult0|mult_7dt:auto_generated|mac_mult5   ; DATAA            ;                       ;
; processingElement:gen_left[0].u_pe_left|regEnable:r5|q_out[24]                ; Duplicated      ; Register Packing ; Timing optimization ; Q         ;                ; processingElement:gen_left[0].u_pe_left|regEnable:r5|q_out[24]~_Duplicate_1                        ; Q                ;                       ;
; processingElement:gen_left[0].u_pe_left|regEnable:r5|q_out[24]~_Duplicate_1   ; Packed Register ; Register Packing ; Timing optimization ; Q         ;                ; processingElement:gen_left[0].u_pe_left|mult:m1|lpm_mult:Mult0|mult_7dt:auto_generated|mac_mult7   ; DATAA            ;                       ;
; processingElement:gen_left[0].u_pe_left|regEnable:r5|q_out[25]                ; Packed Register ; Register Packing ; Timing optimization ; Q         ;                ; processingElement:gen_left[0].u_pe_left|mult:m1|lpm_mult:Mult0|mult_7dt:auto_generated|mac_mult5   ; DATAA            ;                       ;
; processingElement:gen_left[0].u_pe_left|regEnable:r5|q_out[25]                ; Duplicated      ; Register Packing ; Timing optimization ; Q         ;                ; processingElement:gen_left[0].u_pe_left|regEnable:r5|q_out[25]~_Duplicate_1                        ; Q                ;                       ;
; processingElement:gen_left[0].u_pe_left|regEnable:r5|q_out[25]~_Duplicate_1   ; Packed Register ; Register Packing ; Timing optimization ; Q         ;                ; processingElement:gen_left[0].u_pe_left|mult:m1|lpm_mult:Mult0|mult_7dt:auto_generated|mac_mult7   ; DATAA            ;                       ;
; processingElement:gen_left[0].u_pe_left|regEnable:r5|q_out[26]                ; Packed Register ; Register Packing ; Timing optimization ; Q         ;                ; processingElement:gen_left[0].u_pe_left|mult:m1|lpm_mult:Mult0|mult_7dt:auto_generated|mac_mult5   ; DATAA            ;                       ;
; processingElement:gen_left[0].u_pe_left|regEnable:r5|q_out[26]                ; Duplicated      ; Register Packing ; Timing optimization ; Q         ;                ; processingElement:gen_left[0].u_pe_left|regEnable:r5|q_out[26]~_Duplicate_1                        ; Q                ;                       ;
; processingElement:gen_left[0].u_pe_left|regEnable:r5|q_out[26]~_Duplicate_1   ; Packed Register ; Register Packing ; Timing optimization ; Q         ;                ; processingElement:gen_left[0].u_pe_left|mult:m1|lpm_mult:Mult0|mult_7dt:auto_generated|mac_mult7   ; DATAA            ;                       ;
; processingElement:gen_left[0].u_pe_left|regEnable:r5|q_out[27]                ; Packed Register ; Register Packing ; Timing optimization ; Q         ;                ; processingElement:gen_left[0].u_pe_left|mult:m1|lpm_mult:Mult0|mult_7dt:auto_generated|mac_mult5   ; DATAA            ;                       ;
; processingElement:gen_left[0].u_pe_left|regEnable:r5|q_out[27]                ; Duplicated      ; Register Packing ; Timing optimization ; Q         ;                ; processingElement:gen_left[0].u_pe_left|regEnable:r5|q_out[27]~_Duplicate_1                        ; Q                ;                       ;
; processingElement:gen_left[0].u_pe_left|regEnable:r5|q_out[27]~_Duplicate_1   ; Packed Register ; Register Packing ; Timing optimization ; Q         ;                ; processingElement:gen_left[0].u_pe_left|mult:m1|lpm_mult:Mult0|mult_7dt:auto_generated|mac_mult7   ; DATAA            ;                       ;
; processingElement:gen_left[0].u_pe_left|regEnable:r5|q_out[28]                ; Packed Register ; Register Packing ; Timing optimization ; Q         ;                ; processingElement:gen_left[0].u_pe_left|mult:m1|lpm_mult:Mult0|mult_7dt:auto_generated|mac_mult5   ; DATAA            ;                       ;
; processingElement:gen_left[0].u_pe_left|regEnable:r5|q_out[28]                ; Duplicated      ; Register Packing ; Timing optimization ; Q         ;                ; processingElement:gen_left[0].u_pe_left|regEnable:r5|q_out[28]~_Duplicate_1                        ; Q                ;                       ;
; processingElement:gen_left[0].u_pe_left|regEnable:r5|q_out[28]~_Duplicate_1   ; Packed Register ; Register Packing ; Timing optimization ; Q         ;                ; processingElement:gen_left[0].u_pe_left|mult:m1|lpm_mult:Mult0|mult_7dt:auto_generated|mac_mult7   ; DATAA            ;                       ;
; processingElement:gen_left[0].u_pe_left|regEnable:r5|q_out[29]                ; Packed Register ; Register Packing ; Timing optimization ; Q         ;                ; processingElement:gen_left[0].u_pe_left|mult:m1|lpm_mult:Mult0|mult_7dt:auto_generated|mac_mult5   ; DATAA            ;                       ;
; processingElement:gen_left[0].u_pe_left|regEnable:r5|q_out[29]                ; Duplicated      ; Register Packing ; Timing optimization ; Q         ;                ; processingElement:gen_left[0].u_pe_left|regEnable:r5|q_out[29]~_Duplicate_1                        ; Q                ;                       ;
; processingElement:gen_left[0].u_pe_left|regEnable:r5|q_out[29]~_Duplicate_1   ; Packed Register ; Register Packing ; Timing optimization ; Q         ;                ; processingElement:gen_left[0].u_pe_left|mult:m1|lpm_mult:Mult0|mult_7dt:auto_generated|mac_mult7   ; DATAA            ;                       ;
; processingElement:gen_left[0].u_pe_left|regEnable:r5|q_out[30]                ; Packed Register ; Register Packing ; Timing optimization ; Q         ;                ; processingElement:gen_left[0].u_pe_left|mult:m1|lpm_mult:Mult0|mult_7dt:auto_generated|mac_mult5   ; DATAA            ;                       ;
; processingElement:gen_left[0].u_pe_left|regEnable:r5|q_out[30]                ; Duplicated      ; Register Packing ; Timing optimization ; Q         ;                ; processingElement:gen_left[0].u_pe_left|regEnable:r5|q_out[30]~_Duplicate_1                        ; Q                ;                       ;
; processingElement:gen_left[0].u_pe_left|regEnable:r5|q_out[30]~_Duplicate_1   ; Packed Register ; Register Packing ; Timing optimization ; Q         ;                ; processingElement:gen_left[0].u_pe_left|mult:m1|lpm_mult:Mult0|mult_7dt:auto_generated|mac_mult7   ; DATAA            ;                       ;
; processingElement:gen_left[0].u_pe_left|regEnable:r5|q_out[31]                ; Packed Register ; Register Packing ; Timing optimization ; Q         ;                ; processingElement:gen_left[0].u_pe_left|mult:m1|lpm_mult:Mult0|mult_7dt:auto_generated|mac_mult5   ; DATAA            ;                       ;
; processingElement:gen_left[0].u_pe_left|regEnable:r5|q_out[31]                ; Duplicated      ; Register Packing ; Timing optimization ; Q         ;                ; processingElement:gen_left[0].u_pe_left|regEnable:r5|q_out[31]~_Duplicate_1                        ; Q                ;                       ;
; processingElement:gen_left[0].u_pe_left|regEnable:r5|q_out[31]~_Duplicate_1   ; Packed Register ; Register Packing ; Timing optimization ; Q         ;                ; processingElement:gen_left[0].u_pe_left|mult:m1|lpm_mult:Mult0|mult_7dt:auto_generated|mac_mult7   ; DATAA            ;                       ;
; processingElement:gen_left[1].u_pe_left|regEnable:r5|q_out[0]                 ; Packed Register ; Register Packing ; Timing optimization ; Q         ;                ; processingElement:gen_left[1].u_pe_left|mult:m1|lpm_mult:Mult0|mult_7dt:auto_generated|mac_mult3   ; DATAA            ;                       ;
; processingElement:gen_left[1].u_pe_left|regEnable:r5|q_out[0]                 ; Duplicated      ; Register Packing ; Timing optimization ; Q         ;                ; processingElement:gen_left[1].u_pe_left|regEnable:r5|q_out[0]~_Duplicate_1                         ; Q                ;                       ;
; processingElement:gen_left[1].u_pe_left|regEnable:r5|q_out[0]~_Duplicate_1    ; Packed Register ; Register Packing ; Timing optimization ; Q         ;                ; processingElement:gen_left[1].u_pe_left|mult:m1|lpm_mult:Mult0|mult_7dt:auto_generated|mac_mult1   ; DATAA            ;                       ;
; processingElement:gen_left[1].u_pe_left|regEnable:r5|q_out[1]                 ; Packed Register ; Register Packing ; Timing optimization ; Q         ;                ; processingElement:gen_left[1].u_pe_left|mult:m1|lpm_mult:Mult0|mult_7dt:auto_generated|mac_mult3   ; DATAA            ;                       ;
; processingElement:gen_left[1].u_pe_left|regEnable:r5|q_out[1]                 ; Duplicated      ; Register Packing ; Timing optimization ; Q         ;                ; processingElement:gen_left[1].u_pe_left|regEnable:r5|q_out[1]~_Duplicate_1                         ; Q                ;                       ;
; processingElement:gen_left[1].u_pe_left|regEnable:r5|q_out[1]~_Duplicate_1    ; Packed Register ; Register Packing ; Timing optimization ; Q         ;                ; processingElement:gen_left[1].u_pe_left|mult:m1|lpm_mult:Mult0|mult_7dt:auto_generated|mac_mult1   ; DATAA            ;                       ;
; processingElement:gen_left[1].u_pe_left|regEnable:r5|q_out[2]                 ; Packed Register ; Register Packing ; Timing optimization ; Q         ;                ; processingElement:gen_left[1].u_pe_left|mult:m1|lpm_mult:Mult0|mult_7dt:auto_generated|mac_mult3   ; DATAA            ;                       ;
; processingElement:gen_left[1].u_pe_left|regEnable:r5|q_out[2]                 ; Duplicated      ; Register Packing ; Timing optimization ; Q         ;                ; processingElement:gen_left[1].u_pe_left|regEnable:r5|q_out[2]~_Duplicate_1                         ; Q                ;                       ;
; processingElement:gen_left[1].u_pe_left|regEnable:r5|q_out[2]~_Duplicate_1    ; Packed Register ; Register Packing ; Timing optimization ; Q         ;                ; processingElement:gen_left[1].u_pe_left|mult:m1|lpm_mult:Mult0|mult_7dt:auto_generated|mac_mult1   ; DATAA            ;                       ;
; processingElement:gen_left[1].u_pe_left|regEnable:r5|q_out[3]                 ; Packed Register ; Register Packing ; Timing optimization ; Q         ;                ; processingElement:gen_left[1].u_pe_left|mult:m1|lpm_mult:Mult0|mult_7dt:auto_generated|mac_mult3   ; DATAA            ;                       ;
; processingElement:gen_left[1].u_pe_left|regEnable:r5|q_out[3]                 ; Duplicated      ; Register Packing ; Timing optimization ; Q         ;                ; processingElement:gen_left[1].u_pe_left|regEnable:r5|q_out[3]~_Duplicate_1                         ; Q                ;                       ;
; processingElement:gen_left[1].u_pe_left|regEnable:r5|q_out[3]~_Duplicate_1    ; Packed Register ; Register Packing ; Timing optimization ; Q         ;                ; processingElement:gen_left[1].u_pe_left|mult:m1|lpm_mult:Mult0|mult_7dt:auto_generated|mac_mult1   ; DATAA            ;                       ;
; processingElement:gen_left[1].u_pe_left|regEnable:r5|q_out[4]                 ; Packed Register ; Register Packing ; Timing optimization ; Q         ;                ; processingElement:gen_left[1].u_pe_left|mult:m1|lpm_mult:Mult0|mult_7dt:auto_generated|mac_mult3   ; DATAA            ;                       ;
; processingElement:gen_left[1].u_pe_left|regEnable:r5|q_out[4]                 ; Duplicated      ; Register Packing ; Timing optimization ; Q         ;                ; processingElement:gen_left[1].u_pe_left|regEnable:r5|q_out[4]~_Duplicate_1                         ; Q                ;                       ;
; processingElement:gen_left[1].u_pe_left|regEnable:r5|q_out[4]~_Duplicate_1    ; Packed Register ; Register Packing ; Timing optimization ; Q         ;                ; processingElement:gen_left[1].u_pe_left|mult:m1|lpm_mult:Mult0|mult_7dt:auto_generated|mac_mult1   ; DATAA            ;                       ;
; processingElement:gen_left[1].u_pe_left|regEnable:r5|q_out[5]                 ; Packed Register ; Register Packing ; Timing optimization ; Q         ;                ; processingElement:gen_left[1].u_pe_left|mult:m1|lpm_mult:Mult0|mult_7dt:auto_generated|mac_mult3   ; DATAA            ;                       ;
; processingElement:gen_left[1].u_pe_left|regEnable:r5|q_out[5]                 ; Duplicated      ; Register Packing ; Timing optimization ; Q         ;                ; processingElement:gen_left[1].u_pe_left|regEnable:r5|q_out[5]~_Duplicate_1                         ; Q                ;                       ;
; processingElement:gen_left[1].u_pe_left|regEnable:r5|q_out[5]~_Duplicate_1    ; Packed Register ; Register Packing ; Timing optimization ; Q         ;                ; processingElement:gen_left[1].u_pe_left|mult:m1|lpm_mult:Mult0|mult_7dt:auto_generated|mac_mult1   ; DATAA            ;                       ;
; processingElement:gen_left[1].u_pe_left|regEnable:r5|q_out[6]                 ; Packed Register ; Register Packing ; Timing optimization ; Q         ;                ; processingElement:gen_left[1].u_pe_left|mult:m1|lpm_mult:Mult0|mult_7dt:auto_generated|mac_mult3   ; DATAA            ;                       ;
; processingElement:gen_left[1].u_pe_left|regEnable:r5|q_out[6]                 ; Duplicated      ; Register Packing ; Timing optimization ; Q         ;                ; processingElement:gen_left[1].u_pe_left|regEnable:r5|q_out[6]~_Duplicate_1                         ; Q                ;                       ;
; processingElement:gen_left[1].u_pe_left|regEnable:r5|q_out[6]~_Duplicate_1    ; Packed Register ; Register Packing ; Timing optimization ; Q         ;                ; processingElement:gen_left[1].u_pe_left|mult:m1|lpm_mult:Mult0|mult_7dt:auto_generated|mac_mult1   ; DATAA            ;                       ;
; processingElement:gen_left[1].u_pe_left|regEnable:r5|q_out[7]                 ; Packed Register ; Register Packing ; Timing optimization ; Q         ;                ; processingElement:gen_left[1].u_pe_left|mult:m1|lpm_mult:Mult0|mult_7dt:auto_generated|mac_mult3   ; DATAA            ;                       ;
; processingElement:gen_left[1].u_pe_left|regEnable:r5|q_out[7]                 ; Duplicated      ; Register Packing ; Timing optimization ; Q         ;                ; processingElement:gen_left[1].u_pe_left|regEnable:r5|q_out[7]~_Duplicate_1                         ; Q                ;                       ;
; processingElement:gen_left[1].u_pe_left|regEnable:r5|q_out[7]~_Duplicate_1    ; Packed Register ; Register Packing ; Timing optimization ; Q         ;                ; processingElement:gen_left[1].u_pe_left|mult:m1|lpm_mult:Mult0|mult_7dt:auto_generated|mac_mult1   ; DATAA            ;                       ;
; processingElement:gen_left[1].u_pe_left|regEnable:r5|q_out[8]                 ; Packed Register ; Register Packing ; Timing optimization ; Q         ;                ; processingElement:gen_left[1].u_pe_left|mult:m1|lpm_mult:Mult0|mult_7dt:auto_generated|mac_mult3   ; DATAA            ;                       ;
; processingElement:gen_left[1].u_pe_left|regEnable:r5|q_out[8]                 ; Duplicated      ; Register Packing ; Timing optimization ; Q         ;                ; processingElement:gen_left[1].u_pe_left|regEnable:r5|q_out[8]~_Duplicate_1                         ; Q                ;                       ;
; processingElement:gen_left[1].u_pe_left|regEnable:r5|q_out[8]~_Duplicate_1    ; Packed Register ; Register Packing ; Timing optimization ; Q         ;                ; processingElement:gen_left[1].u_pe_left|mult:m1|lpm_mult:Mult0|mult_7dt:auto_generated|mac_mult1   ; DATAA            ;                       ;
; processingElement:gen_left[1].u_pe_left|regEnable:r5|q_out[9]                 ; Packed Register ; Register Packing ; Timing optimization ; Q         ;                ; processingElement:gen_left[1].u_pe_left|mult:m1|lpm_mult:Mult0|mult_7dt:auto_generated|mac_mult3   ; DATAA            ;                       ;
; processingElement:gen_left[1].u_pe_left|regEnable:r5|q_out[9]                 ; Duplicated      ; Register Packing ; Timing optimization ; Q         ;                ; processingElement:gen_left[1].u_pe_left|regEnable:r5|q_out[9]~_Duplicate_1                         ; Q                ;                       ;
; processingElement:gen_left[1].u_pe_left|regEnable:r5|q_out[9]~_Duplicate_1    ; Packed Register ; Register Packing ; Timing optimization ; Q         ;                ; processingElement:gen_left[1].u_pe_left|mult:m1|lpm_mult:Mult0|mult_7dt:auto_generated|mac_mult1   ; DATAA            ;                       ;
; processingElement:gen_left[1].u_pe_left|regEnable:r5|q_out[10]                ; Packed Register ; Register Packing ; Timing optimization ; Q         ;                ; processingElement:gen_left[1].u_pe_left|mult:m1|lpm_mult:Mult0|mult_7dt:auto_generated|mac_mult3   ; DATAA            ;                       ;
; processingElement:gen_left[1].u_pe_left|regEnable:r5|q_out[10]                ; Duplicated      ; Register Packing ; Timing optimization ; Q         ;                ; processingElement:gen_left[1].u_pe_left|regEnable:r5|q_out[10]~_Duplicate_1                        ; Q                ;                       ;
; processingElement:gen_left[1].u_pe_left|regEnable:r5|q_out[10]~_Duplicate_1   ; Packed Register ; Register Packing ; Timing optimization ; Q         ;                ; processingElement:gen_left[1].u_pe_left|mult:m1|lpm_mult:Mult0|mult_7dt:auto_generated|mac_mult1   ; DATAA            ;                       ;
; processingElement:gen_left[1].u_pe_left|regEnable:r5|q_out[11]                ; Packed Register ; Register Packing ; Timing optimization ; Q         ;                ; processingElement:gen_left[1].u_pe_left|mult:m1|lpm_mult:Mult0|mult_7dt:auto_generated|mac_mult3   ; DATAA            ;                       ;
; processingElement:gen_left[1].u_pe_left|regEnable:r5|q_out[11]                ; Duplicated      ; Register Packing ; Timing optimization ; Q         ;                ; processingElement:gen_left[1].u_pe_left|regEnable:r5|q_out[11]~_Duplicate_1                        ; Q                ;                       ;
; processingElement:gen_left[1].u_pe_left|regEnable:r5|q_out[11]~_Duplicate_1   ; Packed Register ; Register Packing ; Timing optimization ; Q         ;                ; processingElement:gen_left[1].u_pe_left|mult:m1|lpm_mult:Mult0|mult_7dt:auto_generated|mac_mult1   ; DATAA            ;                       ;
; processingElement:gen_left[1].u_pe_left|regEnable:r5|q_out[12]                ; Packed Register ; Register Packing ; Timing optimization ; Q         ;                ; processingElement:gen_left[1].u_pe_left|mult:m1|lpm_mult:Mult0|mult_7dt:auto_generated|mac_mult3   ; DATAA            ;                       ;
; processingElement:gen_left[1].u_pe_left|regEnable:r5|q_out[12]                ; Duplicated      ; Register Packing ; Timing optimization ; Q         ;                ; processingElement:gen_left[1].u_pe_left|regEnable:r5|q_out[12]~_Duplicate_1                        ; Q                ;                       ;
; processingElement:gen_left[1].u_pe_left|regEnable:r5|q_out[12]~_Duplicate_1   ; Packed Register ; Register Packing ; Timing optimization ; Q         ;                ; processingElement:gen_left[1].u_pe_left|mult:m1|lpm_mult:Mult0|mult_7dt:auto_generated|mac_mult1   ; DATAA            ;                       ;
; processingElement:gen_left[1].u_pe_left|regEnable:r5|q_out[13]                ; Packed Register ; Register Packing ; Timing optimization ; Q         ;                ; processingElement:gen_left[1].u_pe_left|mult:m1|lpm_mult:Mult0|mult_7dt:auto_generated|mac_mult3   ; DATAA            ;                       ;
; processingElement:gen_left[1].u_pe_left|regEnable:r5|q_out[13]                ; Duplicated      ; Register Packing ; Timing optimization ; Q         ;                ; processingElement:gen_left[1].u_pe_left|regEnable:r5|q_out[13]~_Duplicate_1                        ; Q                ;                       ;
; processingElement:gen_left[1].u_pe_left|regEnable:r5|q_out[13]~_Duplicate_1   ; Packed Register ; Register Packing ; Timing optimization ; Q         ;                ; processingElement:gen_left[1].u_pe_left|mult:m1|lpm_mult:Mult0|mult_7dt:auto_generated|mac_mult1   ; DATAA            ;                       ;
; processingElement:gen_left[1].u_pe_left|regEnable:r5|q_out[14]                ; Packed Register ; Register Packing ; Timing optimization ; Q         ;                ; processingElement:gen_left[1].u_pe_left|mult:m1|lpm_mult:Mult0|mult_7dt:auto_generated|mac_mult3   ; DATAA            ;                       ;
; processingElement:gen_left[1].u_pe_left|regEnable:r5|q_out[14]                ; Duplicated      ; Register Packing ; Timing optimization ; Q         ;                ; processingElement:gen_left[1].u_pe_left|regEnable:r5|q_out[14]~_Duplicate_1                        ; Q                ;                       ;
; processingElement:gen_left[1].u_pe_left|regEnable:r5|q_out[14]~_Duplicate_1   ; Packed Register ; Register Packing ; Timing optimization ; Q         ;                ; processingElement:gen_left[1].u_pe_left|mult:m1|lpm_mult:Mult0|mult_7dt:auto_generated|mac_mult1   ; DATAA            ;                       ;
; processingElement:gen_left[1].u_pe_left|regEnable:r5|q_out[15]                ; Packed Register ; Register Packing ; Timing optimization ; Q         ;                ; processingElement:gen_left[1].u_pe_left|mult:m1|lpm_mult:Mult0|mult_7dt:auto_generated|mac_mult3   ; DATAA            ;                       ;
; processingElement:gen_left[1].u_pe_left|regEnable:r5|q_out[15]                ; Duplicated      ; Register Packing ; Timing optimization ; Q         ;                ; processingElement:gen_left[1].u_pe_left|regEnable:r5|q_out[15]~_Duplicate_1                        ; Q                ;                       ;
; processingElement:gen_left[1].u_pe_left|regEnable:r5|q_out[15]~_Duplicate_1   ; Packed Register ; Register Packing ; Timing optimization ; Q         ;                ; processingElement:gen_left[1].u_pe_left|mult:m1|lpm_mult:Mult0|mult_7dt:auto_generated|mac_mult1   ; DATAA            ;                       ;
; processingElement:gen_left[1].u_pe_left|regEnable:r5|q_out[16]                ; Packed Register ; Register Packing ; Timing optimization ; Q         ;                ; processingElement:gen_left[1].u_pe_left|mult:m1|lpm_mult:Mult0|mult_7dt:auto_generated|mac_mult3   ; DATAA            ;                       ;
; processingElement:gen_left[1].u_pe_left|regEnable:r5|q_out[16]                ; Duplicated      ; Register Packing ; Timing optimization ; Q         ;                ; processingElement:gen_left[1].u_pe_left|regEnable:r5|q_out[16]~_Duplicate_1                        ; Q                ;                       ;
; processingElement:gen_left[1].u_pe_left|regEnable:r5|q_out[16]~_Duplicate_1   ; Packed Register ; Register Packing ; Timing optimization ; Q         ;                ; processingElement:gen_left[1].u_pe_left|mult:m1|lpm_mult:Mult0|mult_7dt:auto_generated|mac_mult1   ; DATAA            ;                       ;
; processingElement:gen_left[1].u_pe_left|regEnable:r5|q_out[17]                ; Packed Register ; Register Packing ; Timing optimization ; Q         ;                ; processingElement:gen_left[1].u_pe_left|mult:m1|lpm_mult:Mult0|mult_7dt:auto_generated|mac_mult3   ; DATAA            ;                       ;
; processingElement:gen_left[1].u_pe_left|regEnable:r5|q_out[17]                ; Duplicated      ; Register Packing ; Timing optimization ; Q         ;                ; processingElement:gen_left[1].u_pe_left|regEnable:r5|q_out[17]~_Duplicate_1                        ; Q                ;                       ;
; processingElement:gen_left[1].u_pe_left|regEnable:r5|q_out[17]~_Duplicate_1   ; Packed Register ; Register Packing ; Timing optimization ; Q         ;                ; processingElement:gen_left[1].u_pe_left|mult:m1|lpm_mult:Mult0|mult_7dt:auto_generated|mac_mult1   ; DATAA            ;                       ;
; processingElement:gen_left[1].u_pe_left|regEnable:r5|q_out[18]                ; Packed Register ; Register Packing ; Timing optimization ; Q         ;                ; processingElement:gen_left[1].u_pe_left|mult:m1|lpm_mult:Mult0|mult_7dt:auto_generated|mac_mult5   ; DATAA            ;                       ;
; processingElement:gen_left[1].u_pe_left|regEnable:r5|q_out[18]                ; Duplicated      ; Register Packing ; Timing optimization ; Q         ;                ; processingElement:gen_left[1].u_pe_left|regEnable:r5|q_out[18]~_Duplicate_1                        ; Q                ;                       ;
; processingElement:gen_left[1].u_pe_left|regEnable:r5|q_out[18]~_Duplicate_1   ; Packed Register ; Register Packing ; Timing optimization ; Q         ;                ; processingElement:gen_left[1].u_pe_left|mult:m1|lpm_mult:Mult0|mult_7dt:auto_generated|mac_mult7   ; DATAA            ;                       ;
; processingElement:gen_left[1].u_pe_left|regEnable:r5|q_out[19]                ; Packed Register ; Register Packing ; Timing optimization ; Q         ;                ; processingElement:gen_left[1].u_pe_left|mult:m1|lpm_mult:Mult0|mult_7dt:auto_generated|mac_mult5   ; DATAA            ;                       ;
; processingElement:gen_left[1].u_pe_left|regEnable:r5|q_out[19]                ; Duplicated      ; Register Packing ; Timing optimization ; Q         ;                ; processingElement:gen_left[1].u_pe_left|regEnable:r5|q_out[19]~_Duplicate_1                        ; Q                ;                       ;
; processingElement:gen_left[1].u_pe_left|regEnable:r5|q_out[19]~_Duplicate_1   ; Packed Register ; Register Packing ; Timing optimization ; Q         ;                ; processingElement:gen_left[1].u_pe_left|mult:m1|lpm_mult:Mult0|mult_7dt:auto_generated|mac_mult7   ; DATAA            ;                       ;
; processingElement:gen_left[1].u_pe_left|regEnable:r5|q_out[20]                ; Packed Register ; Register Packing ; Timing optimization ; Q         ;                ; processingElement:gen_left[1].u_pe_left|mult:m1|lpm_mult:Mult0|mult_7dt:auto_generated|mac_mult5   ; DATAA            ;                       ;
; processingElement:gen_left[1].u_pe_left|regEnable:r5|q_out[20]                ; Duplicated      ; Register Packing ; Timing optimization ; Q         ;                ; processingElement:gen_left[1].u_pe_left|regEnable:r5|q_out[20]~_Duplicate_1                        ; Q                ;                       ;
; processingElement:gen_left[1].u_pe_left|regEnable:r5|q_out[20]~_Duplicate_1   ; Packed Register ; Register Packing ; Timing optimization ; Q         ;                ; processingElement:gen_left[1].u_pe_left|mult:m1|lpm_mult:Mult0|mult_7dt:auto_generated|mac_mult7   ; DATAA            ;                       ;
; processingElement:gen_left[1].u_pe_left|regEnable:r5|q_out[21]                ; Packed Register ; Register Packing ; Timing optimization ; Q         ;                ; processingElement:gen_left[1].u_pe_left|mult:m1|lpm_mult:Mult0|mult_7dt:auto_generated|mac_mult5   ; DATAA            ;                       ;
; processingElement:gen_left[1].u_pe_left|regEnable:r5|q_out[21]                ; Duplicated      ; Register Packing ; Timing optimization ; Q         ;                ; processingElement:gen_left[1].u_pe_left|regEnable:r5|q_out[21]~_Duplicate_1                        ; Q                ;                       ;
; processingElement:gen_left[1].u_pe_left|regEnable:r5|q_out[21]~_Duplicate_1   ; Packed Register ; Register Packing ; Timing optimization ; Q         ;                ; processingElement:gen_left[1].u_pe_left|mult:m1|lpm_mult:Mult0|mult_7dt:auto_generated|mac_mult7   ; DATAA            ;                       ;
; processingElement:gen_left[1].u_pe_left|regEnable:r5|q_out[22]                ; Packed Register ; Register Packing ; Timing optimization ; Q         ;                ; processingElement:gen_left[1].u_pe_left|mult:m1|lpm_mult:Mult0|mult_7dt:auto_generated|mac_mult5   ; DATAA            ;                       ;
; processingElement:gen_left[1].u_pe_left|regEnable:r5|q_out[22]                ; Duplicated      ; Register Packing ; Timing optimization ; Q         ;                ; processingElement:gen_left[1].u_pe_left|regEnable:r5|q_out[22]~_Duplicate_1                        ; Q                ;                       ;
; processingElement:gen_left[1].u_pe_left|regEnable:r5|q_out[22]~_Duplicate_1   ; Packed Register ; Register Packing ; Timing optimization ; Q         ;                ; processingElement:gen_left[1].u_pe_left|mult:m1|lpm_mult:Mult0|mult_7dt:auto_generated|mac_mult7   ; DATAA            ;                       ;
; processingElement:gen_left[1].u_pe_left|regEnable:r5|q_out[23]                ; Packed Register ; Register Packing ; Timing optimization ; Q         ;                ; processingElement:gen_left[1].u_pe_left|mult:m1|lpm_mult:Mult0|mult_7dt:auto_generated|mac_mult5   ; DATAA            ;                       ;
; processingElement:gen_left[1].u_pe_left|regEnable:r5|q_out[23]                ; Duplicated      ; Register Packing ; Timing optimization ; Q         ;                ; processingElement:gen_left[1].u_pe_left|regEnable:r5|q_out[23]~_Duplicate_1                        ; Q                ;                       ;
; processingElement:gen_left[1].u_pe_left|regEnable:r5|q_out[23]~_Duplicate_1   ; Packed Register ; Register Packing ; Timing optimization ; Q         ;                ; processingElement:gen_left[1].u_pe_left|mult:m1|lpm_mult:Mult0|mult_7dt:auto_generated|mac_mult7   ; DATAA            ;                       ;
; processingElement:gen_left[1].u_pe_left|regEnable:r5|q_out[24]                ; Packed Register ; Register Packing ; Timing optimization ; Q         ;                ; processingElement:gen_left[1].u_pe_left|mult:m1|lpm_mult:Mult0|mult_7dt:auto_generated|mac_mult5   ; DATAA            ;                       ;
; processingElement:gen_left[1].u_pe_left|regEnable:r5|q_out[24]                ; Duplicated      ; Register Packing ; Timing optimization ; Q         ;                ; processingElement:gen_left[1].u_pe_left|regEnable:r5|q_out[24]~_Duplicate_1                        ; Q                ;                       ;
; processingElement:gen_left[1].u_pe_left|regEnable:r5|q_out[24]~_Duplicate_1   ; Packed Register ; Register Packing ; Timing optimization ; Q         ;                ; processingElement:gen_left[1].u_pe_left|mult:m1|lpm_mult:Mult0|mult_7dt:auto_generated|mac_mult7   ; DATAA            ;                       ;
; processingElement:gen_left[1].u_pe_left|regEnable:r5|q_out[25]                ; Packed Register ; Register Packing ; Timing optimization ; Q         ;                ; processingElement:gen_left[1].u_pe_left|mult:m1|lpm_mult:Mult0|mult_7dt:auto_generated|mac_mult5   ; DATAA            ;                       ;
; processingElement:gen_left[1].u_pe_left|regEnable:r5|q_out[25]                ; Duplicated      ; Register Packing ; Timing optimization ; Q         ;                ; processingElement:gen_left[1].u_pe_left|regEnable:r5|q_out[25]~_Duplicate_1                        ; Q                ;                       ;
; processingElement:gen_left[1].u_pe_left|regEnable:r5|q_out[25]~_Duplicate_1   ; Packed Register ; Register Packing ; Timing optimization ; Q         ;                ; processingElement:gen_left[1].u_pe_left|mult:m1|lpm_mult:Mult0|mult_7dt:auto_generated|mac_mult7   ; DATAA            ;                       ;
; processingElement:gen_left[1].u_pe_left|regEnable:r5|q_out[26]                ; Packed Register ; Register Packing ; Timing optimization ; Q         ;                ; processingElement:gen_left[1].u_pe_left|mult:m1|lpm_mult:Mult0|mult_7dt:auto_generated|mac_mult5   ; DATAA            ;                       ;
; processingElement:gen_left[1].u_pe_left|regEnable:r5|q_out[26]                ; Duplicated      ; Register Packing ; Timing optimization ; Q         ;                ; processingElement:gen_left[1].u_pe_left|regEnable:r5|q_out[26]~_Duplicate_1                        ; Q                ;                       ;
; processingElement:gen_left[1].u_pe_left|regEnable:r5|q_out[26]~_Duplicate_1   ; Packed Register ; Register Packing ; Timing optimization ; Q         ;                ; processingElement:gen_left[1].u_pe_left|mult:m1|lpm_mult:Mult0|mult_7dt:auto_generated|mac_mult7   ; DATAA            ;                       ;
; processingElement:gen_left[1].u_pe_left|regEnable:r5|q_out[27]                ; Packed Register ; Register Packing ; Timing optimization ; Q         ;                ; processingElement:gen_left[1].u_pe_left|mult:m1|lpm_mult:Mult0|mult_7dt:auto_generated|mac_mult5   ; DATAA            ;                       ;
; processingElement:gen_left[1].u_pe_left|regEnable:r5|q_out[27]                ; Duplicated      ; Register Packing ; Timing optimization ; Q         ;                ; processingElement:gen_left[1].u_pe_left|regEnable:r5|q_out[27]~_Duplicate_1                        ; Q                ;                       ;
; processingElement:gen_left[1].u_pe_left|regEnable:r5|q_out[27]~_Duplicate_1   ; Packed Register ; Register Packing ; Timing optimization ; Q         ;                ; processingElement:gen_left[1].u_pe_left|mult:m1|lpm_mult:Mult0|mult_7dt:auto_generated|mac_mult7   ; DATAA            ;                       ;
; processingElement:gen_left[1].u_pe_left|regEnable:r5|q_out[28]                ; Packed Register ; Register Packing ; Timing optimization ; Q         ;                ; processingElement:gen_left[1].u_pe_left|mult:m1|lpm_mult:Mult0|mult_7dt:auto_generated|mac_mult5   ; DATAA            ;                       ;
; processingElement:gen_left[1].u_pe_left|regEnable:r5|q_out[28]                ; Duplicated      ; Register Packing ; Timing optimization ; Q         ;                ; processingElement:gen_left[1].u_pe_left|regEnable:r5|q_out[28]~_Duplicate_1                        ; Q                ;                       ;
; processingElement:gen_left[1].u_pe_left|regEnable:r5|q_out[28]~_Duplicate_1   ; Packed Register ; Register Packing ; Timing optimization ; Q         ;                ; processingElement:gen_left[1].u_pe_left|mult:m1|lpm_mult:Mult0|mult_7dt:auto_generated|mac_mult7   ; DATAA            ;                       ;
; processingElement:gen_left[1].u_pe_left|regEnable:r5|q_out[29]                ; Packed Register ; Register Packing ; Timing optimization ; Q         ;                ; processingElement:gen_left[1].u_pe_left|mult:m1|lpm_mult:Mult0|mult_7dt:auto_generated|mac_mult5   ; DATAA            ;                       ;
; processingElement:gen_left[1].u_pe_left|regEnable:r5|q_out[29]                ; Duplicated      ; Register Packing ; Timing optimization ; Q         ;                ; processingElement:gen_left[1].u_pe_left|regEnable:r5|q_out[29]~_Duplicate_1                        ; Q                ;                       ;
; processingElement:gen_left[1].u_pe_left|regEnable:r5|q_out[29]~_Duplicate_1   ; Packed Register ; Register Packing ; Timing optimization ; Q         ;                ; processingElement:gen_left[1].u_pe_left|mult:m1|lpm_mult:Mult0|mult_7dt:auto_generated|mac_mult7   ; DATAA            ;                       ;
; processingElement:gen_left[1].u_pe_left|regEnable:r5|q_out[30]                ; Packed Register ; Register Packing ; Timing optimization ; Q         ;                ; processingElement:gen_left[1].u_pe_left|mult:m1|lpm_mult:Mult0|mult_7dt:auto_generated|mac_mult5   ; DATAA            ;                       ;
; processingElement:gen_left[1].u_pe_left|regEnable:r5|q_out[30]                ; Duplicated      ; Register Packing ; Timing optimization ; Q         ;                ; processingElement:gen_left[1].u_pe_left|regEnable:r5|q_out[30]~_Duplicate_1                        ; Q                ;                       ;
; processingElement:gen_left[1].u_pe_left|regEnable:r5|q_out[30]~_Duplicate_1   ; Packed Register ; Register Packing ; Timing optimization ; Q         ;                ; processingElement:gen_left[1].u_pe_left|mult:m1|lpm_mult:Mult0|mult_7dt:auto_generated|mac_mult7   ; DATAA            ;                       ;
; processingElement:gen_left[1].u_pe_left|regEnable:r5|q_out[31]                ; Packed Register ; Register Packing ; Timing optimization ; Q         ;                ; processingElement:gen_left[1].u_pe_left|mult:m1|lpm_mult:Mult0|mult_7dt:auto_generated|mac_mult5   ; DATAA            ;                       ;
; processingElement:gen_left[1].u_pe_left|regEnable:r5|q_out[31]                ; Duplicated      ; Register Packing ; Timing optimization ; Q         ;                ; processingElement:gen_left[1].u_pe_left|regEnable:r5|q_out[31]~_Duplicate_1                        ; Q                ;                       ;
; processingElement:gen_left[1].u_pe_left|regEnable:r5|q_out[31]~_Duplicate_1   ; Packed Register ; Register Packing ; Timing optimization ; Q         ;                ; processingElement:gen_left[1].u_pe_left|mult:m1|lpm_mult:Mult0|mult_7dt:auto_generated|mac_mult7   ; DATAA            ;                       ;
; processingElement:gen_right[2].u_pe_right|regEnable:r5|q_out[0]               ; Packed Register ; Register Packing ; Timing optimization ; Q         ;                ; processingElement:gen_right[2].u_pe_right|mult:m1|lpm_mult:Mult0|mult_7dt:auto_generated|mac_mult3 ; DATAA            ;                       ;
; processingElement:gen_right[2].u_pe_right|regEnable:r5|q_out[0]               ; Duplicated      ; Register Packing ; Timing optimization ; Q         ;                ; processingElement:gen_right[2].u_pe_right|regEnable:r5|q_out[0]~_Duplicate_1                       ; Q                ;                       ;
; processingElement:gen_right[2].u_pe_right|regEnable:r5|q_out[0]~_Duplicate_1  ; Packed Register ; Register Packing ; Timing optimization ; Q         ;                ; processingElement:gen_right[2].u_pe_right|mult:m1|lpm_mult:Mult0|mult_7dt:auto_generated|mac_mult1 ; DATAA            ;                       ;
; processingElement:gen_right[2].u_pe_right|regEnable:r5|q_out[1]               ; Packed Register ; Register Packing ; Timing optimization ; Q         ;                ; processingElement:gen_right[2].u_pe_right|mult:m1|lpm_mult:Mult0|mult_7dt:auto_generated|mac_mult3 ; DATAA            ;                       ;
; processingElement:gen_right[2].u_pe_right|regEnable:r5|q_out[1]               ; Duplicated      ; Register Packing ; Timing optimization ; Q         ;                ; processingElement:gen_right[2].u_pe_right|regEnable:r5|q_out[1]~_Duplicate_1                       ; Q                ;                       ;
; processingElement:gen_right[2].u_pe_right|regEnable:r5|q_out[1]~_Duplicate_1  ; Packed Register ; Register Packing ; Timing optimization ; Q         ;                ; processingElement:gen_right[2].u_pe_right|mult:m1|lpm_mult:Mult0|mult_7dt:auto_generated|mac_mult1 ; DATAA            ;                       ;
; processingElement:gen_right[2].u_pe_right|regEnable:r5|q_out[2]               ; Packed Register ; Register Packing ; Timing optimization ; Q         ;                ; processingElement:gen_right[2].u_pe_right|mult:m1|lpm_mult:Mult0|mult_7dt:auto_generated|mac_mult3 ; DATAA            ;                       ;
; processingElement:gen_right[2].u_pe_right|regEnable:r5|q_out[2]               ; Duplicated      ; Register Packing ; Timing optimization ; Q         ;                ; processingElement:gen_right[2].u_pe_right|regEnable:r5|q_out[2]~_Duplicate_1                       ; Q                ;                       ;
; processingElement:gen_right[2].u_pe_right|regEnable:r5|q_out[2]~_Duplicate_1  ; Packed Register ; Register Packing ; Timing optimization ; Q         ;                ; processingElement:gen_right[2].u_pe_right|mult:m1|lpm_mult:Mult0|mult_7dt:auto_generated|mac_mult1 ; DATAA            ;                       ;
; processingElement:gen_right[2].u_pe_right|regEnable:r5|q_out[3]               ; Packed Register ; Register Packing ; Timing optimization ; Q         ;                ; processingElement:gen_right[2].u_pe_right|mult:m1|lpm_mult:Mult0|mult_7dt:auto_generated|mac_mult3 ; DATAA            ;                       ;
; processingElement:gen_right[2].u_pe_right|regEnable:r5|q_out[3]               ; Duplicated      ; Register Packing ; Timing optimization ; Q         ;                ; processingElement:gen_right[2].u_pe_right|regEnable:r5|q_out[3]~_Duplicate_1                       ; Q                ;                       ;
; processingElement:gen_right[2].u_pe_right|regEnable:r5|q_out[3]~_Duplicate_1  ; Packed Register ; Register Packing ; Timing optimization ; Q         ;                ; processingElement:gen_right[2].u_pe_right|mult:m1|lpm_mult:Mult0|mult_7dt:auto_generated|mac_mult1 ; DATAA            ;                       ;
; processingElement:gen_right[2].u_pe_right|regEnable:r5|q_out[4]               ; Packed Register ; Register Packing ; Timing optimization ; Q         ;                ; processingElement:gen_right[2].u_pe_right|mult:m1|lpm_mult:Mult0|mult_7dt:auto_generated|mac_mult3 ; DATAA            ;                       ;
; processingElement:gen_right[2].u_pe_right|regEnable:r5|q_out[4]               ; Duplicated      ; Register Packing ; Timing optimization ; Q         ;                ; processingElement:gen_right[2].u_pe_right|regEnable:r5|q_out[4]~_Duplicate_1                       ; Q                ;                       ;
; processingElement:gen_right[2].u_pe_right|regEnable:r5|q_out[4]~_Duplicate_1  ; Packed Register ; Register Packing ; Timing optimization ; Q         ;                ; processingElement:gen_right[2].u_pe_right|mult:m1|lpm_mult:Mult0|mult_7dt:auto_generated|mac_mult1 ; DATAA            ;                       ;
; processingElement:gen_right[2].u_pe_right|regEnable:r5|q_out[5]               ; Packed Register ; Register Packing ; Timing optimization ; Q         ;                ; processingElement:gen_right[2].u_pe_right|mult:m1|lpm_mult:Mult0|mult_7dt:auto_generated|mac_mult3 ; DATAA            ;                       ;
; processingElement:gen_right[2].u_pe_right|regEnable:r5|q_out[5]               ; Duplicated      ; Register Packing ; Timing optimization ; Q         ;                ; processingElement:gen_right[2].u_pe_right|regEnable:r5|q_out[5]~_Duplicate_1                       ; Q                ;                       ;
; processingElement:gen_right[2].u_pe_right|regEnable:r5|q_out[5]~_Duplicate_1  ; Packed Register ; Register Packing ; Timing optimization ; Q         ;                ; processingElement:gen_right[2].u_pe_right|mult:m1|lpm_mult:Mult0|mult_7dt:auto_generated|mac_mult1 ; DATAA            ;                       ;
; processingElement:gen_right[2].u_pe_right|regEnable:r5|q_out[6]               ; Packed Register ; Register Packing ; Timing optimization ; Q         ;                ; processingElement:gen_right[2].u_pe_right|mult:m1|lpm_mult:Mult0|mult_7dt:auto_generated|mac_mult3 ; DATAA            ;                       ;
; processingElement:gen_right[2].u_pe_right|regEnable:r5|q_out[6]               ; Duplicated      ; Register Packing ; Timing optimization ; Q         ;                ; processingElement:gen_right[2].u_pe_right|regEnable:r5|q_out[6]~_Duplicate_1                       ; Q                ;                       ;
; processingElement:gen_right[2].u_pe_right|regEnable:r5|q_out[6]~_Duplicate_1  ; Packed Register ; Register Packing ; Timing optimization ; Q         ;                ; processingElement:gen_right[2].u_pe_right|mult:m1|lpm_mult:Mult0|mult_7dt:auto_generated|mac_mult1 ; DATAA            ;                       ;
; processingElement:gen_right[2].u_pe_right|regEnable:r5|q_out[7]               ; Packed Register ; Register Packing ; Timing optimization ; Q         ;                ; processingElement:gen_right[2].u_pe_right|mult:m1|lpm_mult:Mult0|mult_7dt:auto_generated|mac_mult3 ; DATAA            ;                       ;
; processingElement:gen_right[2].u_pe_right|regEnable:r5|q_out[7]               ; Duplicated      ; Register Packing ; Timing optimization ; Q         ;                ; processingElement:gen_right[2].u_pe_right|regEnable:r5|q_out[7]~_Duplicate_1                       ; Q                ;                       ;
; processingElement:gen_right[2].u_pe_right|regEnable:r5|q_out[7]~_Duplicate_1  ; Packed Register ; Register Packing ; Timing optimization ; Q         ;                ; processingElement:gen_right[2].u_pe_right|mult:m1|lpm_mult:Mult0|mult_7dt:auto_generated|mac_mult1 ; DATAA            ;                       ;
; processingElement:gen_right[2].u_pe_right|regEnable:r5|q_out[8]               ; Packed Register ; Register Packing ; Timing optimization ; Q         ;                ; processingElement:gen_right[2].u_pe_right|mult:m1|lpm_mult:Mult0|mult_7dt:auto_generated|mac_mult3 ; DATAA            ;                       ;
; processingElement:gen_right[2].u_pe_right|regEnable:r5|q_out[8]               ; Duplicated      ; Register Packing ; Timing optimization ; Q         ;                ; processingElement:gen_right[2].u_pe_right|regEnable:r5|q_out[8]~_Duplicate_1                       ; Q                ;                       ;
; processingElement:gen_right[2].u_pe_right|regEnable:r5|q_out[8]~_Duplicate_1  ; Packed Register ; Register Packing ; Timing optimization ; Q         ;                ; processingElement:gen_right[2].u_pe_right|mult:m1|lpm_mult:Mult0|mult_7dt:auto_generated|mac_mult1 ; DATAA            ;                       ;
; processingElement:gen_right[2].u_pe_right|regEnable:r5|q_out[9]               ; Packed Register ; Register Packing ; Timing optimization ; Q         ;                ; processingElement:gen_right[2].u_pe_right|mult:m1|lpm_mult:Mult0|mult_7dt:auto_generated|mac_mult3 ; DATAA            ;                       ;
; processingElement:gen_right[2].u_pe_right|regEnable:r5|q_out[9]               ; Duplicated      ; Register Packing ; Timing optimization ; Q         ;                ; processingElement:gen_right[2].u_pe_right|regEnable:r5|q_out[9]~_Duplicate_1                       ; Q                ;                       ;
; processingElement:gen_right[2].u_pe_right|regEnable:r5|q_out[9]~_Duplicate_1  ; Packed Register ; Register Packing ; Timing optimization ; Q         ;                ; processingElement:gen_right[2].u_pe_right|mult:m1|lpm_mult:Mult0|mult_7dt:auto_generated|mac_mult1 ; DATAA            ;                       ;
; processingElement:gen_right[2].u_pe_right|regEnable:r5|q_out[10]              ; Packed Register ; Register Packing ; Timing optimization ; Q         ;                ; processingElement:gen_right[2].u_pe_right|mult:m1|lpm_mult:Mult0|mult_7dt:auto_generated|mac_mult3 ; DATAA            ;                       ;
; processingElement:gen_right[2].u_pe_right|regEnable:r5|q_out[10]              ; Duplicated      ; Register Packing ; Timing optimization ; Q         ;                ; processingElement:gen_right[2].u_pe_right|regEnable:r5|q_out[10]~_Duplicate_1                      ; Q                ;                       ;
; processingElement:gen_right[2].u_pe_right|regEnable:r5|q_out[10]~_Duplicate_1 ; Packed Register ; Register Packing ; Timing optimization ; Q         ;                ; processingElement:gen_right[2].u_pe_right|mult:m1|lpm_mult:Mult0|mult_7dt:auto_generated|mac_mult1 ; DATAA            ;                       ;
; processingElement:gen_right[2].u_pe_right|regEnable:r5|q_out[11]              ; Packed Register ; Register Packing ; Timing optimization ; Q         ;                ; processingElement:gen_right[2].u_pe_right|mult:m1|lpm_mult:Mult0|mult_7dt:auto_generated|mac_mult3 ; DATAA            ;                       ;
; processingElement:gen_right[2].u_pe_right|regEnable:r5|q_out[11]              ; Duplicated      ; Register Packing ; Timing optimization ; Q         ;                ; processingElement:gen_right[2].u_pe_right|regEnable:r5|q_out[11]~_Duplicate_1                      ; Q                ;                       ;
; processingElement:gen_right[2].u_pe_right|regEnable:r5|q_out[11]~_Duplicate_1 ; Packed Register ; Register Packing ; Timing optimization ; Q         ;                ; processingElement:gen_right[2].u_pe_right|mult:m1|lpm_mult:Mult0|mult_7dt:auto_generated|mac_mult1 ; DATAA            ;                       ;
; processingElement:gen_right[2].u_pe_right|regEnable:r5|q_out[12]              ; Packed Register ; Register Packing ; Timing optimization ; Q         ;                ; processingElement:gen_right[2].u_pe_right|mult:m1|lpm_mult:Mult0|mult_7dt:auto_generated|mac_mult3 ; DATAA            ;                       ;
; processingElement:gen_right[2].u_pe_right|regEnable:r5|q_out[12]              ; Duplicated      ; Register Packing ; Timing optimization ; Q         ;                ; processingElement:gen_right[2].u_pe_right|regEnable:r5|q_out[12]~_Duplicate_1                      ; Q                ;                       ;
; processingElement:gen_right[2].u_pe_right|regEnable:r5|q_out[12]~_Duplicate_1 ; Packed Register ; Register Packing ; Timing optimization ; Q         ;                ; processingElement:gen_right[2].u_pe_right|mult:m1|lpm_mult:Mult0|mult_7dt:auto_generated|mac_mult1 ; DATAA            ;                       ;
; processingElement:gen_right[2].u_pe_right|regEnable:r5|q_out[13]              ; Packed Register ; Register Packing ; Timing optimization ; Q         ;                ; processingElement:gen_right[2].u_pe_right|mult:m1|lpm_mult:Mult0|mult_7dt:auto_generated|mac_mult3 ; DATAA            ;                       ;
; processingElement:gen_right[2].u_pe_right|regEnable:r5|q_out[13]              ; Duplicated      ; Register Packing ; Timing optimization ; Q         ;                ; processingElement:gen_right[2].u_pe_right|regEnable:r5|q_out[13]~_Duplicate_1                      ; Q                ;                       ;
; processingElement:gen_right[2].u_pe_right|regEnable:r5|q_out[13]~_Duplicate_1 ; Packed Register ; Register Packing ; Timing optimization ; Q         ;                ; processingElement:gen_right[2].u_pe_right|mult:m1|lpm_mult:Mult0|mult_7dt:auto_generated|mac_mult1 ; DATAA            ;                       ;
; processingElement:gen_right[2].u_pe_right|regEnable:r5|q_out[14]              ; Packed Register ; Register Packing ; Timing optimization ; Q         ;                ; processingElement:gen_right[2].u_pe_right|mult:m1|lpm_mult:Mult0|mult_7dt:auto_generated|mac_mult3 ; DATAA            ;                       ;
; processingElement:gen_right[2].u_pe_right|regEnable:r5|q_out[14]              ; Duplicated      ; Register Packing ; Timing optimization ; Q         ;                ; processingElement:gen_right[2].u_pe_right|regEnable:r5|q_out[14]~_Duplicate_1                      ; Q                ;                       ;
; processingElement:gen_right[2].u_pe_right|regEnable:r5|q_out[14]~_Duplicate_1 ; Packed Register ; Register Packing ; Timing optimization ; Q         ;                ; processingElement:gen_right[2].u_pe_right|mult:m1|lpm_mult:Mult0|mult_7dt:auto_generated|mac_mult1 ; DATAA            ;                       ;
; processingElement:gen_right[2].u_pe_right|regEnable:r5|q_out[15]              ; Packed Register ; Register Packing ; Timing optimization ; Q         ;                ; processingElement:gen_right[2].u_pe_right|mult:m1|lpm_mult:Mult0|mult_7dt:auto_generated|mac_mult3 ; DATAA            ;                       ;
; processingElement:gen_right[2].u_pe_right|regEnable:r5|q_out[15]              ; Duplicated      ; Register Packing ; Timing optimization ; Q         ;                ; processingElement:gen_right[2].u_pe_right|regEnable:r5|q_out[15]~_Duplicate_1                      ; Q                ;                       ;
; processingElement:gen_right[2].u_pe_right|regEnable:r5|q_out[15]~_Duplicate_1 ; Packed Register ; Register Packing ; Timing optimization ; Q         ;                ; processingElement:gen_right[2].u_pe_right|mult:m1|lpm_mult:Mult0|mult_7dt:auto_generated|mac_mult1 ; DATAA            ;                       ;
; processingElement:gen_right[2].u_pe_right|regEnable:r5|q_out[16]              ; Packed Register ; Register Packing ; Timing optimization ; Q         ;                ; processingElement:gen_right[2].u_pe_right|mult:m1|lpm_mult:Mult0|mult_7dt:auto_generated|mac_mult3 ; DATAA            ;                       ;
; processingElement:gen_right[2].u_pe_right|regEnable:r5|q_out[16]              ; Duplicated      ; Register Packing ; Timing optimization ; Q         ;                ; processingElement:gen_right[2].u_pe_right|regEnable:r5|q_out[16]~_Duplicate_1                      ; Q                ;                       ;
; processingElement:gen_right[2].u_pe_right|regEnable:r5|q_out[16]~_Duplicate_1 ; Packed Register ; Register Packing ; Timing optimization ; Q         ;                ; processingElement:gen_right[2].u_pe_right|mult:m1|lpm_mult:Mult0|mult_7dt:auto_generated|mac_mult1 ; DATAA            ;                       ;
; processingElement:gen_right[2].u_pe_right|regEnable:r5|q_out[17]              ; Packed Register ; Register Packing ; Timing optimization ; Q         ;                ; processingElement:gen_right[2].u_pe_right|mult:m1|lpm_mult:Mult0|mult_7dt:auto_generated|mac_mult3 ; DATAA            ;                       ;
; processingElement:gen_right[2].u_pe_right|regEnable:r5|q_out[17]              ; Duplicated      ; Register Packing ; Timing optimization ; Q         ;                ; processingElement:gen_right[2].u_pe_right|regEnable:r5|q_out[17]~_Duplicate_1                      ; Q                ;                       ;
; processingElement:gen_right[2].u_pe_right|regEnable:r5|q_out[17]~_Duplicate_1 ; Packed Register ; Register Packing ; Timing optimization ; Q         ;                ; processingElement:gen_right[2].u_pe_right|mult:m1|lpm_mult:Mult0|mult_7dt:auto_generated|mac_mult1 ; DATAA            ;                       ;
; processingElement:gen_right[2].u_pe_right|regEnable:r5|q_out[18]              ; Packed Register ; Register Packing ; Timing optimization ; Q         ;                ; processingElement:gen_right[2].u_pe_right|mult:m1|lpm_mult:Mult0|mult_7dt:auto_generated|mac_mult5 ; DATAA            ;                       ;
; processingElement:gen_right[2].u_pe_right|regEnable:r5|q_out[18]              ; Duplicated      ; Register Packing ; Timing optimization ; Q         ;                ; processingElement:gen_right[2].u_pe_right|regEnable:r5|q_out[18]~_Duplicate_1                      ; Q                ;                       ;
; processingElement:gen_right[2].u_pe_right|regEnable:r5|q_out[18]~_Duplicate_1 ; Packed Register ; Register Packing ; Timing optimization ; Q         ;                ; processingElement:gen_right[2].u_pe_right|mult:m1|lpm_mult:Mult0|mult_7dt:auto_generated|mac_mult7 ; DATAA            ;                       ;
; processingElement:gen_right[2].u_pe_right|regEnable:r5|q_out[19]              ; Packed Register ; Register Packing ; Timing optimization ; Q         ;                ; processingElement:gen_right[2].u_pe_right|mult:m1|lpm_mult:Mult0|mult_7dt:auto_generated|mac_mult5 ; DATAA            ;                       ;
; processingElement:gen_right[2].u_pe_right|regEnable:r5|q_out[19]              ; Duplicated      ; Register Packing ; Timing optimization ; Q         ;                ; processingElement:gen_right[2].u_pe_right|regEnable:r5|q_out[19]~_Duplicate_1                      ; Q                ;                       ;
; processingElement:gen_right[2].u_pe_right|regEnable:r5|q_out[19]~_Duplicate_1 ; Packed Register ; Register Packing ; Timing optimization ; Q         ;                ; processingElement:gen_right[2].u_pe_right|mult:m1|lpm_mult:Mult0|mult_7dt:auto_generated|mac_mult7 ; DATAA            ;                       ;
; processingElement:gen_right[2].u_pe_right|regEnable:r5|q_out[20]              ; Packed Register ; Register Packing ; Timing optimization ; Q         ;                ; processingElement:gen_right[2].u_pe_right|mult:m1|lpm_mult:Mult0|mult_7dt:auto_generated|mac_mult5 ; DATAA            ;                       ;
; processingElement:gen_right[2].u_pe_right|regEnable:r5|q_out[20]              ; Duplicated      ; Register Packing ; Timing optimization ; Q         ;                ; processingElement:gen_right[2].u_pe_right|regEnable:r5|q_out[20]~_Duplicate_1                      ; Q                ;                       ;
; processingElement:gen_right[2].u_pe_right|regEnable:r5|q_out[20]~_Duplicate_1 ; Packed Register ; Register Packing ; Timing optimization ; Q         ;                ; processingElement:gen_right[2].u_pe_right|mult:m1|lpm_mult:Mult0|mult_7dt:auto_generated|mac_mult7 ; DATAA            ;                       ;
; processingElement:gen_right[2].u_pe_right|regEnable:r5|q_out[21]              ; Packed Register ; Register Packing ; Timing optimization ; Q         ;                ; processingElement:gen_right[2].u_pe_right|mult:m1|lpm_mult:Mult0|mult_7dt:auto_generated|mac_mult5 ; DATAA            ;                       ;
; processingElement:gen_right[2].u_pe_right|regEnable:r5|q_out[21]              ; Duplicated      ; Register Packing ; Timing optimization ; Q         ;                ; processingElement:gen_right[2].u_pe_right|regEnable:r5|q_out[21]~_Duplicate_1                      ; Q                ;                       ;
; processingElement:gen_right[2].u_pe_right|regEnable:r5|q_out[21]~_Duplicate_1 ; Packed Register ; Register Packing ; Timing optimization ; Q         ;                ; processingElement:gen_right[2].u_pe_right|mult:m1|lpm_mult:Mult0|mult_7dt:auto_generated|mac_mult7 ; DATAA            ;                       ;
; processingElement:gen_right[2].u_pe_right|regEnable:r5|q_out[22]              ; Packed Register ; Register Packing ; Timing optimization ; Q         ;                ; processingElement:gen_right[2].u_pe_right|mult:m1|lpm_mult:Mult0|mult_7dt:auto_generated|mac_mult5 ; DATAA            ;                       ;
; processingElement:gen_right[2].u_pe_right|regEnable:r5|q_out[22]              ; Duplicated      ; Register Packing ; Timing optimization ; Q         ;                ; processingElement:gen_right[2].u_pe_right|regEnable:r5|q_out[22]~_Duplicate_1                      ; Q                ;                       ;
; processingElement:gen_right[2].u_pe_right|regEnable:r5|q_out[22]~_Duplicate_1 ; Packed Register ; Register Packing ; Timing optimization ; Q         ;                ; processingElement:gen_right[2].u_pe_right|mult:m1|lpm_mult:Mult0|mult_7dt:auto_generated|mac_mult7 ; DATAA            ;                       ;
; processingElement:gen_right[2].u_pe_right|regEnable:r5|q_out[23]              ; Packed Register ; Register Packing ; Timing optimization ; Q         ;                ; processingElement:gen_right[2].u_pe_right|mult:m1|lpm_mult:Mult0|mult_7dt:auto_generated|mac_mult5 ; DATAA            ;                       ;
; processingElement:gen_right[2].u_pe_right|regEnable:r5|q_out[23]              ; Duplicated      ; Register Packing ; Timing optimization ; Q         ;                ; processingElement:gen_right[2].u_pe_right|regEnable:r5|q_out[23]~_Duplicate_1                      ; Q                ;                       ;
; processingElement:gen_right[2].u_pe_right|regEnable:r5|q_out[23]~_Duplicate_1 ; Packed Register ; Register Packing ; Timing optimization ; Q         ;                ; processingElement:gen_right[2].u_pe_right|mult:m1|lpm_mult:Mult0|mult_7dt:auto_generated|mac_mult7 ; DATAA            ;                       ;
; processingElement:gen_right[2].u_pe_right|regEnable:r5|q_out[24]              ; Packed Register ; Register Packing ; Timing optimization ; Q         ;                ; processingElement:gen_right[2].u_pe_right|mult:m1|lpm_mult:Mult0|mult_7dt:auto_generated|mac_mult5 ; DATAA            ;                       ;
; processingElement:gen_right[2].u_pe_right|regEnable:r5|q_out[24]              ; Duplicated      ; Register Packing ; Timing optimization ; Q         ;                ; processingElement:gen_right[2].u_pe_right|regEnable:r5|q_out[24]~_Duplicate_1                      ; Q                ;                       ;
; processingElement:gen_right[2].u_pe_right|regEnable:r5|q_out[24]~_Duplicate_1 ; Packed Register ; Register Packing ; Timing optimization ; Q         ;                ; processingElement:gen_right[2].u_pe_right|mult:m1|lpm_mult:Mult0|mult_7dt:auto_generated|mac_mult7 ; DATAA            ;                       ;
; processingElement:gen_right[2].u_pe_right|regEnable:r5|q_out[25]              ; Packed Register ; Register Packing ; Timing optimization ; Q         ;                ; processingElement:gen_right[2].u_pe_right|mult:m1|lpm_mult:Mult0|mult_7dt:auto_generated|mac_mult5 ; DATAA            ;                       ;
; processingElement:gen_right[2].u_pe_right|regEnable:r5|q_out[25]              ; Duplicated      ; Register Packing ; Timing optimization ; Q         ;                ; processingElement:gen_right[2].u_pe_right|regEnable:r5|q_out[25]~_Duplicate_1                      ; Q                ;                       ;
; processingElement:gen_right[2].u_pe_right|regEnable:r5|q_out[25]~_Duplicate_1 ; Packed Register ; Register Packing ; Timing optimization ; Q         ;                ; processingElement:gen_right[2].u_pe_right|mult:m1|lpm_mult:Mult0|mult_7dt:auto_generated|mac_mult7 ; DATAA            ;                       ;
; processingElement:gen_right[2].u_pe_right|regEnable:r5|q_out[26]              ; Packed Register ; Register Packing ; Timing optimization ; Q         ;                ; processingElement:gen_right[2].u_pe_right|mult:m1|lpm_mult:Mult0|mult_7dt:auto_generated|mac_mult5 ; DATAA            ;                       ;
; processingElement:gen_right[2].u_pe_right|regEnable:r5|q_out[26]              ; Duplicated      ; Register Packing ; Timing optimization ; Q         ;                ; processingElement:gen_right[2].u_pe_right|regEnable:r5|q_out[26]~_Duplicate_1                      ; Q                ;                       ;
; processingElement:gen_right[2].u_pe_right|regEnable:r5|q_out[26]~_Duplicate_1 ; Packed Register ; Register Packing ; Timing optimization ; Q         ;                ; processingElement:gen_right[2].u_pe_right|mult:m1|lpm_mult:Mult0|mult_7dt:auto_generated|mac_mult7 ; DATAA            ;                       ;
; processingElement:gen_right[2].u_pe_right|regEnable:r5|q_out[27]              ; Packed Register ; Register Packing ; Timing optimization ; Q         ;                ; processingElement:gen_right[2].u_pe_right|mult:m1|lpm_mult:Mult0|mult_7dt:auto_generated|mac_mult5 ; DATAA            ;                       ;
; processingElement:gen_right[2].u_pe_right|regEnable:r5|q_out[27]              ; Duplicated      ; Register Packing ; Timing optimization ; Q         ;                ; processingElement:gen_right[2].u_pe_right|regEnable:r5|q_out[27]~_Duplicate_1                      ; Q                ;                       ;
; processingElement:gen_right[2].u_pe_right|regEnable:r5|q_out[27]~_Duplicate_1 ; Packed Register ; Register Packing ; Timing optimization ; Q         ;                ; processingElement:gen_right[2].u_pe_right|mult:m1|lpm_mult:Mult0|mult_7dt:auto_generated|mac_mult7 ; DATAA            ;                       ;
; processingElement:gen_right[2].u_pe_right|regEnable:r5|q_out[28]              ; Packed Register ; Register Packing ; Timing optimization ; Q         ;                ; processingElement:gen_right[2].u_pe_right|mult:m1|lpm_mult:Mult0|mult_7dt:auto_generated|mac_mult5 ; DATAA            ;                       ;
; processingElement:gen_right[2].u_pe_right|regEnable:r5|q_out[28]              ; Duplicated      ; Register Packing ; Timing optimization ; Q         ;                ; processingElement:gen_right[2].u_pe_right|regEnable:r5|q_out[28]~_Duplicate_1                      ; Q                ;                       ;
; processingElement:gen_right[2].u_pe_right|regEnable:r5|q_out[28]~_Duplicate_1 ; Packed Register ; Register Packing ; Timing optimization ; Q         ;                ; processingElement:gen_right[2].u_pe_right|mult:m1|lpm_mult:Mult0|mult_7dt:auto_generated|mac_mult7 ; DATAA            ;                       ;
; processingElement:gen_right[2].u_pe_right|regEnable:r5|q_out[29]              ; Packed Register ; Register Packing ; Timing optimization ; Q         ;                ; processingElement:gen_right[2].u_pe_right|mult:m1|lpm_mult:Mult0|mult_7dt:auto_generated|mac_mult5 ; DATAA            ;                       ;
; processingElement:gen_right[2].u_pe_right|regEnable:r5|q_out[29]              ; Duplicated      ; Register Packing ; Timing optimization ; Q         ;                ; processingElement:gen_right[2].u_pe_right|regEnable:r5|q_out[29]~_Duplicate_1                      ; Q                ;                       ;
; processingElement:gen_right[2].u_pe_right|regEnable:r5|q_out[29]~_Duplicate_1 ; Packed Register ; Register Packing ; Timing optimization ; Q         ;                ; processingElement:gen_right[2].u_pe_right|mult:m1|lpm_mult:Mult0|mult_7dt:auto_generated|mac_mult7 ; DATAA            ;                       ;
; processingElement:gen_right[2].u_pe_right|regEnable:r5|q_out[30]              ; Packed Register ; Register Packing ; Timing optimization ; Q         ;                ; processingElement:gen_right[2].u_pe_right|mult:m1|lpm_mult:Mult0|mult_7dt:auto_generated|mac_mult5 ; DATAA            ;                       ;
; processingElement:gen_right[2].u_pe_right|regEnable:r5|q_out[30]              ; Duplicated      ; Register Packing ; Timing optimization ; Q         ;                ; processingElement:gen_right[2].u_pe_right|regEnable:r5|q_out[30]~_Duplicate_1                      ; Q                ;                       ;
; processingElement:gen_right[2].u_pe_right|regEnable:r5|q_out[30]~_Duplicate_1 ; Packed Register ; Register Packing ; Timing optimization ; Q         ;                ; processingElement:gen_right[2].u_pe_right|mult:m1|lpm_mult:Mult0|mult_7dt:auto_generated|mac_mult7 ; DATAA            ;                       ;
; processingElement:gen_right[2].u_pe_right|regEnable:r5|q_out[31]              ; Packed Register ; Register Packing ; Timing optimization ; Q         ;                ; processingElement:gen_right[2].u_pe_right|mult:m1|lpm_mult:Mult0|mult_7dt:auto_generated|mac_mult5 ; DATAA            ;                       ;
; processingElement:gen_right[2].u_pe_right|regEnable:r5|q_out[31]              ; Duplicated      ; Register Packing ; Timing optimization ; Q         ;                ; processingElement:gen_right[2].u_pe_right|regEnable:r5|q_out[31]~_Duplicate_1                      ; Q                ;                       ;
; processingElement:gen_right[2].u_pe_right|regEnable:r5|q_out[31]~_Duplicate_1 ; Packed Register ; Register Packing ; Timing optimization ; Q         ;                ; processingElement:gen_right[2].u_pe_right|mult:m1|lpm_mult:Mult0|mult_7dt:auto_generated|mac_mult7 ; DATAA            ;                       ;
; processingElement:gen_right[3].u_pe_right|regEnable:r5|q_out[0]               ; Packed Register ; Register Packing ; Timing optimization ; Q         ;                ; processingElement:gen_right[3].u_pe_right|mult:m1|lpm_mult:Mult0|mult_7dt:auto_generated|mac_mult1 ; DATAA            ;                       ;
; processingElement:gen_right[3].u_pe_right|regEnable:r5|q_out[0]               ; Duplicated      ; Register Packing ; Timing optimization ; Q         ;                ; processingElement:gen_right[3].u_pe_right|regEnable:r5|q_out[0]~_Duplicate_1                       ; Q                ;                       ;
; processingElement:gen_right[3].u_pe_right|regEnable:r5|q_out[0]~_Duplicate_1  ; Packed Register ; Register Packing ; Timing optimization ; Q         ;                ; processingElement:gen_right[3].u_pe_right|mult:m1|lpm_mult:Mult0|mult_7dt:auto_generated|mac_mult3 ; DATAA            ;                       ;
; processingElement:gen_right[3].u_pe_right|regEnable:r5|q_out[1]               ; Packed Register ; Register Packing ; Timing optimization ; Q         ;                ; processingElement:gen_right[3].u_pe_right|mult:m1|lpm_mult:Mult0|mult_7dt:auto_generated|mac_mult1 ; DATAA            ;                       ;
; processingElement:gen_right[3].u_pe_right|regEnable:r5|q_out[1]               ; Duplicated      ; Register Packing ; Timing optimization ; Q         ;                ; processingElement:gen_right[3].u_pe_right|regEnable:r5|q_out[1]~_Duplicate_1                       ; Q                ;                       ;
; processingElement:gen_right[3].u_pe_right|regEnable:r5|q_out[1]~_Duplicate_1  ; Packed Register ; Register Packing ; Timing optimization ; Q         ;                ; processingElement:gen_right[3].u_pe_right|mult:m1|lpm_mult:Mult0|mult_7dt:auto_generated|mac_mult3 ; DATAA            ;                       ;
; processingElement:gen_right[3].u_pe_right|regEnable:r5|q_out[2]               ; Packed Register ; Register Packing ; Timing optimization ; Q         ;                ; processingElement:gen_right[3].u_pe_right|mult:m1|lpm_mult:Mult0|mult_7dt:auto_generated|mac_mult1 ; DATAA            ;                       ;
; processingElement:gen_right[3].u_pe_right|regEnable:r5|q_out[2]               ; Duplicated      ; Register Packing ; Timing optimization ; Q         ;                ; processingElement:gen_right[3].u_pe_right|regEnable:r5|q_out[2]~_Duplicate_1                       ; Q                ;                       ;
; processingElement:gen_right[3].u_pe_right|regEnable:r5|q_out[2]~_Duplicate_1  ; Packed Register ; Register Packing ; Timing optimization ; Q         ;                ; processingElement:gen_right[3].u_pe_right|mult:m1|lpm_mult:Mult0|mult_7dt:auto_generated|mac_mult3 ; DATAA            ;                       ;
; processingElement:gen_right[3].u_pe_right|regEnable:r5|q_out[3]               ; Packed Register ; Register Packing ; Timing optimization ; Q         ;                ; processingElement:gen_right[3].u_pe_right|mult:m1|lpm_mult:Mult0|mult_7dt:auto_generated|mac_mult1 ; DATAA            ;                       ;
; processingElement:gen_right[3].u_pe_right|regEnable:r5|q_out[3]               ; Duplicated      ; Register Packing ; Timing optimization ; Q         ;                ; processingElement:gen_right[3].u_pe_right|regEnable:r5|q_out[3]~_Duplicate_1                       ; Q                ;                       ;
; processingElement:gen_right[3].u_pe_right|regEnable:r5|q_out[3]~_Duplicate_1  ; Packed Register ; Register Packing ; Timing optimization ; Q         ;                ; processingElement:gen_right[3].u_pe_right|mult:m1|lpm_mult:Mult0|mult_7dt:auto_generated|mac_mult3 ; DATAA            ;                       ;
; processingElement:gen_right[3].u_pe_right|regEnable:r5|q_out[4]               ; Packed Register ; Register Packing ; Timing optimization ; Q         ;                ; processingElement:gen_right[3].u_pe_right|mult:m1|lpm_mult:Mult0|mult_7dt:auto_generated|mac_mult1 ; DATAA            ;                       ;
; processingElement:gen_right[3].u_pe_right|regEnable:r5|q_out[4]               ; Duplicated      ; Register Packing ; Timing optimization ; Q         ;                ; processingElement:gen_right[3].u_pe_right|regEnable:r5|q_out[4]~_Duplicate_1                       ; Q                ;                       ;
; processingElement:gen_right[3].u_pe_right|regEnable:r5|q_out[4]~_Duplicate_1  ; Packed Register ; Register Packing ; Timing optimization ; Q         ;                ; processingElement:gen_right[3].u_pe_right|mult:m1|lpm_mult:Mult0|mult_7dt:auto_generated|mac_mult3 ; DATAA            ;                       ;
; processingElement:gen_right[3].u_pe_right|regEnable:r5|q_out[5]               ; Packed Register ; Register Packing ; Timing optimization ; Q         ;                ; processingElement:gen_right[3].u_pe_right|mult:m1|lpm_mult:Mult0|mult_7dt:auto_generated|mac_mult1 ; DATAA            ;                       ;
; processingElement:gen_right[3].u_pe_right|regEnable:r5|q_out[5]               ; Duplicated      ; Register Packing ; Timing optimization ; Q         ;                ; processingElement:gen_right[3].u_pe_right|regEnable:r5|q_out[5]~_Duplicate_1                       ; Q                ;                       ;
; processingElement:gen_right[3].u_pe_right|regEnable:r5|q_out[5]~_Duplicate_1  ; Packed Register ; Register Packing ; Timing optimization ; Q         ;                ; processingElement:gen_right[3].u_pe_right|mult:m1|lpm_mult:Mult0|mult_7dt:auto_generated|mac_mult3 ; DATAA            ;                       ;
; processingElement:gen_right[3].u_pe_right|regEnable:r5|q_out[6]               ; Packed Register ; Register Packing ; Timing optimization ; Q         ;                ; processingElement:gen_right[3].u_pe_right|mult:m1|lpm_mult:Mult0|mult_7dt:auto_generated|mac_mult1 ; DATAA            ;                       ;
; processingElement:gen_right[3].u_pe_right|regEnable:r5|q_out[6]               ; Duplicated      ; Register Packing ; Timing optimization ; Q         ;                ; processingElement:gen_right[3].u_pe_right|regEnable:r5|q_out[6]~_Duplicate_1                       ; Q                ;                       ;
; processingElement:gen_right[3].u_pe_right|regEnable:r5|q_out[6]~_Duplicate_1  ; Packed Register ; Register Packing ; Timing optimization ; Q         ;                ; processingElement:gen_right[3].u_pe_right|mult:m1|lpm_mult:Mult0|mult_7dt:auto_generated|mac_mult3 ; DATAA            ;                       ;
; processingElement:gen_right[3].u_pe_right|regEnable:r5|q_out[7]               ; Packed Register ; Register Packing ; Timing optimization ; Q         ;                ; processingElement:gen_right[3].u_pe_right|mult:m1|lpm_mult:Mult0|mult_7dt:auto_generated|mac_mult1 ; DATAA            ;                       ;
; processingElement:gen_right[3].u_pe_right|regEnable:r5|q_out[7]               ; Duplicated      ; Register Packing ; Timing optimization ; Q         ;                ; processingElement:gen_right[3].u_pe_right|regEnable:r5|q_out[7]~_Duplicate_1                       ; Q                ;                       ;
; processingElement:gen_right[3].u_pe_right|regEnable:r5|q_out[7]~_Duplicate_1  ; Packed Register ; Register Packing ; Timing optimization ; Q         ;                ; processingElement:gen_right[3].u_pe_right|mult:m1|lpm_mult:Mult0|mult_7dt:auto_generated|mac_mult3 ; DATAA            ;                       ;
; processingElement:gen_right[3].u_pe_right|regEnable:r5|q_out[8]               ; Packed Register ; Register Packing ; Timing optimization ; Q         ;                ; processingElement:gen_right[3].u_pe_right|mult:m1|lpm_mult:Mult0|mult_7dt:auto_generated|mac_mult1 ; DATAA            ;                       ;
; processingElement:gen_right[3].u_pe_right|regEnable:r5|q_out[8]               ; Duplicated      ; Register Packing ; Timing optimization ; Q         ;                ; processingElement:gen_right[3].u_pe_right|regEnable:r5|q_out[8]~_Duplicate_1                       ; Q                ;                       ;
; processingElement:gen_right[3].u_pe_right|regEnable:r5|q_out[8]~_Duplicate_1  ; Packed Register ; Register Packing ; Timing optimization ; Q         ;                ; processingElement:gen_right[3].u_pe_right|mult:m1|lpm_mult:Mult0|mult_7dt:auto_generated|mac_mult3 ; DATAA            ;                       ;
; processingElement:gen_right[3].u_pe_right|regEnable:r5|q_out[9]               ; Packed Register ; Register Packing ; Timing optimization ; Q         ;                ; processingElement:gen_right[3].u_pe_right|mult:m1|lpm_mult:Mult0|mult_7dt:auto_generated|mac_mult1 ; DATAA            ;                       ;
; processingElement:gen_right[3].u_pe_right|regEnable:r5|q_out[9]               ; Duplicated      ; Register Packing ; Timing optimization ; Q         ;                ; processingElement:gen_right[3].u_pe_right|regEnable:r5|q_out[9]~_Duplicate_1                       ; Q                ;                       ;
; processingElement:gen_right[3].u_pe_right|regEnable:r5|q_out[9]~_Duplicate_1  ; Packed Register ; Register Packing ; Timing optimization ; Q         ;                ; processingElement:gen_right[3].u_pe_right|mult:m1|lpm_mult:Mult0|mult_7dt:auto_generated|mac_mult3 ; DATAA            ;                       ;
; processingElement:gen_right[3].u_pe_right|regEnable:r5|q_out[10]              ; Packed Register ; Register Packing ; Timing optimization ; Q         ;                ; processingElement:gen_right[3].u_pe_right|mult:m1|lpm_mult:Mult0|mult_7dt:auto_generated|mac_mult1 ; DATAA            ;                       ;
; processingElement:gen_right[3].u_pe_right|regEnable:r5|q_out[10]              ; Duplicated      ; Register Packing ; Timing optimization ; Q         ;                ; processingElement:gen_right[3].u_pe_right|regEnable:r5|q_out[10]~_Duplicate_1                      ; Q                ;                       ;
; processingElement:gen_right[3].u_pe_right|regEnable:r5|q_out[10]~_Duplicate_1 ; Packed Register ; Register Packing ; Timing optimization ; Q         ;                ; processingElement:gen_right[3].u_pe_right|mult:m1|lpm_mult:Mult0|mult_7dt:auto_generated|mac_mult3 ; DATAA            ;                       ;
; processingElement:gen_right[3].u_pe_right|regEnable:r5|q_out[11]              ; Packed Register ; Register Packing ; Timing optimization ; Q         ;                ; processingElement:gen_right[3].u_pe_right|mult:m1|lpm_mult:Mult0|mult_7dt:auto_generated|mac_mult1 ; DATAA            ;                       ;
; processingElement:gen_right[3].u_pe_right|regEnable:r5|q_out[11]              ; Duplicated      ; Register Packing ; Timing optimization ; Q         ;                ; processingElement:gen_right[3].u_pe_right|regEnable:r5|q_out[11]~_Duplicate_1                      ; Q                ;                       ;
; processingElement:gen_right[3].u_pe_right|regEnable:r5|q_out[11]~_Duplicate_1 ; Packed Register ; Register Packing ; Timing optimization ; Q         ;                ; processingElement:gen_right[3].u_pe_right|mult:m1|lpm_mult:Mult0|mult_7dt:auto_generated|mac_mult3 ; DATAA            ;                       ;
; processingElement:gen_right[3].u_pe_right|regEnable:r5|q_out[12]              ; Packed Register ; Register Packing ; Timing optimization ; Q         ;                ; processingElement:gen_right[3].u_pe_right|mult:m1|lpm_mult:Mult0|mult_7dt:auto_generated|mac_mult1 ; DATAA            ;                       ;
; processingElement:gen_right[3].u_pe_right|regEnable:r5|q_out[12]              ; Duplicated      ; Register Packing ; Timing optimization ; Q         ;                ; processingElement:gen_right[3].u_pe_right|regEnable:r5|q_out[12]~_Duplicate_1                      ; Q                ;                       ;
; processingElement:gen_right[3].u_pe_right|regEnable:r5|q_out[12]~_Duplicate_1 ; Packed Register ; Register Packing ; Timing optimization ; Q         ;                ; processingElement:gen_right[3].u_pe_right|mult:m1|lpm_mult:Mult0|mult_7dt:auto_generated|mac_mult3 ; DATAA            ;                       ;
; processingElement:gen_right[3].u_pe_right|regEnable:r5|q_out[13]              ; Packed Register ; Register Packing ; Timing optimization ; Q         ;                ; processingElement:gen_right[3].u_pe_right|mult:m1|lpm_mult:Mult0|mult_7dt:auto_generated|mac_mult1 ; DATAA            ;                       ;
; processingElement:gen_right[3].u_pe_right|regEnable:r5|q_out[13]              ; Duplicated      ; Register Packing ; Timing optimization ; Q         ;                ; processingElement:gen_right[3].u_pe_right|regEnable:r5|q_out[13]~_Duplicate_1                      ; Q                ;                       ;
; processingElement:gen_right[3].u_pe_right|regEnable:r5|q_out[13]~_Duplicate_1 ; Packed Register ; Register Packing ; Timing optimization ; Q         ;                ; processingElement:gen_right[3].u_pe_right|mult:m1|lpm_mult:Mult0|mult_7dt:auto_generated|mac_mult3 ; DATAA            ;                       ;
; processingElement:gen_right[3].u_pe_right|regEnable:r5|q_out[14]              ; Packed Register ; Register Packing ; Timing optimization ; Q         ;                ; processingElement:gen_right[3].u_pe_right|mult:m1|lpm_mult:Mult0|mult_7dt:auto_generated|mac_mult1 ; DATAA            ;                       ;
; processingElement:gen_right[3].u_pe_right|regEnable:r5|q_out[14]              ; Duplicated      ; Register Packing ; Timing optimization ; Q         ;                ; processingElement:gen_right[3].u_pe_right|regEnable:r5|q_out[14]~_Duplicate_1                      ; Q                ;                       ;
; processingElement:gen_right[3].u_pe_right|regEnable:r5|q_out[14]~_Duplicate_1 ; Packed Register ; Register Packing ; Timing optimization ; Q         ;                ; processingElement:gen_right[3].u_pe_right|mult:m1|lpm_mult:Mult0|mult_7dt:auto_generated|mac_mult3 ; DATAA            ;                       ;
; processingElement:gen_right[3].u_pe_right|regEnable:r5|q_out[15]              ; Packed Register ; Register Packing ; Timing optimization ; Q         ;                ; processingElement:gen_right[3].u_pe_right|mult:m1|lpm_mult:Mult0|mult_7dt:auto_generated|mac_mult1 ; DATAA            ;                       ;
; processingElement:gen_right[3].u_pe_right|regEnable:r5|q_out[15]              ; Duplicated      ; Register Packing ; Timing optimization ; Q         ;                ; processingElement:gen_right[3].u_pe_right|regEnable:r5|q_out[15]~_Duplicate_1                      ; Q                ;                       ;
; processingElement:gen_right[3].u_pe_right|regEnable:r5|q_out[15]~_Duplicate_1 ; Packed Register ; Register Packing ; Timing optimization ; Q         ;                ; processingElement:gen_right[3].u_pe_right|mult:m1|lpm_mult:Mult0|mult_7dt:auto_generated|mac_mult3 ; DATAA            ;                       ;
; processingElement:gen_right[3].u_pe_right|regEnable:r5|q_out[16]              ; Packed Register ; Register Packing ; Timing optimization ; Q         ;                ; processingElement:gen_right[3].u_pe_right|mult:m1|lpm_mult:Mult0|mult_7dt:auto_generated|mac_mult1 ; DATAA            ;                       ;
; processingElement:gen_right[3].u_pe_right|regEnable:r5|q_out[16]              ; Duplicated      ; Register Packing ; Timing optimization ; Q         ;                ; processingElement:gen_right[3].u_pe_right|regEnable:r5|q_out[16]~_Duplicate_1                      ; Q                ;                       ;
; processingElement:gen_right[3].u_pe_right|regEnable:r5|q_out[16]~_Duplicate_1 ; Packed Register ; Register Packing ; Timing optimization ; Q         ;                ; processingElement:gen_right[3].u_pe_right|mult:m1|lpm_mult:Mult0|mult_7dt:auto_generated|mac_mult3 ; DATAA            ;                       ;
; processingElement:gen_right[3].u_pe_right|regEnable:r5|q_out[17]              ; Packed Register ; Register Packing ; Timing optimization ; Q         ;                ; processingElement:gen_right[3].u_pe_right|mult:m1|lpm_mult:Mult0|mult_7dt:auto_generated|mac_mult1 ; DATAA            ;                       ;
; processingElement:gen_right[3].u_pe_right|regEnable:r5|q_out[17]              ; Duplicated      ; Register Packing ; Timing optimization ; Q         ;                ; processingElement:gen_right[3].u_pe_right|regEnable:r5|q_out[17]~_Duplicate_1                      ; Q                ;                       ;
; processingElement:gen_right[3].u_pe_right|regEnable:r5|q_out[17]~_Duplicate_1 ; Packed Register ; Register Packing ; Timing optimization ; Q         ;                ; processingElement:gen_right[3].u_pe_right|mult:m1|lpm_mult:Mult0|mult_7dt:auto_generated|mac_mult3 ; DATAA            ;                       ;
; processingElement:gen_right[3].u_pe_right|regEnable:r5|q_out[18]              ; Packed Register ; Register Packing ; Timing optimization ; Q         ;                ; processingElement:gen_right[3].u_pe_right|mult:m1|lpm_mult:Mult0|mult_7dt:auto_generated|mac_mult5 ; DATAA            ;                       ;
; processingElement:gen_right[3].u_pe_right|regEnable:r5|q_out[18]              ; Duplicated      ; Register Packing ; Timing optimization ; Q         ;                ; processingElement:gen_right[3].u_pe_right|regEnable:r5|q_out[18]~_Duplicate_1                      ; Q                ;                       ;
; processingElement:gen_right[3].u_pe_right|regEnable:r5|q_out[18]~_Duplicate_1 ; Packed Register ; Register Packing ; Timing optimization ; Q         ;                ; processingElement:gen_right[3].u_pe_right|mult:m1|lpm_mult:Mult0|mult_7dt:auto_generated|mac_mult7 ; DATAA            ;                       ;
; processingElement:gen_right[3].u_pe_right|regEnable:r5|q_out[19]              ; Packed Register ; Register Packing ; Timing optimization ; Q         ;                ; processingElement:gen_right[3].u_pe_right|mult:m1|lpm_mult:Mult0|mult_7dt:auto_generated|mac_mult5 ; DATAA            ;                       ;
; processingElement:gen_right[3].u_pe_right|regEnable:r5|q_out[19]              ; Duplicated      ; Register Packing ; Timing optimization ; Q         ;                ; processingElement:gen_right[3].u_pe_right|regEnable:r5|q_out[19]~_Duplicate_1                      ; Q                ;                       ;
; processingElement:gen_right[3].u_pe_right|regEnable:r5|q_out[19]~_Duplicate_1 ; Packed Register ; Register Packing ; Timing optimization ; Q         ;                ; processingElement:gen_right[3].u_pe_right|mult:m1|lpm_mult:Mult0|mult_7dt:auto_generated|mac_mult7 ; DATAA            ;                       ;
; processingElement:gen_right[3].u_pe_right|regEnable:r5|q_out[20]              ; Packed Register ; Register Packing ; Timing optimization ; Q         ;                ; processingElement:gen_right[3].u_pe_right|mult:m1|lpm_mult:Mult0|mult_7dt:auto_generated|mac_mult5 ; DATAA            ;                       ;
; processingElement:gen_right[3].u_pe_right|regEnable:r5|q_out[20]              ; Duplicated      ; Register Packing ; Timing optimization ; Q         ;                ; processingElement:gen_right[3].u_pe_right|regEnable:r5|q_out[20]~_Duplicate_1                      ; Q                ;                       ;
; processingElement:gen_right[3].u_pe_right|regEnable:r5|q_out[20]~_Duplicate_1 ; Packed Register ; Register Packing ; Timing optimization ; Q         ;                ; processingElement:gen_right[3].u_pe_right|mult:m1|lpm_mult:Mult0|mult_7dt:auto_generated|mac_mult7 ; DATAA            ;                       ;
; processingElement:gen_right[3].u_pe_right|regEnable:r5|q_out[21]              ; Packed Register ; Register Packing ; Timing optimization ; Q         ;                ; processingElement:gen_right[3].u_pe_right|mult:m1|lpm_mult:Mult0|mult_7dt:auto_generated|mac_mult5 ; DATAA            ;                       ;
; processingElement:gen_right[3].u_pe_right|regEnable:r5|q_out[21]              ; Duplicated      ; Register Packing ; Timing optimization ; Q         ;                ; processingElement:gen_right[3].u_pe_right|regEnable:r5|q_out[21]~_Duplicate_1                      ; Q                ;                       ;
; processingElement:gen_right[3].u_pe_right|regEnable:r5|q_out[21]~_Duplicate_1 ; Packed Register ; Register Packing ; Timing optimization ; Q         ;                ; processingElement:gen_right[3].u_pe_right|mult:m1|lpm_mult:Mult0|mult_7dt:auto_generated|mac_mult7 ; DATAA            ;                       ;
; processingElement:gen_right[3].u_pe_right|regEnable:r5|q_out[22]              ; Packed Register ; Register Packing ; Timing optimization ; Q         ;                ; processingElement:gen_right[3].u_pe_right|mult:m1|lpm_mult:Mult0|mult_7dt:auto_generated|mac_mult5 ; DATAA            ;                       ;
; processingElement:gen_right[3].u_pe_right|regEnable:r5|q_out[22]              ; Duplicated      ; Register Packing ; Timing optimization ; Q         ;                ; processingElement:gen_right[3].u_pe_right|regEnable:r5|q_out[22]~_Duplicate_1                      ; Q                ;                       ;
; processingElement:gen_right[3].u_pe_right|regEnable:r5|q_out[22]~_Duplicate_1 ; Packed Register ; Register Packing ; Timing optimization ; Q         ;                ; processingElement:gen_right[3].u_pe_right|mult:m1|lpm_mult:Mult0|mult_7dt:auto_generated|mac_mult7 ; DATAA            ;                       ;
; processingElement:gen_right[3].u_pe_right|regEnable:r5|q_out[23]              ; Packed Register ; Register Packing ; Timing optimization ; Q         ;                ; processingElement:gen_right[3].u_pe_right|mult:m1|lpm_mult:Mult0|mult_7dt:auto_generated|mac_mult5 ; DATAA            ;                       ;
; processingElement:gen_right[3].u_pe_right|regEnable:r5|q_out[23]              ; Duplicated      ; Register Packing ; Timing optimization ; Q         ;                ; processingElement:gen_right[3].u_pe_right|regEnable:r5|q_out[23]~_Duplicate_1                      ; Q                ;                       ;
; processingElement:gen_right[3].u_pe_right|regEnable:r5|q_out[23]~_Duplicate_1 ; Packed Register ; Register Packing ; Timing optimization ; Q         ;                ; processingElement:gen_right[3].u_pe_right|mult:m1|lpm_mult:Mult0|mult_7dt:auto_generated|mac_mult7 ; DATAA            ;                       ;
; processingElement:gen_right[3].u_pe_right|regEnable:r5|q_out[24]              ; Packed Register ; Register Packing ; Timing optimization ; Q         ;                ; processingElement:gen_right[3].u_pe_right|mult:m1|lpm_mult:Mult0|mult_7dt:auto_generated|mac_mult5 ; DATAA            ;                       ;
; processingElement:gen_right[3].u_pe_right|regEnable:r5|q_out[24]              ; Duplicated      ; Register Packing ; Timing optimization ; Q         ;                ; processingElement:gen_right[3].u_pe_right|regEnable:r5|q_out[24]~_Duplicate_1                      ; Q                ;                       ;
; processingElement:gen_right[3].u_pe_right|regEnable:r5|q_out[24]~_Duplicate_1 ; Packed Register ; Register Packing ; Timing optimization ; Q         ;                ; processingElement:gen_right[3].u_pe_right|mult:m1|lpm_mult:Mult0|mult_7dt:auto_generated|mac_mult7 ; DATAA            ;                       ;
; processingElement:gen_right[3].u_pe_right|regEnable:r5|q_out[25]              ; Packed Register ; Register Packing ; Timing optimization ; Q         ;                ; processingElement:gen_right[3].u_pe_right|mult:m1|lpm_mult:Mult0|mult_7dt:auto_generated|mac_mult5 ; DATAA            ;                       ;
; processingElement:gen_right[3].u_pe_right|regEnable:r5|q_out[25]              ; Duplicated      ; Register Packing ; Timing optimization ; Q         ;                ; processingElement:gen_right[3].u_pe_right|regEnable:r5|q_out[25]~_Duplicate_1                      ; Q                ;                       ;
; processingElement:gen_right[3].u_pe_right|regEnable:r5|q_out[25]~_Duplicate_1 ; Packed Register ; Register Packing ; Timing optimization ; Q         ;                ; processingElement:gen_right[3].u_pe_right|mult:m1|lpm_mult:Mult0|mult_7dt:auto_generated|mac_mult7 ; DATAA            ;                       ;
; processingElement:gen_right[3].u_pe_right|regEnable:r5|q_out[26]              ; Packed Register ; Register Packing ; Timing optimization ; Q         ;                ; processingElement:gen_right[3].u_pe_right|mult:m1|lpm_mult:Mult0|mult_7dt:auto_generated|mac_mult5 ; DATAA            ;                       ;
; processingElement:gen_right[3].u_pe_right|regEnable:r5|q_out[26]              ; Duplicated      ; Register Packing ; Timing optimization ; Q         ;                ; processingElement:gen_right[3].u_pe_right|regEnable:r5|q_out[26]~_Duplicate_1                      ; Q                ;                       ;
; processingElement:gen_right[3].u_pe_right|regEnable:r5|q_out[26]~_Duplicate_1 ; Packed Register ; Register Packing ; Timing optimization ; Q         ;                ; processingElement:gen_right[3].u_pe_right|mult:m1|lpm_mult:Mult0|mult_7dt:auto_generated|mac_mult7 ; DATAA            ;                       ;
; processingElement:gen_right[3].u_pe_right|regEnable:r5|q_out[27]              ; Packed Register ; Register Packing ; Timing optimization ; Q         ;                ; processingElement:gen_right[3].u_pe_right|mult:m1|lpm_mult:Mult0|mult_7dt:auto_generated|mac_mult5 ; DATAA            ;                       ;
; processingElement:gen_right[3].u_pe_right|regEnable:r5|q_out[27]              ; Duplicated      ; Register Packing ; Timing optimization ; Q         ;                ; processingElement:gen_right[3].u_pe_right|regEnable:r5|q_out[27]~_Duplicate_1                      ; Q                ;                       ;
; processingElement:gen_right[3].u_pe_right|regEnable:r5|q_out[27]~_Duplicate_1 ; Packed Register ; Register Packing ; Timing optimization ; Q         ;                ; processingElement:gen_right[3].u_pe_right|mult:m1|lpm_mult:Mult0|mult_7dt:auto_generated|mac_mult7 ; DATAA            ;                       ;
; processingElement:gen_right[3].u_pe_right|regEnable:r5|q_out[28]              ; Packed Register ; Register Packing ; Timing optimization ; Q         ;                ; processingElement:gen_right[3].u_pe_right|mult:m1|lpm_mult:Mult0|mult_7dt:auto_generated|mac_mult5 ; DATAA            ;                       ;
; processingElement:gen_right[3].u_pe_right|regEnable:r5|q_out[28]              ; Duplicated      ; Register Packing ; Timing optimization ; Q         ;                ; processingElement:gen_right[3].u_pe_right|regEnable:r5|q_out[28]~_Duplicate_1                      ; Q                ;                       ;
; processingElement:gen_right[3].u_pe_right|regEnable:r5|q_out[28]~_Duplicate_1 ; Packed Register ; Register Packing ; Timing optimization ; Q         ;                ; processingElement:gen_right[3].u_pe_right|mult:m1|lpm_mult:Mult0|mult_7dt:auto_generated|mac_mult7 ; DATAA            ;                       ;
; processingElement:gen_right[3].u_pe_right|regEnable:r5|q_out[29]              ; Packed Register ; Register Packing ; Timing optimization ; Q         ;                ; processingElement:gen_right[3].u_pe_right|mult:m1|lpm_mult:Mult0|mult_7dt:auto_generated|mac_mult5 ; DATAA            ;                       ;
; processingElement:gen_right[3].u_pe_right|regEnable:r5|q_out[29]              ; Duplicated      ; Register Packing ; Timing optimization ; Q         ;                ; processingElement:gen_right[3].u_pe_right|regEnable:r5|q_out[29]~_Duplicate_1                      ; Q                ;                       ;
; processingElement:gen_right[3].u_pe_right|regEnable:r5|q_out[29]~_Duplicate_1 ; Packed Register ; Register Packing ; Timing optimization ; Q         ;                ; processingElement:gen_right[3].u_pe_right|mult:m1|lpm_mult:Mult0|mult_7dt:auto_generated|mac_mult7 ; DATAA            ;                       ;
; processingElement:gen_right[3].u_pe_right|regEnable:r5|q_out[30]              ; Packed Register ; Register Packing ; Timing optimization ; Q         ;                ; processingElement:gen_right[3].u_pe_right|mult:m1|lpm_mult:Mult0|mult_7dt:auto_generated|mac_mult5 ; DATAA            ;                       ;
; processingElement:gen_right[3].u_pe_right|regEnable:r5|q_out[30]              ; Duplicated      ; Register Packing ; Timing optimization ; Q         ;                ; processingElement:gen_right[3].u_pe_right|regEnable:r5|q_out[30]~_Duplicate_1                      ; Q                ;                       ;
; processingElement:gen_right[3].u_pe_right|regEnable:r5|q_out[30]~_Duplicate_1 ; Packed Register ; Register Packing ; Timing optimization ; Q         ;                ; processingElement:gen_right[3].u_pe_right|mult:m1|lpm_mult:Mult0|mult_7dt:auto_generated|mac_mult7 ; DATAA            ;                       ;
; processingElement:gen_right[3].u_pe_right|regEnable:r5|q_out[31]              ; Packed Register ; Register Packing ; Timing optimization ; Q         ;                ; processingElement:gen_right[3].u_pe_right|mult:m1|lpm_mult:Mult0|mult_7dt:auto_generated|mac_mult5 ; DATAA            ;                       ;
; processingElement:gen_right[3].u_pe_right|regEnable:r5|q_out[31]              ; Duplicated      ; Register Packing ; Timing optimization ; Q         ;                ; processingElement:gen_right[3].u_pe_right|regEnable:r5|q_out[31]~_Duplicate_1                      ; Q                ;                       ;
; processingElement:gen_right[3].u_pe_right|regEnable:r5|q_out[31]~_Duplicate_1 ; Packed Register ; Register Packing ; Timing optimization ; Q         ;                ; processingElement:gen_right[3].u_pe_right|mult:m1|lpm_mult:Mult0|mult_7dt:auto_generated|mac_mult7 ; DATAA            ;                       ;
+-------------------------------------------------------------------------------+-----------------+------------------+---------------------+-----------+----------------+----------------------------------------------------------------------------------------------------+------------------+-----------------------+


+---------------------------------------------------------------------------------------------------+
; Incremental Compilation Preservation Summary                                                      ;
+---------------------+---------------------+----------------------------+--------------------------+
; Type                ; Total [A + B]       ; From Design Partitions [A] ; From Rapid Recompile [B] ;
+---------------------+---------------------+----------------------------+--------------------------+
; Placement (by node) ;                     ;                            ;                          ;
;     -- Requested    ; 0.00 % ( 0 / 2267 ) ; 0.00 % ( 0 / 2267 )        ; 0.00 % ( 0 / 2267 )      ;
;     -- Achieved     ; 0.00 % ( 0 / 2267 ) ; 0.00 % ( 0 / 2267 )        ; 0.00 % ( 0 / 2267 )      ;
;                     ;                     ;                            ;                          ;
; Routing (by net)    ;                     ;                            ;                          ;
;     -- Requested    ; 0.00 % ( 0 / 0 )    ; 0.00 % ( 0 / 0 )           ; 0.00 % ( 0 / 0 )         ;
;     -- Achieved     ; 0.00 % ( 0 / 0 )    ; 0.00 % ( 0 / 0 )           ; 0.00 % ( 0 / 0 )         ;
+---------------------+---------------------+----------------------------+--------------------------+


+----------------------------------------------------------------------------------------------------------------------------------------------------------------------------------------+
; Incremental Compilation Partition Settings                                                                                                                                             ;
+--------------------------------+----------------+-------------------+-------------------------+------------------------+------------------------------+--------------------------------+
; Partition Name                 ; Partition Type ; Netlist Type Used ; Preservation Level Used ; Netlist Type Requested ; Preservation Level Requested ; Contents                       ;
+--------------------------------+----------------+-------------------+-------------------------+------------------------+------------------------------+--------------------------------+
; Top                            ; User-created   ; Source File       ; N/A                     ; Source File            ; N/A                          ;                                ;
; hard_block:auto_generated_inst ; Auto-generated ; Source File       ; N/A                     ; Source File            ; N/A                          ; hard_block:auto_generated_inst ;
+--------------------------------+----------------+-------------------+-------------------------+------------------------+------------------------------+--------------------------------+


+------------------------------------------------------------------------------------------------------------------------------------+
; Incremental Compilation Placement Preservation                                                                                     ;
+--------------------------------+-----------------------+-------------------------+-------------------+---------------------+-------+
; Partition Name                 ; Preservation Achieved ; Preservation Level Used ; Netlist Type Used ; Preservation Method ; Notes ;
+--------------------------------+-----------------------+-------------------------+-------------------+---------------------+-------+
; Top                            ; 0.00 % ( 0 / 2257 )   ; N/A                     ; Source File       ; N/A                 ;       ;
; hard_block:auto_generated_inst ; 0.00 % ( 0 / 10 )     ; N/A                     ; Source File       ; N/A                 ;       ;
+--------------------------------+-----------------------+-------------------------+-------------------+---------------------+-------+


+--------------+
; Pin-Out File ;
+--------------+
The pin-out file can be found in /home/mikentain/Projects/FPGA/GeMM/processingElement.pin.


+------------------------------------------------------------------------+
; Fitter Resource Usage Summary                                          ;
+---------------------------------------------+--------------------------+
; Resource                                    ; Usage                    ;
+---------------------------------------------+--------------------------+
; Total logic elements                        ; 1,126 / 15,408 ( 7 % )   ;
;     -- Combinational with no register       ; 392                      ;
;     -- Register only                        ; 395                      ;
;     -- Combinational with a register        ; 339                      ;
;                                             ;                          ;
; Logic element usage by number of LUT inputs ;                          ;
;     -- 4 input functions                    ; 5                        ;
;     -- 3 input functions                    ; 645                      ;
;     -- <=2 input functions                  ; 81                       ;
;     -- Register only                        ; 395                      ;
;                                             ;                          ;
; Logic elements by mode                      ;                          ;
;     -- normal mode                          ; 154                      ;
;     -- arithmetic mode                      ; 577                      ;
;                                             ;                          ;
; Total registers*                            ; 734 / 17,056 ( 4 % )     ;
;     -- Dedicated logic registers            ; 734 / 15,408 ( 5 % )     ;
;     -- I/O registers                        ; 0 / 1,648 ( 0 % )        ;
;                                             ;                          ;
; Total LABs:  partially or completely used   ; 112 / 963 ( 12 % )       ;
; Virtual pins                                ; 0                        ;
; I/O pins                                    ; 234 / 344 ( 68 % )       ;
;     -- Clock pins                           ; 6 / 7 ( 86 % )           ;
;     -- Dedicated input pins                 ; 0 / 9 ( 0 % )            ;
;                                             ;                          ;
; M9Ks                                        ; 5 / 56 ( 9 % )           ;
; Total block memory bits                     ; 448 / 516,096 ( < 1 % )  ;
; Total block memory implementation bits      ; 46,080 / 516,096 ( 9 % ) ;
; Embedded Multiplier 9-bit elements          ; 32 / 112 ( 29 % )        ;
; PLLs                                        ; 0 / 4 ( 0 % )            ;
; Global signals                              ; 3                        ;
;     -- Global clocks                        ; 3 / 20 ( 15 % )          ;
; JTAGs                                       ; 0 / 1 ( 0 % )            ;
; CRC blocks                                  ; 0 / 1 ( 0 % )            ;
; ASMI blocks                                 ; 0 / 1 ( 0 % )            ;
; Oscillator blocks                           ; 0 / 1 ( 0 % )            ;
; Impedance control blocks                    ; 0 / 4 ( 0 % )            ;
; Average interconnect usage (total/H/V)      ; 6.2% / 6.3% / 6.1%       ;
; Peak interconnect usage (total/H/V)         ; 19.3% / 20.3% / 19.7%    ;
; Maximum fan-out                             ; 755                      ;
; Highest non-global fan-out                  ; 33                       ;
; Total fan-out                               ; 5671                     ;
; Average fan-out                             ; 2.48                     ;
+---------------------------------------------+--------------------------+
*  Register count does not include registers inside RAM blocks or DSP blocks.



+-----------------------------------------------------------------------------------------------------+
; Fitter Partition Statistics                                                                         ;
+---------------------------------------------+----------------------+--------------------------------+
; Statistic                                   ; Top                  ; hard_block:auto_generated_inst ;
+---------------------------------------------+----------------------+--------------------------------+
; Difficulty Clustering Region                ; Low                  ; Low                            ;
;                                             ;                      ;                                ;
; Total logic elements                        ; 1126 / 15408 ( 7 % ) ; 0 / 15408 ( 0 % )              ;
;     -- Combinational with no register       ; 392                  ; 0                              ;
;     -- Register only                        ; 395                  ; 0                              ;
;     -- Combinational with a register        ; 339                  ; 0                              ;
;                                             ;                      ;                                ;
; Logic element usage by number of LUT inputs ;                      ;                                ;
;     -- 4 input functions                    ; 5                    ; 0                              ;
;     -- 3 input functions                    ; 645                  ; 0                              ;
;     -- <=2 input functions                  ; 81                   ; 0                              ;
;     -- Register only                        ; 395                  ; 0                              ;
;                                             ;                      ;                                ;
; Logic elements by mode                      ;                      ;                                ;
;     -- normal mode                          ; 154                  ; 0                              ;
;     -- arithmetic mode                      ; 577                  ; 0                              ;
;                                             ;                      ;                                ;
; Total registers                             ; 734                  ; 0                              ;
;     -- Dedicated logic registers            ; 734 / 15408 ( 5 % )  ; 0 / 15408 ( 0 % )              ;
;     -- I/O registers                        ; 0                    ; 0                              ;
;                                             ;                      ;                                ;
; Total LABs:  partially or completely used   ; 112 / 963 ( 12 % )   ; 0 / 963 ( 0 % )                ;
;                                             ;                      ;                                ;
; Virtual pins                                ; 0                    ; 0                              ;
; I/O pins                                    ; 234                  ; 0                              ;
; Embedded Multiplier 9-bit elements          ; 32 / 112 ( 29 % )    ; 0 / 112 ( 0 % )                ;
; Total memory bits                           ; 448                  ; 0                              ;
; Total RAM block bits                        ; 46080                ; 0                              ;
; M9K                                         ; 5 / 56 ( 8 % )       ; 0 / 56 ( 0 % )                 ;
; Clock control block                         ; 3 / 24 ( 12 % )      ; 0 / 24 ( 0 % )                 ;
;                                             ;                      ;                                ;
; Connections                                 ;                      ;                                ;
;     -- Input Connections                    ; 0                    ; 0                              ;
;     -- Registered Input Connections         ; 0                    ; 0                              ;
;     -- Output Connections                   ; 0                    ; 0                              ;
;     -- Registered Output Connections        ; 0                    ; 0                              ;
;                                             ;                      ;                                ;
; Internal Connections                        ;                      ;                                ;
;     -- Total Connections                    ; 6227                 ; 5                              ;
;     -- Registered Connections               ; 1448                 ; 0                              ;
;                                             ;                      ;                                ;
; External Connections                        ;                      ;                                ;
;     -- Top                                  ; 0                    ; 0                              ;
;     -- hard_block:auto_generated_inst       ; 0                    ; 0                              ;
;                                             ;                      ;                                ;
; Partition Interface                         ;                      ;                                ;
;     -- Input Ports                          ; 166                  ; 0                              ;
;     -- Output Ports                         ; 68                   ; 0                              ;
;     -- Bidir Ports                          ; 0                    ; 0                              ;
;                                             ;                      ;                                ;
; Registered Ports                            ;                      ;                                ;
;     -- Registered Input Ports               ; 0                    ; 0                              ;
;     -- Registered Output Ports              ; 0                    ; 0                              ;
;                                             ;                      ;                                ;
; Port Connectivity                           ;                      ;                                ;
;     -- Input Ports driven by GND            ; 0                    ; 0                              ;
;     -- Output Ports driven by GND           ; 0                    ; 0                              ;
;     -- Input Ports driven by VCC            ; 0                    ; 0                              ;
;     -- Output Ports driven by VCC           ; 0                    ; 0                              ;
;     -- Input Ports with no Source           ; 0                    ; 0                              ;
;     -- Output Ports with no Source          ; 0                    ; 0                              ;
;     -- Input Ports with no Fanout           ; 0                    ; 0                              ;
;     -- Output Ports with no Fanout          ; 0                    ; 0                              ;
+---------------------------------------------+----------------------+--------------------------------+


+---------------------------------------------------------------------------------------------------------------------------------------------------------------------------------------------------------------------------------------------------------------------------------------------+
; Input Pins                                                                                                                                                                                                                                                                                  ;
+------------+-------+----------+--------------+--------------+--------------+-----------------------+--------------------+--------+----------------+---------------+-----------------+----------+--------------+--------------+---------------------------+----------------------+-----------+
; Name       ; Pin # ; I/O Bank ; X coordinate ; Y coordinate ; Z coordinate ; Combinational Fan-Out ; Registered Fan-Out ; Global ; Input Register ; Power Up High ; PCI I/O Enabled ; Bus Hold ; Weak Pull Up ; I/O Standard ; Termination Control Block ; Location assigned by ; Slew Rate ;
+------------+-------+----------+--------------+--------------+--------------+-----------------------+--------------------+--------+----------------+---------------+-----------------+----------+--------------+--------------+---------------------------+----------------------+-----------+
; a_in[0]    ; B15   ; 7        ; 26           ; 29           ; 28           ; 3                     ; 0                  ; no     ; no             ; no            ; yes             ; no       ; Off          ; 2.5 V        ; --                        ; Fitter               ; no        ;
; a_in[10]   ; F12   ; 7        ; 28           ; 29           ; 21           ; 3                     ; 0                  ; no     ; no             ; no            ; yes             ; no       ; Off          ; 2.5 V        ; --                        ; Fitter               ; no        ;
; a_in[11]   ; C15   ; 7        ; 28           ; 29           ; 7            ; 3                     ; 0                  ; no     ; no             ; no            ; yes             ; no       ; Off          ; 2.5 V        ; --                        ; Fitter               ; no        ;
; a_in[12]   ; M1    ; 2        ; 0            ; 13           ; 21           ; 3                     ; 0                  ; no     ; no             ; no            ; yes             ; no       ; Off          ; 2.5 V        ; --                        ; Fitter               ; no        ;
; a_in[13]   ; H22   ; 6        ; 41           ; 20           ; 0            ; 3                     ; 0                  ; no     ; no             ; no            ; yes             ; no       ; Off          ; 2.5 V        ; --                        ; Fitter               ; no        ;
; a_in[14]   ; G13   ; 7        ; 30           ; 29           ; 7            ; 3                     ; 0                  ; no     ; no             ; no            ; yes             ; no       ; Off          ; 2.5 V        ; --                        ; Fitter               ; no        ;
; a_in[15]   ; A15   ; 7        ; 26           ; 29           ; 21           ; 3                     ; 0                  ; no     ; no             ; no            ; yes             ; no       ; Off          ; 2.5 V        ; --                        ; Fitter               ; no        ;
; a_in[16]   ; H18   ; 6        ; 41           ; 23           ; 0            ; 3                     ; 0                  ; no     ; no             ; no            ; yes             ; no       ; Off          ; 2.5 V        ; --                        ; Fitter               ; no        ;
; a_in[17]   ; J18   ; 6        ; 41           ; 21           ; 0            ; 3                     ; 0                  ; no     ; no             ; no            ; yes             ; no       ; Off          ; 2.5 V        ; --                        ; Fitter               ; no        ;
; a_in[18]   ; W10   ; 3        ; 19           ; 0            ; 14           ; 3                     ; 0                  ; no     ; no             ; no            ; yes             ; no       ; Off          ; 2.5 V        ; --                        ; Fitter               ; no        ;
; a_in[19]   ; P7    ; 2        ; 0            ; 5            ; 0            ; 3                     ; 0                  ; no     ; no             ; no            ; yes             ; no       ; Off          ; 2.5 V        ; --                        ; Fitter               ; no        ;
; a_in[1]    ; E15   ; 7        ; 30           ; 29           ; 0            ; 3                     ; 0                  ; no     ; no             ; no            ; yes             ; no       ; Off          ; 2.5 V        ; --                        ; Fitter               ; no        ;
; a_in[20]   ; A16   ; 7        ; 30           ; 29           ; 28           ; 3                     ; 0                  ; no     ; no             ; no            ; yes             ; no       ; Off          ; 2.5 V        ; --                        ; Fitter               ; no        ;
; a_in[21]   ; AA10  ; 3        ; 19           ; 0            ; 0            ; 3                     ; 0                  ; no     ; no             ; no            ; yes             ; no       ; Off          ; 2.5 V        ; --                        ; Fitter               ; no        ;
; a_in[22]   ; AB3   ; 3        ; 7            ; 0            ; 28           ; 3                     ; 0                  ; no     ; no             ; no            ; yes             ; no       ; Off          ; 2.5 V        ; --                        ; Fitter               ; no        ;
; a_in[23]   ; V14   ; 4        ; 30           ; 0            ; 0            ; 3                     ; 0                  ; no     ; no             ; no            ; yes             ; no       ; Off          ; 2.5 V        ; --                        ; Fitter               ; no        ;
; a_in[24]   ; U13   ; 4        ; 30           ; 0            ; 7            ; 3                     ; 0                  ; no     ; no             ; no            ; yes             ; no       ; Off          ; 2.5 V        ; --                        ; Fitter               ; no        ;
; a_in[25]   ; AB8   ; 3        ; 16           ; 0            ; 21           ; 3                     ; 0                  ; no     ; no             ; no            ; yes             ; no       ; Off          ; 2.5 V        ; --                        ; Fitter               ; no        ;
; a_in[26]   ; B18   ; 7        ; 32           ; 29           ; 21           ; 3                     ; 0                  ; no     ; no             ; no            ; yes             ; no       ; Off          ; 2.5 V        ; --                        ; Fitter               ; no        ;
; a_in[27]   ; AA17  ; 4        ; 28           ; 0            ; 7            ; 3                     ; 0                  ; no     ; no             ; no            ; yes             ; no       ; Off          ; 2.5 V        ; --                        ; Fitter               ; no        ;
; a_in[28]   ; K18   ; 6        ; 41           ; 21           ; 7            ; 3                     ; 0                  ; no     ; no             ; no            ; yes             ; no       ; Off          ; 2.5 V        ; --                        ; Fitter               ; no        ;
; a_in[29]   ; P6    ; 2        ; 0            ; 4            ; 7            ; 3                     ; 0                  ; no     ; no             ; no            ; yes             ; no       ; Off          ; 2.5 V        ; --                        ; Fitter               ; no        ;
; a_in[2]    ; L7    ; 2        ; 0            ; 11           ; 0            ; 3                     ; 0                  ; no     ; no             ; no            ; yes             ; no       ; Off          ; 2.5 V        ; --                        ; Fitter               ; no        ;
; a_in[30]   ; T12   ; 4        ; 28           ; 0            ; 28           ; 3                     ; 0                  ; no     ; no             ; no            ; yes             ; no       ; Off          ; 2.5 V        ; --                        ; Fitter               ; no        ;
; a_in[31]   ; D22   ; 6        ; 41           ; 24           ; 7            ; 3                     ; 0                  ; no     ; no             ; no            ; yes             ; no       ; Off          ; 2.5 V        ; --                        ; Fitter               ; no        ;
; a_in[3]    ; H17   ; 6        ; 41           ; 25           ; 0            ; 3                     ; 0                  ; no     ; no             ; no            ; yes             ; no       ; Off          ; 2.5 V        ; --                        ; Fitter               ; no        ;
; a_in[4]    ; B17   ; 7        ; 30           ; 29           ; 21           ; 3                     ; 0                  ; no     ; no             ; no            ; yes             ; no       ; Off          ; 2.5 V        ; --                        ; Fitter               ; no        ;
; a_in[5]    ; B10   ; 8        ; 16           ; 29           ; 21           ; 3                     ; 0                  ; no     ; no             ; no            ; yes             ; no       ; Off          ; 2.5 V        ; --                        ; Fitter               ; no        ;
; a_in[6]    ; N2    ; 2        ; 0            ; 12           ; 14           ; 3                     ; 0                  ; no     ; no             ; no            ; yes             ; no       ; Off          ; 2.5 V        ; --                        ; Fitter               ; no        ;
; a_in[7]    ; AA1   ; 2        ; 0            ; 5            ; 14           ; 3                     ; 0                  ; no     ; no             ; no            ; yes             ; no       ; Off          ; 2.5 V        ; --                        ; Fitter               ; no        ;
; a_in[8]    ; H13   ; 7        ; 28           ; 29           ; 28           ; 3                     ; 0                  ; no     ; no             ; no            ; yes             ; no       ; Off          ; 2.5 V        ; --                        ; Fitter               ; no        ;
; a_in[9]    ; E14   ; 7        ; 28           ; 29           ; 14           ; 3                     ; 0                  ; no     ; no             ; no            ; yes             ; no       ; Off          ; 2.5 V        ; --                        ; Fitter               ; no        ;
; alpha      ; Y6    ; 3        ; 5            ; 0            ; 7            ; 33                    ; 0                  ; no     ; no             ; no            ; yes             ; no       ; Off          ; 2.5 V        ; --                        ; Fitter               ; no        ;
; b_in_1[0]  ; M8    ; 2        ; 0            ; 7            ; 0            ; 2                     ; 0                  ; no     ; no             ; no            ; yes             ; no       ; Off          ; 2.5 V        ; --                        ; Fitter               ; no        ;
; b_in_1[10] ; AA4   ; 3        ; 7            ; 0            ; 7            ; 2                     ; 0                  ; no     ; no             ; no            ; yes             ; no       ; Off          ; 2.5 V        ; --                        ; Fitter               ; no        ;
; b_in_1[11] ; R5    ; 2        ; 0            ; 4            ; 14           ; 2                     ; 0                  ; no     ; no             ; no            ; yes             ; no       ; Off          ; 2.5 V        ; --                        ; Fitter               ; no        ;
; b_in_1[12] ; AB4   ; 3        ; 7            ; 0            ; 0            ; 2                     ; 0                  ; no     ; no             ; no            ; yes             ; no       ; Off          ; 2.5 V        ; --                        ; Fitter               ; no        ;
; b_in_1[13] ; AA8   ; 3        ; 16           ; 0            ; 28           ; 2                     ; 0                  ; no     ; no             ; no            ; yes             ; no       ; Off          ; 2.5 V        ; --                        ; Fitter               ; no        ;
; b_in_1[14] ; A10   ; 8        ; 16           ; 29           ; 14           ; 2                     ; 0                  ; no     ; no             ; no            ; yes             ; no       ; Off          ; 2.5 V        ; --                        ; Fitter               ; no        ;
; b_in_1[15] ; AA12  ; 4        ; 21           ; 0            ; 7            ; 2                     ; 0                  ; no     ; no             ; no            ; yes             ; no       ; Off          ; 2.5 V        ; --                        ; Fitter               ; no        ;
; b_in_1[16] ; AB12  ; 4        ; 21           ; 0            ; 0            ; 2                     ; 0                  ; no     ; no             ; no            ; yes             ; no       ; Off          ; 2.5 V        ; --                        ; Fitter               ; no        ;
; b_in_1[17] ; AA9   ; 3        ; 16           ; 0            ; 7            ; 2                     ; 0                  ; no     ; no             ; no            ; yes             ; no       ; Off          ; 2.5 V        ; --                        ; Fitter               ; no        ;
; b_in_1[18] ; Y7    ; 3        ; 9            ; 0            ; 7            ; 2                     ; 0                  ; no     ; no             ; no            ; yes             ; no       ; Off          ; 2.5 V        ; --                        ; Fitter               ; no        ;
; b_in_1[19] ; W7    ; 3        ; 9            ; 0            ; 14           ; 2                     ; 0                  ; no     ; no             ; no            ; yes             ; no       ; Off          ; 2.5 V        ; --                        ; Fitter               ; no        ;
; b_in_1[1]  ; Y8    ; 3        ; 11           ; 0            ; 0            ; 2                     ; 0                  ; no     ; no             ; no            ; yes             ; no       ; Off          ; 2.5 V        ; --                        ; Fitter               ; no        ;
; b_in_1[20] ; R6    ; 2        ; 0            ; 3            ; 7            ; 2                     ; 0                  ; no     ; no             ; no            ; yes             ; no       ; Off          ; 2.5 V        ; --                        ; Fitter               ; no        ;
; b_in_1[21] ; M3    ; 2        ; 0            ; 12           ; 7            ; 2                     ; 0                  ; no     ; no             ; no            ; yes             ; no       ; Off          ; 2.5 V        ; --                        ; Fitter               ; no        ;
; b_in_1[22] ; T11   ; 3        ; 16           ; 0            ; 14           ; 2                     ; 0                  ; no     ; no             ; no            ; yes             ; no       ; Off          ; 2.5 V        ; --                        ; Fitter               ; no        ;
; b_in_1[23] ; R12   ; 3        ; 5            ; 0            ; 28           ; 2                     ; 0                  ; no     ; no             ; no            ; yes             ; no       ; Off          ; 2.5 V        ; --                        ; Fitter               ; no        ;
; b_in_1[24] ; E10   ; 8        ; 16           ; 29           ; 7            ; 2                     ; 0                  ; no     ; no             ; no            ; yes             ; no       ; Off          ; 2.5 V        ; --                        ; Fitter               ; no        ;
; b_in_1[25] ; W2    ; 2        ; 0            ; 7            ; 14           ; 2                     ; 0                  ; no     ; no             ; no            ; yes             ; no       ; Off          ; 2.5 V        ; --                        ; Fitter               ; no        ;
; b_in_1[26] ; A9    ; 8        ; 16           ; 29           ; 28           ; 2                     ; 0                  ; no     ; no             ; no            ; yes             ; no       ; Off          ; 2.5 V        ; --                        ; Fitter               ; no        ;
; b_in_1[27] ; R2    ; 2        ; 0            ; 10           ; 0            ; 2                     ; 0                  ; no     ; no             ; no            ; yes             ; no       ; Off          ; 2.5 V        ; --                        ; Fitter               ; no        ;
; b_in_1[28] ; D10   ; 8        ; 16           ; 29           ; 0            ; 2                     ; 0                  ; no     ; no             ; no            ; yes             ; no       ; Off          ; 2.5 V        ; --                        ; Fitter               ; no        ;
; b_in_1[29] ; P3    ; 2        ; 0            ; 9            ; 0            ; 2                     ; 0                  ; no     ; no             ; no            ; yes             ; no       ; Off          ; 2.5 V        ; --                        ; Fitter               ; no        ;
; b_in_1[2]  ; P5    ; 2        ; 0            ; 8            ; 7            ; 2                     ; 0                  ; no     ; no             ; no            ; yes             ; no       ; Off          ; 2.5 V        ; --                        ; Fitter               ; no        ;
; b_in_1[30] ; P4    ; 2        ; 0            ; 10           ; 21           ; 2                     ; 0                  ; no     ; no             ; no            ; yes             ; no       ; Off          ; 2.5 V        ; --                        ; Fitter               ; no        ;
; b_in_1[31] ; V7    ; 3        ; 7            ; 0            ; 14           ; 2                     ; 0                  ; no     ; no             ; no            ; yes             ; no       ; Off          ; 2.5 V        ; --                        ; Fitter               ; no        ;
; b_in_1[3]  ; AB7   ; 3        ; 11           ; 0            ; 7            ; 2                     ; 0                  ; no     ; no             ; no            ; yes             ; no       ; Off          ; 2.5 V        ; --                        ; Fitter               ; no        ;
; b_in_1[4]  ; Y1    ; 2        ; 0            ; 6            ; 7            ; 2                     ; 0                  ; no     ; no             ; no            ; yes             ; no       ; Off          ; 2.5 V        ; --                        ; Fitter               ; no        ;
; b_in_1[5]  ; W8    ; 3        ; 11           ; 0            ; 21           ; 2                     ; 0                  ; no     ; no             ; no            ; yes             ; no       ; Off          ; 2.5 V        ; --                        ; Fitter               ; no        ;
; b_in_1[6]  ; W6    ; 3        ; 7            ; 0            ; 21           ; 2                     ; 0                  ; no     ; no             ; no            ; yes             ; no       ; Off          ; 2.5 V        ; --                        ; Fitter               ; no        ;
; b_in_1[7]  ; U9    ; 3        ; 9            ; 0            ; 0            ; 2                     ; 0                  ; no     ; no             ; no            ; yes             ; no       ; Off          ; 2.5 V        ; --                        ; Fitter               ; no        ;
; b_in_1[8]  ; AA5   ; 3        ; 9            ; 0            ; 28           ; 2                     ; 0                  ; no     ; no             ; no            ; yes             ; no       ; Off          ; 2.5 V        ; --                        ; Fitter               ; no        ;
; b_in_1[9]  ; AA3   ; 3        ; 5            ; 0            ; 0            ; 2                     ; 0                  ; no     ; no             ; no            ; yes             ; no       ; Off          ; 2.5 V        ; --                        ; Fitter               ; no        ;
; b_in_3[0]  ; R16   ; 4        ; 37           ; 0            ; 0            ; 2                     ; 0                  ; no     ; no             ; no            ; yes             ; no       ; Off          ; 2.5 V        ; --                        ; Fitter               ; no        ;
; b_in_3[10] ; AB17  ; 4        ; 28           ; 0            ; 0            ; 2                     ; 0                  ; no     ; no             ; no            ; yes             ; no       ; Off          ; 2.5 V        ; --                        ; Fitter               ; no        ;
; b_in_3[11] ; AA18  ; 4        ; 35           ; 0            ; 28           ; 2                     ; 0                  ; no     ; no             ; no            ; yes             ; no       ; Off          ; 2.5 V        ; --                        ; Fitter               ; no        ;
; b_in_3[12] ; AB16  ; 4        ; 28           ; 0            ; 14           ; 2                     ; 0                  ; no     ; no             ; no            ; yes             ; no       ; Off          ; 2.5 V        ; --                        ; Fitter               ; no        ;
; b_in_3[13] ; AB18  ; 4        ; 32           ; 0            ; 0            ; 2                     ; 0                  ; no     ; no             ; no            ; yes             ; no       ; Off          ; 2.5 V        ; --                        ; Fitter               ; no        ;
; b_in_3[14] ; AA16  ; 4        ; 28           ; 0            ; 21           ; 2                     ; 0                  ; no     ; no             ; no            ; yes             ; no       ; Off          ; 2.5 V        ; --                        ; Fitter               ; no        ;
; b_in_3[15] ; V13   ; 4        ; 30           ; 0            ; 21           ; 2                     ; 0                  ; no     ; no             ; no            ; yes             ; no       ; Off          ; 2.5 V        ; --                        ; Fitter               ; no        ;
; b_in_3[16] ; W15   ; 4        ; 32           ; 0            ; 21           ; 2                     ; 0                  ; no     ; no             ; no            ; yes             ; no       ; Off          ; 2.5 V        ; --                        ; Fitter               ; no        ;
; b_in_3[17] ; AB19  ; 4        ; 35           ; 0            ; 14           ; 2                     ; 0                  ; no     ; no             ; no            ; yes             ; no       ; Off          ; 2.5 V        ; --                        ; Fitter               ; no        ;
; b_in_3[18] ; Y17   ; 4        ; 35           ; 0            ; 0            ; 2                     ; 0                  ; no     ; no             ; no            ; yes             ; no       ; Off          ; 2.5 V        ; --                        ; Fitter               ; no        ;
; b_in_3[19] ; AA20  ; 4        ; 37           ; 0            ; 21           ; 2                     ; 0                  ; no     ; no             ; no            ; yes             ; no       ; Off          ; 2.5 V        ; --                        ; Fitter               ; no        ;
; b_in_3[1]  ; U20   ; 5        ; 41           ; 4            ; 0            ; 2                     ; 0                  ; no     ; no             ; no            ; yes             ; no       ; Off          ; 2.5 V        ; --                        ; Fitter               ; no        ;
; b_in_3[20] ; T14   ; 4        ; 32           ; 0            ; 14           ; 2                     ; 0                  ; no     ; no             ; no            ; yes             ; no       ; Off          ; 2.5 V        ; --                        ; Fitter               ; no        ;
; b_in_3[21] ; T15   ; 4        ; 32           ; 0            ; 7            ; 2                     ; 0                  ; no     ; no             ; no            ; yes             ; no       ; Off          ; 2.5 V        ; --                        ; Fitter               ; no        ;
; b_in_3[22] ; R15   ; 4        ; 39           ; 0            ; 7            ; 2                     ; 0                  ; no     ; no             ; no            ; yes             ; no       ; Off          ; 2.5 V        ; --                        ; Fitter               ; no        ;
; b_in_3[23] ; U19   ; 5        ; 41           ; 5            ; 21           ; 2                     ; 0                  ; no     ; no             ; no            ; yes             ; no       ; Off          ; 2.5 V        ; --                        ; Fitter               ; no        ;
; b_in_3[24] ; R14   ; 4        ; 39           ; 0            ; 14           ; 2                     ; 0                  ; no     ; no             ; no            ; yes             ; no       ; Off          ; 2.5 V        ; --                        ; Fitter               ; no        ;
; b_in_3[25] ; AA21  ; 5        ; 41           ; 2            ; 14           ; 2                     ; 0                  ; no     ; no             ; no            ; yes             ; no       ; Off          ; 2.5 V        ; --                        ; Fitter               ; no        ;
; b_in_3[26] ; P16   ; 5        ; 41           ; 6            ; 14           ; 2                     ; 0                  ; no     ; no             ; no            ; yes             ; no       ; Off          ; 2.5 V        ; --                        ; Fitter               ; no        ;
; b_in_3[27] ; T16   ; 4        ; 37           ; 0            ; 7            ; 2                     ; 0                  ; no     ; no             ; no            ; yes             ; no       ; Off          ; 2.5 V        ; --                        ; Fitter               ; no        ;
; b_in_3[28] ; Y22   ; 5        ; 41           ; 3            ; 0            ; 2                     ; 0                  ; no     ; no             ; no            ; yes             ; no       ; Off          ; 2.5 V        ; --                        ; Fitter               ; no        ;
; b_in_3[29] ; AB20  ; 4        ; 37           ; 0            ; 14           ; 2                     ; 0                  ; no     ; no             ; no            ; yes             ; no       ; Off          ; 2.5 V        ; --                        ; Fitter               ; no        ;
; b_in_3[2]  ; R13   ; 4        ; 30           ; 0            ; 28           ; 2                     ; 0                  ; no     ; no             ; no            ; yes             ; no       ; Off          ; 2.5 V        ; --                        ; Fitter               ; no        ;
; b_in_3[30] ; U21   ; 5        ; 41           ; 8            ; 0            ; 2                     ; 0                  ; no     ; no             ; no            ; yes             ; no       ; Off          ; 2.5 V        ; --                        ; Fitter               ; no        ;
; b_in_3[31] ; U1    ; 2        ; 0            ; 9            ; 14           ; 2                     ; 0                  ; no     ; no             ; no            ; yes             ; no       ; Off          ; 2.5 V        ; --                        ; Fitter               ; no        ;
; b_in_3[3]  ; W14   ; 4        ; 30           ; 0            ; 14           ; 2                     ; 0                  ; no     ; no             ; no            ; yes             ; no       ; Off          ; 2.5 V        ; --                        ; Fitter               ; no        ;
; b_in_3[4]  ; AA19  ; 4        ; 35           ; 0            ; 21           ; 2                     ; 0                  ; no     ; no             ; no            ; yes             ; no       ; Off          ; 2.5 V        ; --                        ; Fitter               ; no        ;
; b_in_3[5]  ; V15   ; 4        ; 32           ; 0            ; 28           ; 2                     ; 0                  ; no     ; no             ; no            ; yes             ; no       ; Off          ; 2.5 V        ; --                        ; Fitter               ; no        ;
; b_in_3[6]  ; D15   ; 7        ; 32           ; 29           ; 28           ; 2                     ; 0                  ; no     ; no             ; no            ; yes             ; no       ; Off          ; 2.5 V        ; --                        ; Fitter               ; no        ;
; b_in_3[7]  ; W17   ; 4        ; 35           ; 0            ; 7            ; 2                     ; 0                  ; no     ; no             ; no            ; yes             ; no       ; Off          ; 2.5 V        ; --                        ; Fitter               ; no        ;
; b_in_3[8]  ; M15   ; 5        ; 41           ; 7            ; 21           ; 2                     ; 0                  ; no     ; no             ; no            ; yes             ; no       ; Off          ; 2.5 V        ; --                        ; Fitter               ; no        ;
; b_in_3[9]  ; A17   ; 7        ; 30           ; 29           ; 14           ; 2                     ; 0                  ; no     ; no             ; no            ; yes             ; no       ; Off          ; 2.5 V        ; --                        ; Fitter               ; no        ;
; beta       ; AB15  ; 4        ; 26           ; 0            ; 7            ; 5                     ; 0                  ; no     ; no             ; no            ; yes             ; no       ; Off          ; 2.5 V        ; --                        ; Fitter               ; no        ;
; c_in[0]    ; P1    ; 2        ; 0            ; 11           ; 21           ; 1                     ; 0                  ; no     ; no             ; no            ; yes             ; no       ; Off          ; 2.5 V        ; --                        ; Fitter               ; no        ;
; c_in[10]   ; AA11  ; 3        ; 21           ; 0            ; 21           ; 1                     ; 0                  ; no     ; no             ; no            ; yes             ; no       ; Off          ; 2.5 V        ; --                        ; Fitter               ; no        ;
; c_in[11]   ; AB11  ; 3        ; 21           ; 0            ; 14           ; 1                     ; 0                  ; no     ; no             ; no            ; yes             ; no       ; Off          ; 2.5 V        ; --                        ; Fitter               ; no        ;
; c_in[12]   ; Y2    ; 2        ; 0            ; 6            ; 0            ; 1                     ; 0                  ; no     ; no             ; no            ; yes             ; no       ; Off          ; 2.5 V        ; --                        ; Fitter               ; no        ;
; c_in[13]   ; V10   ; 3        ; 14           ; 0            ; 14           ; 1                     ; 0                  ; no     ; no             ; no            ; yes             ; no       ; Off          ; 2.5 V        ; --                        ; Fitter               ; no        ;
; c_in[14]   ; T3    ; 2        ; 0            ; 6            ; 14           ; 1                     ; 0                  ; no     ; no             ; no            ; yes             ; no       ; Off          ; 2.5 V        ; --                        ; Fitter               ; no        ;
; c_in[15]   ; AB5   ; 3        ; 9            ; 0            ; 21           ; 1                     ; 0                  ; no     ; no             ; no            ; yes             ; no       ; Off          ; 2.5 V        ; --                        ; Fitter               ; no        ;
; c_in[16]   ; V8    ; 3        ; 11           ; 0            ; 28           ; 1                     ; 0                  ; no     ; no             ; no            ; yes             ; no       ; Off          ; 2.5 V        ; --                        ; Fitter               ; no        ;
; c_in[17]   ; AA7   ; 3        ; 11           ; 0            ; 14           ; 1                     ; 0                  ; no     ; no             ; no            ; yes             ; no       ; Off          ; 2.5 V        ; --                        ; Fitter               ; no        ;
; c_in[18]   ; G11   ; 8        ; 14           ; 29           ; 14           ; 1                     ; 0                  ; no     ; no             ; no            ; yes             ; no       ; Off          ; 2.5 V        ; --                        ; Fitter               ; no        ;
; c_in[19]   ; N7    ; 2        ; 0            ; 6            ; 21           ; 1                     ; 0                  ; no     ; no             ; no            ; yes             ; no       ; Off          ; 2.5 V        ; --                        ; Fitter               ; no        ;
; c_in[1]    ; E12   ; 7        ; 21           ; 29           ; 14           ; 1                     ; 0                  ; no     ; no             ; no            ; yes             ; no       ; Off          ; 2.5 V        ; --                        ; Fitter               ; no        ;
; c_in[20]   ; AB14  ; 4        ; 23           ; 0            ; 7            ; 1                     ; 0                  ; no     ; no             ; no            ; yes             ; no       ; Off          ; 2.5 V        ; --                        ; Fitter               ; no        ;
; c_in[21]   ; AB10  ; 3        ; 21           ; 0            ; 28           ; 1                     ; 0                  ; no     ; no             ; no            ; yes             ; no       ; Off          ; 2.5 V        ; --                        ; Fitter               ; no        ;
; c_in[22]   ; T10   ; 3        ; 14           ; 0            ; 7            ; 1                     ; 0                  ; no     ; no             ; no            ; yes             ; no       ; Off          ; 2.5 V        ; --                        ; Fitter               ; no        ;
; c_in[23]   ; U10   ; 3        ; 14           ; 0            ; 0            ; 1                     ; 0                  ; no     ; no             ; no            ; yes             ; no       ; Off          ; 2.5 V        ; --                        ; Fitter               ; no        ;
; c_in[24]   ; H11   ; 8        ; 19           ; 29           ; 28           ; 1                     ; 0                  ; no     ; no             ; no            ; yes             ; no       ; Off          ; 2.5 V        ; --                        ; Fitter               ; no        ;
; c_in[25]   ; L6    ; 2        ; 0            ; 13           ; 0            ; 1                     ; 0                  ; no     ; no             ; no            ; yes             ; no       ; Off          ; 2.5 V        ; --                        ; Fitter               ; no        ;
; c_in[26]   ; V4    ; 2        ; 0            ; 5            ; 21           ; 1                     ; 0                  ; no     ; no             ; no            ; yes             ; no       ; Off          ; 2.5 V        ; --                        ; Fitter               ; no        ;
; c_in[27]   ; W1    ; 2        ; 0            ; 7            ; 21           ; 1                     ; 0                  ; no     ; no             ; no            ; yes             ; no       ; Off          ; 2.5 V        ; --                        ; Fitter               ; no        ;
; c_in[28]   ; H19   ; 6        ; 41           ; 23           ; 21           ; 1                     ; 0                  ; no     ; no             ; no            ; yes             ; no       ; Off          ; 2.5 V        ; --                        ; Fitter               ; no        ;
; c_in[29]   ; K17   ; 6        ; 41           ; 21           ; 14           ; 1                     ; 0                  ; no     ; no             ; no            ; yes             ; no       ; Off          ; 2.5 V        ; --                        ; Fitter               ; no        ;
; c_in[2]    ; A8    ; 8        ; 14           ; 29           ; 21           ; 1                     ; 0                  ; no     ; no             ; no            ; yes             ; no       ; Off          ; 2.5 V        ; --                        ; Fitter               ; no        ;
; c_in[30]   ; U2    ; 2        ; 0            ; 9            ; 7            ; 1                     ; 0                  ; no     ; no             ; no            ; yes             ; no       ; Off          ; 2.5 V        ; --                        ; Fitter               ; no        ;
; c_in[31]   ; M2    ; 2        ; 0            ; 13           ; 14           ; 1                     ; 0                  ; no     ; no             ; no            ; yes             ; no       ; Off          ; 2.5 V        ; --                        ; Fitter               ; no        ;
; c_in[32]   ; A14   ; 7        ; 23           ; 29           ; 21           ; 1                     ; 0                  ; no     ; no             ; no            ; yes             ; no       ; Off          ; 2.5 V        ; --                        ; Fitter               ; no        ;
; c_in[33]   ; N5    ; 2        ; 0            ; 10           ; 14           ; 1                     ; 0                  ; no     ; no             ; no            ; yes             ; no       ; Off          ; 2.5 V        ; --                        ; Fitter               ; no        ;
; c_in[34]   ; M4    ; 2        ; 0            ; 12           ; 0            ; 1                     ; 0                  ; no     ; no             ; no            ; yes             ; no       ; Off          ; 2.5 V        ; --                        ; Fitter               ; no        ;
; c_in[35]   ; E11   ; 7        ; 21           ; 29           ; 21           ; 1                     ; 0                  ; no     ; no             ; no            ; yes             ; no       ; Off          ; 2.5 V        ; --                        ; Fitter               ; no        ;
; c_in[36]   ; C13   ; 7        ; 23           ; 29           ; 0            ; 1                     ; 0                  ; no     ; no             ; no            ; yes             ; no       ; Off          ; 2.5 V        ; --                        ; Fitter               ; no        ;
; c_in[37]   ; F11   ; 7        ; 21           ; 29           ; 28           ; 1                     ; 0                  ; no     ; no             ; no            ; yes             ; no       ; Off          ; 2.5 V        ; --                        ; Fitter               ; no        ;
; c_in[38]   ; A13   ; 7        ; 21           ; 29           ; 0            ; 1                     ; 0                  ; no     ; no             ; no            ; yes             ; no       ; Off          ; 2.5 V        ; --                        ; Fitter               ; no        ;
; c_in[39]   ; V2    ; 2        ; 0            ; 9            ; 21           ; 1                     ; 0                  ; no     ; no             ; no            ; yes             ; no       ; Off          ; 2.5 V        ; --                        ; Fitter               ; no        ;
; c_in[3]    ; B9    ; 8        ; 14           ; 29           ; 0            ; 1                     ; 0                  ; no     ; no             ; no            ; yes             ; no       ; Off          ; 2.5 V        ; --                        ; Fitter               ; no        ;
; c_in[40]   ; AA15  ; 4        ; 26           ; 0            ; 14           ; 1                     ; 0                  ; no     ; no             ; no            ; yes             ; no       ; Off          ; 2.5 V        ; --                        ; Fitter               ; no        ;
; c_in[41]   ; F13   ; 7        ; 26           ; 29           ; 14           ; 1                     ; 0                  ; no     ; no             ; no            ; yes             ; no       ; Off          ; 2.5 V        ; --                        ; Fitter               ; no        ;
; c_in[42]   ; V12   ; 4        ; 23           ; 0            ; 0            ; 1                     ; 0                  ; no     ; no             ; no            ; yes             ; no       ; Off          ; 2.5 V        ; --                        ; Fitter               ; no        ;
; c_in[43]   ; V1    ; 2        ; 0            ; 8            ; 0            ; 1                     ; 0                  ; no     ; no             ; no            ; yes             ; no       ; Off          ; 2.5 V        ; --                        ; Fitter               ; no        ;
; c_in[44]   ; D13   ; 7        ; 23           ; 29           ; 7            ; 1                     ; 0                  ; no     ; no             ; no            ; yes             ; no       ; Off          ; 2.5 V        ; --                        ; Fitter               ; no        ;
; c_in[45]   ; V11   ; 3        ; 19           ; 0            ; 21           ; 1                     ; 0                  ; no     ; no             ; no            ; yes             ; no       ; Off          ; 2.5 V        ; --                        ; Fitter               ; no        ;
; c_in[46]   ; G12   ; 7        ; 26           ; 29           ; 7            ; 1                     ; 0                  ; no     ; no             ; no            ; yes             ; no       ; Off          ; 2.5 V        ; --                        ; Fitter               ; no        ;
; c_in[47]   ; Y13   ; 4        ; 26           ; 0            ; 21           ; 1                     ; 0                  ; no     ; no             ; no            ; yes             ; no       ; Off          ; 2.5 V        ; --                        ; Fitter               ; no        ;
; c_in[48]   ; AA14  ; 4        ; 23           ; 0            ; 14           ; 1                     ; 0                  ; no     ; no             ; no            ; yes             ; no       ; Off          ; 2.5 V        ; --                        ; Fitter               ; no        ;
; c_in[49]   ; H12   ; 7        ; 26           ; 29           ; 0            ; 1                     ; 0                  ; no     ; no             ; no            ; yes             ; no       ; Off          ; 2.5 V        ; --                        ; Fitter               ; no        ;
; c_in[4]    ; B13   ; 7        ; 21           ; 29           ; 7            ; 1                     ; 0                  ; no     ; no             ; no            ; yes             ; no       ; Off          ; 2.5 V        ; --                        ; Fitter               ; no        ;
; c_in[50]   ; N1    ; 2        ; 0            ; 12           ; 21           ; 1                     ; 0                  ; no     ; no             ; no            ; yes             ; no       ; Off          ; 2.5 V        ; --                        ; Fitter               ; no        ;
; c_in[51]   ; U12   ; 4        ; 26           ; 0            ; 0            ; 1                     ; 0                  ; no     ; no             ; no            ; yes             ; no       ; Off          ; 2.5 V        ; --                        ; Fitter               ; no        ;
; c_in[52]   ; B16   ; 7        ; 28           ; 29           ; 0            ; 1                     ; 0                  ; no     ; no             ; no            ; yes             ; no       ; Off          ; 2.5 V        ; --                        ; Fitter               ; no        ;
; c_in[53]   ; M7    ; 2        ; 0            ; 8            ; 21           ; 1                     ; 0                  ; no     ; no             ; no            ; yes             ; no       ; Off          ; 2.5 V        ; --                        ; Fitter               ; no        ;
; c_in[54]   ; W13   ; 4        ; 26           ; 0            ; 28           ; 1                     ; 0                  ; no     ; no             ; no            ; yes             ; no       ; Off          ; 2.5 V        ; --                        ; Fitter               ; no        ;
; c_in[55]   ; T22   ; 5        ; 41           ; 15           ; 21           ; 1                     ; 0                  ; no     ; no             ; no            ; yes             ; no       ; Off          ; 2.5 V        ; --                        ; Fitter               ; no        ;
; c_in[56]   ; T21   ; 5        ; 41           ; 15           ; 14           ; 1                     ; 0                  ; no     ; no             ; no            ; yes             ; no       ; Off          ; 2.5 V        ; --                        ; Fitter               ; no        ;
; c_in[57]   ; T5    ; 2        ; 0            ; 3            ; 0            ; 1                     ; 0                  ; no     ; no             ; no            ; yes             ; no       ; Off          ; 2.5 V        ; --                        ; Fitter               ; no        ;
; c_in[58]   ; V9    ; 3        ; 14           ; 0            ; 21           ; 1                     ; 0                  ; no     ; no             ; no            ; yes             ; no       ; Off          ; 2.5 V        ; --                        ; Fitter               ; no        ;
; c_in[59]   ; G22   ; 6        ; 41           ; 15           ; 7            ; 1                     ; 0                  ; no     ; no             ; no            ; yes             ; no       ; Off          ; 2.5 V        ; --                        ; Fitter               ; no        ;
; c_in[5]    ; F19   ; 6        ; 41           ; 25           ; 14           ; 1                     ; 0                  ; no     ; no             ; no            ; yes             ; no       ; Off          ; 2.5 V        ; --                        ; Fitter               ; no        ;
; c_in[60]   ; G21   ; 6        ; 41           ; 15           ; 0            ; 1                     ; 0                  ; no     ; no             ; no            ; yes             ; no       ; Off          ; 2.5 V        ; --                        ; Fitter               ; no        ;
; c_in[61]   ; AB9   ; 3        ; 16           ; 0            ; 0            ; 1                     ; 0                  ; no     ; no             ; no            ; yes             ; no       ; Off          ; 2.5 V        ; --                        ; Fitter               ; no        ;
; c_in[62]   ; AA13  ; 4        ; 23           ; 0            ; 28           ; 1                     ; 0                  ; no     ; no             ; no            ; yes             ; no       ; Off          ; 2.5 V        ; --                        ; Fitter               ; no        ;
; c_in[63]   ; Y10   ; 3        ; 19           ; 0            ; 7            ; 1                     ; 0                  ; no     ; no             ; no            ; yes             ; no       ; Off          ; 2.5 V        ; --                        ; Fitter               ; no        ;
; c_in[64]   ; AB13  ; 4        ; 23           ; 0            ; 21           ; 1                     ; 0                  ; no     ; no             ; no            ; yes             ; no       ; Off          ; 2.5 V        ; --                        ; Fitter               ; no        ;
; c_in[65]   ; U11   ; 3        ; 19           ; 0            ; 28           ; 1                     ; 0                  ; no     ; no             ; no            ; yes             ; no       ; Off          ; 2.5 V        ; --                        ; Fitter               ; no        ;
; c_in[6]    ; E13   ; 7        ; 23           ; 29           ; 14           ; 1                     ; 0                  ; no     ; no             ; no            ; yes             ; no       ; Off          ; 2.5 V        ; --                        ; Fitter               ; no        ;
; c_in[7]    ; B14   ; 7        ; 23           ; 29           ; 28           ; 1                     ; 0                  ; no     ; no             ; no            ; yes             ; no       ; Off          ; 2.5 V        ; --                        ; Fitter               ; no        ;
; c_in[8]    ; M5    ; 2        ; 0            ; 11           ; 7            ; 1                     ; 0                  ; no     ; no             ; no            ; yes             ; no       ; Off          ; 2.5 V        ; --                        ; Fitter               ; no        ;
; c_in[9]    ; N8    ; 2        ; 0            ; 7            ; 7            ; 1                     ; 0                  ; no     ; no             ; no            ; yes             ; no       ; Off          ; 2.5 V        ; --                        ; Fitter               ; no        ;
; clk        ; G1    ; 1        ; 0            ; 14           ; 7            ; 755                   ; 0                  ; yes    ; no             ; no            ; yes             ; no       ; Off          ; 2.5 V        ; --                        ; Fitter               ; no        ;
; reset      ; T2    ; 2        ; 0            ; 14           ; 14           ; 745                   ; 0                  ; yes    ; no             ; no            ; yes             ; no       ; Off          ; 2.5 V        ; --                        ; Fitter               ; no        ;
+------------+-------+----------+--------------+--------------+--------------+-----------------------+--------------------+--------+----------------+---------------+-----------------+----------+--------------+--------------+---------------------------+----------------------+-----------+


+------------------------------------------------------------------------------------------------------------------------------------------------------------------------------------------------------------------------------------------------------------------------------------------------------------------------------------------------------------------------------------------------------------------------------------------------------------+
; Output Pins                                                                                                                                                                                                                                                                                                                                                                                                                                                ;
+-----------+-------+----------+--------------+--------------+--------------+-----------------+------------------------+---------------+-----------+-----------------+------------+---------------+----------+--------------+--------------+------------------+-----------------------------------+---------------------------+----------------------------+-----------------------------+----------------------+----------------------+---------------------+
; Name      ; Pin # ; I/O Bank ; X coordinate ; Y coordinate ; Z coordinate ; Output Register ; Output Enable Register ; Power Up High ; Slew Rate ; PCI I/O Enabled ; Open Drain ; TRI Primitive ; Bus Hold ; Weak Pull Up ; I/O Standard ; Current Strength ; Termination                       ; Termination Control Block ; Output Buffer Pre-emphasis ; Voltage Output Differential ; Location assigned by ; Output Enable Source ; Output Enable Group ;
+-----------+-------+----------+--------------+--------------+--------------+-----------------+------------------------+---------------+-----------+-----------------+------------+---------------+----------+--------------+--------------+------------------+-----------------------------------+---------------------------+----------------------------+-----------------------------+----------------------+----------------------+---------------------+
; c_out[0]  ; D21   ; 6        ; 41           ; 24           ; 0            ; no              ; no                     ; no            ; 2         ; no              ; no         ; no            ; no       ; Off          ; 2.5 V        ; Default          ; Series 50 Ohm without Calibration ; --                        ; no                         ; no                          ; Fitter               ; -                    ; -                   ;
; c_out[10] ; M19   ; 5        ; 41           ; 14           ; 7            ; no              ; no                     ; no            ; 2         ; no              ; no         ; no            ; no       ; Off          ; 2.5 V        ; Default          ; Series 50 Ohm without Calibration ; --                        ; no                         ; no                          ; Fitter               ; -                    ; -                   ;
; c_out[11] ; C20   ; 6        ; 41           ; 27           ; 21           ; no              ; no                     ; no            ; 2         ; no              ; no         ; no            ; no       ; Off          ; 2.5 V        ; Default          ; Series 50 Ohm without Calibration ; --                        ; no                         ; no                          ; Fitter               ; -                    ; -                   ;
; c_out[12] ; P22   ; 5        ; 41           ; 11           ; 0            ; no              ; no                     ; no            ; 2         ; no              ; no         ; no            ; no       ; Off          ; 2.5 V        ; Default          ; Series 50 Ohm without Calibration ; --                        ; no                         ; no                          ; Fitter               ; -                    ; -                   ;
; c_out[13] ; G18   ; 6        ; 41           ; 25           ; 7            ; no              ; no                     ; no            ; 2         ; no              ; no         ; no            ; no       ; Off          ; 2.5 V        ; Default          ; Series 50 Ohm without Calibration ; --                        ; no                         ; no                          ; Fitter               ; -                    ; -                   ;
; c_out[14] ; F21   ; 6        ; 41           ; 22           ; 14           ; no              ; no                     ; no            ; 2         ; no              ; no         ; no            ; no       ; Off          ; 2.5 V        ; Default          ; Series 50 Ohm without Calibration ; --                        ; no                         ; no                          ; Fitter               ; -                    ; -                   ;
; c_out[15] ; F22   ; 6        ; 41           ; 22           ; 21           ; no              ; no                     ; no            ; 2         ; no              ; no         ; no            ; no       ; Off          ; 2.5 V        ; Default          ; Series 50 Ohm without Calibration ; --                        ; no                         ; no                          ; Fitter               ; -                    ; -                   ;
; c_out[16] ; J15   ; 6        ; 41           ; 19           ; 21           ; no              ; no                     ; no            ; 2         ; no              ; no         ; no            ; no       ; Off          ; 2.5 V        ; Default          ; Series 50 Ohm without Calibration ; --                        ; no                         ; no                          ; Fitter               ; -                    ; -                   ;
; c_out[17] ; P20   ; 5        ; 41           ; 10           ; 0            ; no              ; no                     ; no            ; 2         ; no              ; no         ; no            ; no       ; Off          ; 2.5 V        ; Default          ; Series 50 Ohm without Calibration ; --                        ; no                         ; no                          ; Fitter               ; -                    ; -                   ;
; c_out[18] ; K15   ; 6        ; 41           ; 18           ; 7            ; no              ; no                     ; no            ; 2         ; no              ; no         ; no            ; no       ; Off          ; 2.5 V        ; Default          ; Series 50 Ohm without Calibration ; --                        ; no                         ; no                          ; Fitter               ; -                    ; -                   ;
; c_out[19] ; E22   ; 6        ; 41           ; 23           ; 14           ; no              ; no                     ; no            ; 2         ; no              ; no         ; no            ; no       ; Off          ; 2.5 V        ; Default          ; Series 50 Ohm without Calibration ; --                        ; no                         ; no                          ; Fitter               ; -                    ; -                   ;
; c_out[1]  ; N20   ; 5        ; 41           ; 12           ; 14           ; no              ; no                     ; no            ; 2         ; no              ; no         ; no            ; no       ; Off          ; 2.5 V        ; Default          ; Series 50 Ohm without Calibration ; --                        ; no                         ; no                          ; Fitter               ; -                    ; -                   ;
; c_out[20] ; J22   ; 6        ; 41           ; 19           ; 0            ; no              ; no                     ; no            ; 2         ; no              ; no         ; no            ; no       ; Off          ; 2.5 V        ; Default          ; Series 50 Ohm without Calibration ; --                        ; no                         ; no                          ; Fitter               ; -                    ; -                   ;
; c_out[21] ; L22   ; 6        ; 41           ; 18           ; 21           ; no              ; no                     ; no            ; 2         ; no              ; no         ; no            ; no       ; Off          ; 2.5 V        ; Default          ; Series 50 Ohm without Calibration ; --                        ; no                         ; no                          ; Fitter               ; -                    ; -                   ;
; c_out[22] ; F14   ; 7        ; 37           ; 29           ; 0            ; no              ; no                     ; no            ; 2         ; no              ; no         ; no            ; no       ; Off          ; 2.5 V        ; Default          ; Series 50 Ohm without Calibration ; --                        ; no                         ; no                          ; Fitter               ; -                    ; -                   ;
; c_out[23] ; K21   ; 6        ; 41           ; 19           ; 7            ; no              ; no                     ; no            ; 2         ; no              ; no         ; no            ; no       ; Off          ; 2.5 V        ; Default          ; Series 50 Ohm without Calibration ; --                        ; no                         ; no                          ; Fitter               ; -                    ; -                   ;
; c_out[24] ; H21   ; 6        ; 41           ; 21           ; 21           ; no              ; no                     ; no            ; 2         ; no              ; no         ; no            ; no       ; Off          ; 2.5 V        ; Default          ; Series 50 Ohm without Calibration ; --                        ; no                         ; no                          ; Fitter               ; -                    ; -                   ;
; c_out[25] ; N16   ; 5        ; 41           ; 10           ; 21           ; no              ; no                     ; no            ; 2         ; no              ; no         ; no            ; no       ; Off          ; 2.5 V        ; Default          ; Series 50 Ohm without Calibration ; --                        ; no                         ; no                          ; Fitter               ; -                    ; -                   ;
; c_out[26] ; L21   ; 6        ; 41           ; 18           ; 14           ; no              ; no                     ; no            ; 2         ; no              ; no         ; no            ; no       ; Off          ; 2.5 V        ; Default          ; Series 50 Ohm without Calibration ; --                        ; no                         ; no                          ; Fitter               ; -                    ; -                   ;
; c_out[27] ; P15   ; 5        ; 41           ; 6            ; 21           ; no              ; no                     ; no            ; 2         ; no              ; no         ; no            ; no       ; Off          ; 2.5 V        ; Default          ; Series 50 Ohm without Calibration ; --                        ; no                         ; no                          ; Fitter               ; -                    ; -                   ;
; c_out[28] ; K19   ; 6        ; 41           ; 18           ; 0            ; no              ; no                     ; no            ; 2         ; no              ; no         ; no            ; no       ; Off          ; 2.5 V        ; Default          ; Series 50 Ohm without Calibration ; --                        ; no                         ; no                          ; Fitter               ; -                    ; -                   ;
; c_out[29] ; N22   ; 5        ; 41           ; 13           ; 14           ; no              ; no                     ; no            ; 2         ; no              ; no         ; no            ; no       ; Off          ; 2.5 V        ; Default          ; Series 50 Ohm without Calibration ; --                        ; no                         ; no                          ; Fitter               ; -                    ; -                   ;
; c_out[2]  ; J21   ; 6        ; 41           ; 20           ; 21           ; no              ; no                     ; no            ; 2         ; no              ; no         ; no            ; no       ; Off          ; 2.5 V        ; Default          ; Series 50 Ohm without Calibration ; --                        ; no                         ; no                          ; Fitter               ; -                    ; -                   ;
; c_out[30] ; H20   ; 6        ; 41           ; 22           ; 0            ; no              ; no                     ; no            ; 2         ; no              ; no         ; no            ; no       ; Off          ; 2.5 V        ; Default          ; Series 50 Ohm without Calibration ; --                        ; no                         ; no                          ; Fitter               ; -                    ; -                   ;
; c_out[31] ; M16   ; 5        ; 41           ; 14           ; 0            ; no              ; no                     ; no            ; 2         ; no              ; no         ; no            ; no       ; Off          ; 2.5 V        ; Default          ; Series 50 Ohm without Calibration ; --                        ; no                         ; no                          ; Fitter               ; -                    ; -                   ;
; c_out[32] ; L16   ; 6        ; 41           ; 17           ; 7            ; no              ; no                     ; no            ; 2         ; no              ; no         ; no            ; no       ; Off          ; 2.5 V        ; Default          ; Series 50 Ohm without Calibration ; --                        ; no                         ; no                          ; Fitter               ; -                    ; -                   ;
; c_out[33] ; L15   ; 6        ; 41           ; 17           ; 0            ; no              ; no                     ; no            ; 2         ; no              ; no         ; no            ; no       ; Off          ; 2.5 V        ; Default          ; Series 50 Ohm without Calibration ; --                        ; no                         ; no                          ; Fitter               ; -                    ; -                   ;
; c_out[34] ; R22   ; 5        ; 41           ; 10           ; 14           ; no              ; no                     ; no            ; 2         ; no              ; no         ; no            ; no       ; Off          ; 2.5 V        ; Default          ; Series 50 Ohm without Calibration ; --                        ; no                         ; no                          ; Fitter               ; -                    ; -                   ;
; c_out[35] ; N21   ; 5        ; 41           ; 13           ; 7            ; no              ; no                     ; no            ; 2         ; no              ; no         ; no            ; no       ; Off          ; 2.5 V        ; Default          ; Series 50 Ohm without Calibration ; --                        ; no                         ; no                          ; Fitter               ; -                    ; -                   ;
; c_out[36] ; C22   ; 6        ; 41           ; 26           ; 21           ; no              ; no                     ; no            ; 2         ; no              ; no         ; no            ; no       ; Off          ; 2.5 V        ; Default          ; Series 50 Ohm without Calibration ; --                        ; no                         ; no                          ; Fitter               ; -                    ; -                   ;
; c_out[37] ; R21   ; 5        ; 41           ; 10           ; 7            ; no              ; no                     ; no            ; 2         ; no              ; no         ; no            ; no       ; Off          ; 2.5 V        ; Default          ; Series 50 Ohm without Calibration ; --                        ; no                         ; no                          ; Fitter               ; -                    ; -                   ;
; c_out[38] ; C21   ; 6        ; 41           ; 26           ; 14           ; no              ; no                     ; no            ; 2         ; no              ; no         ; no            ; no       ; Off          ; 2.5 V        ; Default          ; Series 50 Ohm without Calibration ; --                        ; no                         ; no                          ; Fitter               ; -                    ; -                   ;
; c_out[39] ; M20   ; 5        ; 41           ; 14           ; 14           ; no              ; no                     ; no            ; 2         ; no              ; no         ; no            ; no       ; Off          ; 2.5 V        ; Default          ; Series 50 Ohm without Calibration ; --                        ; no                         ; no                          ; Fitter               ; -                    ; -                   ;
; c_out[3]  ; N19   ; 5        ; 41           ; 12           ; 7            ; no              ; no                     ; no            ; 2         ; no              ; no         ; no            ; no       ; Off          ; 2.5 V        ; Default          ; Series 50 Ohm without Calibration ; --                        ; no                         ; no                          ; Fitter               ; -                    ; -                   ;
; c_out[40] ; M21   ; 5        ; 41           ; 14           ; 21           ; no              ; no                     ; no            ; 2         ; no              ; no         ; no            ; no       ; Off          ; 2.5 V        ; Default          ; Series 50 Ohm without Calibration ; --                        ; no                         ; no                          ; Fitter               ; -                    ; -                   ;
; c_out[41] ; W22   ; 5        ; 41           ; 5            ; 7            ; no              ; no                     ; no            ; 2         ; no              ; no         ; no            ; no       ; Off          ; 2.5 V        ; Default          ; Series 50 Ohm without Calibration ; --                        ; no                         ; no                          ; Fitter               ; -                    ; -                   ;
; c_out[42] ; W21   ; 5        ; 41           ; 5            ; 0            ; no              ; no                     ; no            ; 2         ; no              ; no         ; no            ; no       ; Off          ; 2.5 V        ; Default          ; Series 50 Ohm without Calibration ; --                        ; no                         ; no                          ; Fitter               ; -                    ; -                   ;
; c_out[43] ; P17   ; 5        ; 41           ; 7            ; 7            ; no              ; no                     ; no            ; 2         ; no              ; no         ; no            ; no       ; Off          ; 2.5 V        ; Default          ; Series 50 Ohm without Calibration ; --                        ; no                         ; no                          ; Fitter               ; -                    ; -                   ;
; c_out[44] ; R19   ; 5        ; 41           ; 9            ; 14           ; no              ; no                     ; no            ; 2         ; no              ; no         ; no            ; no       ; Off          ; 2.5 V        ; Default          ; Series 50 Ohm without Calibration ; --                        ; no                         ; no                          ; Fitter               ; -                    ; -                   ;
; c_out[45] ; R18   ; 5        ; 41           ; 9            ; 21           ; no              ; no                     ; no            ; 2         ; no              ; no         ; no            ; no       ; Off          ; 2.5 V        ; Default          ; Series 50 Ohm without Calibration ; --                        ; no                         ; no                          ; Fitter               ; -                    ; -                   ;
; c_out[46] ; N14   ; 5        ; 41           ; 5            ; 14           ; no              ; no                     ; no            ; 2         ; no              ; no         ; no            ; no       ; Off          ; 2.5 V        ; Default          ; Series 50 Ohm without Calibration ; --                        ; no                         ; no                          ; Fitter               ; -                    ; -                   ;
; c_out[47] ; H16   ; 6        ; 41           ; 24           ; 14           ; no              ; no                     ; no            ; 2         ; no              ; no         ; no            ; no       ; Off          ; 2.5 V        ; Default          ; Series 50 Ohm without Calibration ; --                        ; no                         ; no                          ; Fitter               ; -                    ; -                   ;
; c_out[48] ; F20   ; 6        ; 41           ; 25           ; 21           ; no              ; no                     ; no            ; 2         ; no              ; no         ; no            ; no       ; Off          ; 2.5 V        ; Default          ; Series 50 Ohm without Calibration ; --                        ; no                         ; no                          ; Fitter               ; -                    ; -                   ;
; c_out[49] ; P14   ; 5        ; 41           ; 2            ; 7            ; no              ; no                     ; no            ; 2         ; no              ; no         ; no            ; no       ; Off          ; 2.5 V        ; Default          ; Series 50 Ohm without Calibration ; --                        ; no                         ; no                          ; Fitter               ; -                    ; -                   ;
; c_out[4]  ; K16   ; 6        ; 41           ; 20           ; 7            ; no              ; no                     ; no            ; 2         ; no              ; no         ; no            ; no       ; Off          ; 2.5 V        ; Default          ; Series 50 Ohm without Calibration ; --                        ; no                         ; no                          ; Fitter               ; -                    ; -                   ;
; c_out[50] ; U15   ; 4        ; 39           ; 0            ; 28           ; no              ; no                     ; no            ; 2         ; no              ; no         ; no            ; no       ; Off          ; 2.5 V        ; Default          ; Series 50 Ohm without Calibration ; --                        ; no                         ; no                          ; Fitter               ; -                    ; -                   ;
; c_out[51] ; U22   ; 5        ; 41           ; 8            ; 7            ; no              ; no                     ; no            ; 2         ; no              ; no         ; no            ; no       ; Off          ; 2.5 V        ; Default          ; Series 50 Ohm without Calibration ; --                        ; no                         ; no                          ; Fitter               ; -                    ; -                   ;
; c_out[52] ; N18   ; 5        ; 41           ; 13           ; 21           ; no              ; no                     ; no            ; 2         ; no              ; no         ; no            ; no       ; Off          ; 2.5 V        ; Default          ; Series 50 Ohm without Calibration ; --                        ; no                         ; no                          ; Fitter               ; -                    ; -                   ;
; c_out[53] ; J17   ; 6        ; 41           ; 24           ; 21           ; no              ; no                     ; no            ; 2         ; no              ; no         ; no            ; no       ; Off          ; 2.5 V        ; Default          ; Series 50 Ohm without Calibration ; --                        ; no                         ; no                          ; Fitter               ; -                    ; -                   ;
; c_out[54] ; R17   ; 5        ; 41           ; 6            ; 0            ; no              ; no                     ; no            ; 2         ; no              ; no         ; no            ; no       ; Off          ; 2.5 V        ; Default          ; Series 50 Ohm without Calibration ; --                        ; no                         ; no                          ; Fitter               ; -                    ; -                   ;
; c_out[55] ; N15   ; 5        ; 41           ; 7            ; 14           ; no              ; no                     ; no            ; 2         ; no              ; no         ; no            ; no       ; Off          ; 2.5 V        ; Default          ; Series 50 Ohm without Calibration ; --                        ; no                         ; no                          ; Fitter               ; -                    ; -                   ;
; c_out[56] ; T17   ; 5        ; 41           ; 2            ; 0            ; no              ; no                     ; no            ; 2         ; no              ; no         ; no            ; no       ; Off          ; 2.5 V        ; Default          ; Series 50 Ohm without Calibration ; --                        ; no                         ; no                          ; Fitter               ; -                    ; -                   ;
; c_out[57] ; Y21   ; 5        ; 41           ; 4            ; 7            ; no              ; no                     ; no            ; 2         ; no              ; no         ; no            ; no       ; Off          ; 2.5 V        ; Default          ; Series 50 Ohm without Calibration ; --                        ; no                         ; no                          ; Fitter               ; -                    ; -                   ;
; c_out[58] ; V16   ; 4        ; 37           ; 0            ; 28           ; no              ; no                     ; no            ; 2         ; no              ; no         ; no            ; no       ; Off          ; 2.5 V        ; Default          ; Series 50 Ohm without Calibration ; --                        ; no                         ; no                          ; Fitter               ; -                    ; -                   ;
; c_out[59] ; U14   ; 4        ; 39           ; 0            ; 21           ; no              ; no                     ; no            ; 2         ; no              ; no         ; no            ; no       ; Off          ; 2.5 V        ; Default          ; Series 50 Ohm without Calibration ; --                        ; no                         ; no                          ; Fitter               ; -                    ; -                   ;
; c_out[5]  ; E21   ; 6        ; 41           ; 23           ; 7            ; no              ; no                     ; no            ; 2         ; no              ; no         ; no            ; no       ; Off          ; 2.5 V        ; Default          ; Series 50 Ohm without Calibration ; --                        ; no                         ; no                          ; Fitter               ; -                    ; -                   ;
; c_out[60] ; W19   ; 5        ; 41           ; 3            ; 7            ; no              ; no                     ; no            ; 2         ; no              ; no         ; no            ; no       ; Off          ; 2.5 V        ; Default          ; Series 50 Ohm without Calibration ; --                        ; no                         ; no                          ; Fitter               ; -                    ; -                   ;
; c_out[61] ; R20   ; 5        ; 41           ; 8            ; 14           ; no              ; no                     ; no            ; 2         ; no              ; no         ; no            ; no       ; Off          ; 2.5 V        ; Default          ; Series 50 Ohm without Calibration ; --                        ; no                         ; no                          ; Fitter               ; -                    ; -                   ;
; c_out[62] ; T18   ; 5        ; 41           ; 3            ; 21           ; no              ; no                     ; no            ; 2         ; no              ; no         ; no            ; no       ; Off          ; 2.5 V        ; Default          ; Series 50 Ohm without Calibration ; --                        ; no                         ; no                          ; Fitter               ; -                    ; -                   ;
; c_out[63] ; V22   ; 5        ; 41           ; 7            ; 0            ; no              ; no                     ; no            ; 2         ; no              ; no         ; no            ; no       ; Off          ; 2.5 V        ; Default          ; Series 50 Ohm without Calibration ; --                        ; no                         ; no                          ; Fitter               ; -                    ; -                   ;
; c_out[64] ; W20   ; 5        ; 41           ; 3            ; 14           ; no              ; no                     ; no            ; 2         ; no              ; no         ; no            ; no       ; Off          ; 2.5 V        ; Default          ; Series 50 Ohm without Calibration ; --                        ; no                         ; no                          ; Fitter               ; -                    ; -                   ;
; c_out[65] ; V21   ; 5        ; 41           ; 8            ; 21           ; no              ; no                     ; no            ; 2         ; no              ; no         ; no            ; no       ; Off          ; 2.5 V        ; Default          ; Series 50 Ohm without Calibration ; --                        ; no                         ; no                          ; Fitter               ; -                    ; -                   ;
; c_out[6]  ; P21   ; 5        ; 41           ; 12           ; 21           ; no              ; no                     ; no            ; 2         ; no              ; no         ; no            ; no       ; Off          ; 2.5 V        ; Default          ; Series 50 Ohm without Calibration ; --                        ; no                         ; no                          ; Fitter               ; -                    ; -                   ;
; c_out[7]  ; J16   ; 6        ; 41           ; 20           ; 14           ; no              ; no                     ; no            ; 2         ; no              ; no         ; no            ; no       ; Off          ; 2.5 V        ; Default          ; Series 50 Ohm without Calibration ; --                        ; no                         ; no                          ; Fitter               ; -                    ; -                   ;
; c_out[8]  ; N17   ; 5        ; 41           ; 12           ; 0            ; no              ; no                     ; no            ; 2         ; no              ; no         ; no            ; no       ; Off          ; 2.5 V        ; Default          ; Series 50 Ohm without Calibration ; --                        ; no                         ; no                          ; Fitter               ; -                    ; -                   ;
; c_out[9]  ; M22   ; 5        ; 41           ; 13           ; 0            ; no              ; no                     ; no            ; 2         ; no              ; no         ; no            ; no       ; Off          ; 2.5 V        ; Default          ; Series 50 Ohm without Calibration ; --                        ; no                         ; no                          ; Fitter               ; -                    ; -                   ;
; done      ; N6    ; 2        ; 0            ; 8            ; 14           ; no              ; no                     ; no            ; 2         ; no              ; no         ; no            ; no       ; Off          ; 2.5 V        ; Default          ; Series 50 Ohm without Calibration ; --                        ; no                         ; no                          ; Fitter               ; -                    ; -                   ;
; valid     ; R1    ; 2        ; 0            ; 10           ; 7            ; no              ; no                     ; no            ; 2         ; no              ; no         ; no            ; no       ; Off          ; 2.5 V        ; Default          ; Series 50 Ohm without Calibration ; --                        ; no                         ; no                          ; Fitter               ; -                    ; -                   ;
+-----------+-------+----------+--------------+--------------+--------------+-----------------+------------------------+---------------+-----------+-----------------+------------+---------------+----------+--------------+--------------+------------------+-----------------------------------+---------------------------+----------------------------+-----------------------------+----------------------+----------------------+---------------------+


+--------------------------------------------------------------------------------------------------------------------------------------+
; Dual Purpose and Dedicated Pins                                                                                                      ;
+----------+------------------------------------------+--------------------------+-------------------------+---------------------------+
; Location ; Pin Name                                 ; Reserved As              ; User Signal Name        ; Pin Type                  ;
+----------+------------------------------------------+--------------------------+-------------------------+---------------------------+
; D1       ; DIFFIO_L4n, DATA1, ASDO                  ; As input tri-stated      ; ~ALTERA_ASDO_DATA1~     ; Dual Purpose Pin          ;
; E2       ; DIFFIO_L6p, FLASH_nCE, nCSO              ; As input tri-stated      ; ~ALTERA_FLASH_nCE_nCSO~ ; Dual Purpose Pin          ;
; K6       ; nSTATUS                                  ; -                        ; -                       ; Dedicated Programming Pin ;
; K2       ; DCLK                                     ; As output driving ground ; ~ALTERA_DCLK~           ; Dual Purpose Pin          ;
; K1       ; DATA0                                    ; As input tri-stated      ; ~ALTERA_DATA0~          ; Dual Purpose Pin          ;
; K5       ; nCONFIG                                  ; -                        ; -                       ; Dedicated Programming Pin ;
; L3       ; nCE                                      ; -                        ; -                       ; Dedicated Programming Pin ;
; N22      ; DIFFIO_R21n, DEV_OE                      ; Use as regular IO        ; c_out[29]               ; Dual Purpose Pin          ;
; N21      ; DIFFIO_R21p, DEV_CLRn                    ; Use as regular IO        ; c_out[35]               ; Dual Purpose Pin          ;
; M18      ; CONF_DONE                                ; -                        ; -                       ; Dedicated Programming Pin ;
; M17      ; MSEL0                                    ; -                        ; -                       ; Dedicated Programming Pin ;
; L18      ; MSEL1                                    ; -                        ; -                       ; Dedicated Programming Pin ;
; L17      ; MSEL2                                    ; -                        ; -                       ; Dedicated Programming Pin ;
; K20      ; MSEL3                                    ; -                        ; -                       ; Dedicated Programming Pin ;
; L22      ; DIFFIO_R17n, INIT_DONE                   ; Use as regular IO        ; c_out[21]               ; Dual Purpose Pin          ;
; L21      ; DIFFIO_R17p, CRC_ERROR                   ; Use as regular IO        ; c_out[26]               ; Dual Purpose Pin          ;
; K22      ; DIFFIO_R16n, nCEO                        ; Use as programming pin   ; ~ALTERA_nCEO~           ; Dual Purpose Pin          ;
; K21      ; DIFFIO_R16p, CLKUSR                      ; Use as regular IO        ; c_out[23]               ; Dual Purpose Pin          ;
; E22      ; DIFFIO_R9n, nWE                          ; Use as regular IO        ; c_out[19]               ; Dual Purpose Pin          ;
; E21      ; DIFFIO_R9p, nOE                          ; Use as regular IO        ; c_out[5]                ; Dual Purpose Pin          ;
; F20      ; DIFFIO_R6n, nAVD                         ; Use as regular IO        ; c_out[48]               ; Dual Purpose Pin          ;
; F19      ; DIFFIO_R6p                               ; Use as regular IO        ; c_in[5]                 ; Dual Purpose Pin          ;
; G18      ; DIFFIO_R5n, PADD23                       ; Use as regular IO        ; c_out[13]               ; Dual Purpose Pin          ;
; C20      ; DIFFIO_R2n, PADD20, DQS2R/CQ3R,CDPCLK5   ; Use as regular IO        ; c_out[11]               ; Dual Purpose Pin          ;
; B18      ; DIFFIO_T27p, PADD0                       ; Use as regular IO        ; a_in[26]                ; Dual Purpose Pin          ;
; A17      ; DIFFIO_T25n, PADD1                       ; Use as regular IO        ; b_in_3[9]               ; Dual Purpose Pin          ;
; B17      ; DIFFIO_T25p, PADD2                       ; Use as regular IO        ; a_in[4]                 ; Dual Purpose Pin          ;
; E14      ; DIFFIO_T23n, PADD3                       ; Use as regular IO        ; a_in[9]                 ; Dual Purpose Pin          ;
; F13      ; DIFFIO_T21p, PADD4, DQS2T/CQ3T,DPCLK8    ; Use as regular IO        ; c_in[41]                ; Dual Purpose Pin          ;
; A15      ; DIFFIO_T20n, PADD5                       ; Use as regular IO        ; a_in[15]                ; Dual Purpose Pin          ;
; B15      ; DIFFIO_T20p, PADD6                       ; Use as regular IO        ; a_in[0]                 ; Dual Purpose Pin          ;
; C13      ; DIFFIO_T19n, PADD7                       ; Use as regular IO        ; c_in[36]                ; Dual Purpose Pin          ;
; D13      ; DIFFIO_T19p, PADD8                       ; Use as regular IO        ; c_in[44]                ; Dual Purpose Pin          ;
; A14      ; DIFFIO_T18n, PADD9                       ; Use as regular IO        ; c_in[32]                ; Dual Purpose Pin          ;
; B14      ; DIFFIO_T18p, PADD10                      ; Use as regular IO        ; c_in[7]                 ; Dual Purpose Pin          ;
; A13      ; DIFFIO_T17n, PADD11                      ; Use as regular IO        ; c_in[38]                ; Dual Purpose Pin          ;
; B13      ; DIFFIO_T17p, PADD12, DQS4T/CQ5T,DPCLK9   ; Use as regular IO        ; c_in[4]                 ; Dual Purpose Pin          ;
; E11      ; DIFFIO_T16n, PADD13                      ; Use as regular IO        ; c_in[35]                ; Dual Purpose Pin          ;
; F11      ; DIFFIO_T16p, PADD14                      ; Use as regular IO        ; c_in[37]                ; Dual Purpose Pin          ;
; B10      ; DIFFIO_T14p, PADD15                      ; Use as regular IO        ; a_in[5]                 ; Dual Purpose Pin          ;
; A9       ; DIFFIO_T13n, PADD16                      ; Use as regular IO        ; b_in_1[26]              ; Dual Purpose Pin          ;
; B9       ; DIFFIO_T13p, PADD17, DQS5T/CQ5T#,DPCLK10 ; Use as regular IO        ; c_in[3]                 ; Dual Purpose Pin          ;
; A8       ; DIFFIO_T12n, DATA2                       ; Use as regular IO        ; c_in[2]                 ; Dual Purpose Pin          ;
+----------+------------------------------------------+--------------------------+-------------------------+---------------------------+


+-------------------------------------------------------------+
; I/O Bank Usage                                              ;
+----------+-------------------+---------------+--------------+
; I/O Bank ; Usage             ; VCCIO Voltage ; VREF Voltage ;
+----------+-------------------+---------------+--------------+
; 1        ; 5 / 32 ( 16 % )   ; 2.5V          ; --           ;
; 2        ; 38 / 47 ( 81 % )  ; 2.5V          ; --           ;
; 3        ; 35 / 46 ( 76 % )  ; 2.5V          ; --           ;
; 4        ; 41 / 41 ( 100 % ) ; 2.5V          ; --           ;
; 5        ; 45 / 45 ( 100 % ) ; 2.5V          ; --           ;
; 6        ; 38 / 43 ( 88 % )  ; 2.5V          ; --           ;
; 7        ; 28 / 47 ( 60 % )  ; 2.5V          ; --           ;
; 8        ; 9 / 43 ( 21 % )   ; 2.5V          ; --           ;
+----------+-------------------+---------------+--------------+


+-----------------------------------------------------------------------------------------------------------------------------------------------------------------------------------------+
; All Package Pins                                                                                                                                                                        ;
+----------+------------+----------+-----------------------------------------------------------+--------+--------------+---------+------------+-----------------+----------+--------------+
; Location ; Pad Number ; I/O Bank ; Pin Name/Usage                                            ; Dir.   ; I/O Standard ; Voltage ; I/O Type   ; User Assignment ; Bus Hold ; Weak Pull Up ;
+----------+------------+----------+-----------------------------------------------------------+--------+--------------+---------+------------+-----------------+----------+--------------+
; A1       ;            ;          ; GND                                                       ; gnd    ;              ;         ; --         ;                 ; --       ; --           ;
; A2       ;            ; 8        ; VCCIO8                                                    ; power  ;              ; 2.5V    ; --         ;                 ; --       ; --           ;
; A3       ; 354        ; 8        ; RESERVED_INPUT_WITH_WEAK_PULLUP                           ;        ;              ;         ; Column I/O ;                 ; no       ; On           ;
; A4       ; 350        ; 8        ; RESERVED_INPUT_WITH_WEAK_PULLUP                           ;        ;              ;         ; Column I/O ;                 ; no       ; On           ;
; A5       ; 345        ; 8        ; RESERVED_INPUT_WITH_WEAK_PULLUP                           ;        ;              ;         ; Column I/O ;                 ; no       ; On           ;
; A6       ; 336        ; 8        ; RESERVED_INPUT_WITH_WEAK_PULLUP                           ;        ;              ;         ; Column I/O ;                 ; no       ; On           ;
; A7       ; 334        ; 8        ; RESERVED_INPUT_WITH_WEAK_PULLUP                           ;        ;              ;         ; Column I/O ;                 ; no       ; On           ;
; A8       ; 332        ; 8        ; c_in[2]                                                   ; input  ; 2.5 V        ;         ; Column I/O ; N               ; no       ; Off          ;
; A9       ; 328        ; 8        ; b_in_1[26]                                                ; input  ; 2.5 V        ;         ; Column I/O ; N               ; no       ; Off          ;
; A10      ; 326        ; 8        ; b_in_1[14]                                                ; input  ; 2.5 V        ;         ; Column I/O ; N               ; no       ; Off          ;
; A11      ; 321        ; 8        ; GND+                                                      ;        ;              ;         ; Column I/O ;                 ; --       ; --           ;
; A12      ; 319        ; 7        ; GND+                                                      ;        ;              ;         ; Column I/O ;                 ; --       ; --           ;
; A13      ; 314        ; 7        ; c_in[38]                                                  ; input  ; 2.5 V        ;         ; Column I/O ; N               ; no       ; Off          ;
; A14      ; 312        ; 7        ; c_in[32]                                                  ; input  ; 2.5 V        ;         ; Column I/O ; N               ; no       ; Off          ;
; A15      ; 307        ; 7        ; a_in[15]                                                  ; input  ; 2.5 V        ;         ; Column I/O ; N               ; no       ; Off          ;
; A16      ; 298        ; 7        ; a_in[20]                                                  ; input  ; 2.5 V        ;         ; Column I/O ; N               ; no       ; Off          ;
; A17      ; 296        ; 7        ; b_in_3[9]                                                 ; input  ; 2.5 V        ;         ; Column I/O ; N               ; no       ; Off          ;
; A18      ; 291        ; 7        ; RESERVED_INPUT_WITH_WEAK_PULLUP                           ;        ;              ;         ; Column I/O ;                 ; no       ; On           ;
; A19      ; 290        ; 7        ; RESERVED_INPUT_WITH_WEAK_PULLUP                           ;        ;              ;         ; Column I/O ;                 ; no       ; On           ;
; A20      ; 284        ; 7        ; RESERVED_INPUT_WITH_WEAK_PULLUP                           ;        ;              ;         ; Column I/O ;                 ; no       ; On           ;
; A21      ;            ; 7        ; VCCIO7                                                    ; power  ;              ; 2.5V    ; --         ;                 ; --       ; --           ;
; A22      ;            ;          ; GND                                                       ; gnd    ;              ;         ; --         ;                 ; --       ; --           ;
; AA1      ; 76         ; 2        ; a_in[7]                                                   ; input  ; 2.5 V        ;         ; Row I/O    ; N               ; no       ; Off          ;
; AA2      ;            ;          ; GND                                                       ; gnd    ;              ;         ; --         ;                 ; --       ; --           ;
; AA3      ; 102        ; 3        ; b_in_1[9]                                                 ; input  ; 2.5 V        ;         ; Column I/O ; N               ; no       ; Off          ;
; AA4      ; 106        ; 3        ; b_in_1[10]                                                ; input  ; 2.5 V        ;         ; Column I/O ; N               ; no       ; Off          ;
; AA5      ; 108        ; 3        ; b_in_1[8]                                                 ; input  ; 2.5 V        ;         ; Column I/O ; N               ; no       ; Off          ;
; AA6      ;            ; 3        ; VCCIO3                                                    ; power  ;              ; 2.5V    ; --         ;                 ; --       ; --           ;
; AA7      ; 115        ; 3        ; c_in[17]                                                  ; input  ; 2.5 V        ;         ; Column I/O ; N               ; no       ; Off          ;
; AA8      ; 123        ; 3        ; b_in_1[13]                                                ; input  ; 2.5 V        ;         ; Column I/O ; N               ; no       ; Off          ;
; AA9      ; 126        ; 3        ; b_in_1[17]                                                ; input  ; 2.5 V        ;         ; Column I/O ; N               ; no       ; Off          ;
; AA10     ; 132        ; 3        ; a_in[21]                                                  ; input  ; 2.5 V        ;         ; Column I/O ; N               ; no       ; Off          ;
; AA11     ; 134        ; 3        ; c_in[10]                                                  ; input  ; 2.5 V        ;         ; Column I/O ; N               ; no       ; Off          ;
; AA12     ; 136        ; 4        ; b_in_1[15]                                                ; input  ; 2.5 V        ;         ; Column I/O ; N               ; no       ; Off          ;
; AA13     ; 138        ; 4        ; c_in[62]                                                  ; input  ; 2.5 V        ;         ; Column I/O ; N               ; no       ; Off          ;
; AA14     ; 140        ; 4        ; c_in[48]                                                  ; input  ; 2.5 V        ;         ; Column I/O ; N               ; no       ; Off          ;
; AA15     ; 145        ; 4        ; c_in[40]                                                  ; input  ; 2.5 V        ;         ; Column I/O ; N               ; no       ; Off          ;
; AA16     ; 149        ; 4        ; b_in_3[14]                                                ; input  ; 2.5 V        ;         ; Column I/O ; N               ; no       ; Off          ;
; AA17     ; 151        ; 4        ; a_in[27]                                                  ; input  ; 2.5 V        ;         ; Column I/O ; N               ; no       ; Off          ;
; AA18     ; 163        ; 4        ; b_in_3[11]                                                ; input  ; 2.5 V        ;         ; Column I/O ; N               ; no       ; Off          ;
; AA19     ; 164        ; 4        ; b_in_3[4]                                                 ; input  ; 2.5 V        ;         ; Column I/O ; N               ; no       ; Off          ;
; AA20     ; 169        ; 4        ; b_in_3[19]                                                ; input  ; 2.5 V        ;         ; Column I/O ; N               ; no       ; Off          ;
; AA21     ; 179        ; 5        ; b_in_3[25]                                                ; input  ; 2.5 V        ;         ; Row I/O    ; N               ; no       ; Off          ;
; AA22     ;            ;          ; GND                                                       ; gnd    ;              ;         ; --         ;                 ; --       ; --           ;
; AB1      ;            ;          ; GND                                                       ; gnd    ;              ;         ; --         ;                 ; --       ; --           ;
; AB2      ;            ; 3        ; VCCIO3                                                    ; power  ;              ; 2.5V    ; --         ;                 ; --       ; --           ;
; AB3      ; 103        ; 3        ; a_in[22]                                                  ; input  ; 2.5 V        ;         ; Column I/O ; N               ; no       ; Off          ;
; AB4      ; 107        ; 3        ; b_in_1[12]                                                ; input  ; 2.5 V        ;         ; Column I/O ; N               ; no       ; Off          ;
; AB5      ; 109        ; 3        ; c_in[15]                                                  ; input  ; 2.5 V        ;         ; Column I/O ; N               ; no       ; Off          ;
; AB6      ;            ;          ; GND                                                       ; gnd    ;              ;         ; --         ;                 ; --       ; --           ;
; AB7      ; 116        ; 3        ; b_in_1[3]                                                 ; input  ; 2.5 V        ;         ; Column I/O ; N               ; no       ; Off          ;
; AB8      ; 124        ; 3        ; a_in[25]                                                  ; input  ; 2.5 V        ;         ; Column I/O ; N               ; no       ; Off          ;
; AB9      ; 127        ; 3        ; c_in[61]                                                  ; input  ; 2.5 V        ;         ; Column I/O ; N               ; no       ; Off          ;
; AB10     ; 133        ; 3        ; c_in[21]                                                  ; input  ; 2.5 V        ;         ; Column I/O ; N               ; no       ; Off          ;
; AB11     ; 135        ; 3        ; c_in[11]                                                  ; input  ; 2.5 V        ;         ; Column I/O ; N               ; no       ; Off          ;
; AB12     ; 137        ; 4        ; b_in_1[16]                                                ; input  ; 2.5 V        ;         ; Column I/O ; N               ; no       ; Off          ;
; AB13     ; 139        ; 4        ; c_in[64]                                                  ; input  ; 2.5 V        ;         ; Column I/O ; N               ; no       ; Off          ;
; AB14     ; 141        ; 4        ; c_in[20]                                                  ; input  ; 2.5 V        ;         ; Column I/O ; N               ; no       ; Off          ;
; AB15     ; 146        ; 4        ; beta                                                      ; input  ; 2.5 V        ;         ; Column I/O ; N               ; no       ; Off          ;
; AB16     ; 150        ; 4        ; b_in_3[12]                                                ; input  ; 2.5 V        ;         ; Column I/O ; N               ; no       ; Off          ;
; AB17     ; 152        ; 4        ; b_in_3[10]                                                ; input  ; 2.5 V        ;         ; Column I/O ; N               ; no       ; Off          ;
; AB18     ; 162        ; 4        ; b_in_3[13]                                                ; input  ; 2.5 V        ;         ; Column I/O ; N               ; no       ; Off          ;
; AB19     ; 165        ; 4        ; b_in_3[17]                                                ; input  ; 2.5 V        ;         ; Column I/O ; N               ; no       ; Off          ;
; AB20     ; 170        ; 4        ; b_in_3[29]                                                ; input  ; 2.5 V        ;         ; Column I/O ; N               ; no       ; Off          ;
; AB21     ;            ; 4        ; VCCIO4                                                    ; power  ;              ; 2.5V    ; --         ;                 ; --       ; --           ;
; AB22     ;            ;          ; GND                                                       ; gnd    ;              ;         ; --         ;                 ; --       ; --           ;
; B1       ; 2          ; 1        ; RESERVED_INPUT_WITH_WEAK_PULLUP                           ;        ;              ;         ; Row I/O    ;                 ; no       ; On           ;
; B2       ; 1          ; 1        ; RESERVED_INPUT_WITH_WEAK_PULLUP                           ;        ;              ;         ; Row I/O    ;                 ; no       ; On           ;
; B3       ; 355        ; 8        ; RESERVED_INPUT_WITH_WEAK_PULLUP                           ;        ;              ;         ; Column I/O ;                 ; no       ; On           ;
; B4       ; 351        ; 8        ; RESERVED_INPUT_WITH_WEAK_PULLUP                           ;        ;              ;         ; Column I/O ;                 ; no       ; On           ;
; B5       ; 346        ; 8        ; RESERVED_INPUT_WITH_WEAK_PULLUP                           ;        ;              ;         ; Column I/O ;                 ; no       ; On           ;
; B6       ; 337        ; 8        ; RESERVED_INPUT_WITH_WEAK_PULLUP                           ;        ;              ;         ; Column I/O ;                 ; no       ; On           ;
; B7       ; 335        ; 8        ; RESERVED_INPUT_WITH_WEAK_PULLUP                           ;        ;              ;         ; Column I/O ;                 ; no       ; On           ;
; B8       ; 333        ; 8        ; RESERVED_INPUT_WITH_WEAK_PULLUP                           ;        ;              ;         ; Column I/O ;                 ; no       ; On           ;
; B9       ; 329        ; 8        ; c_in[3]                                                   ; input  ; 2.5 V        ;         ; Column I/O ; N               ; no       ; Off          ;
; B10      ; 327        ; 8        ; a_in[5]                                                   ; input  ; 2.5 V        ;         ; Column I/O ; N               ; no       ; Off          ;
; B11      ; 322        ; 8        ; GND+                                                      ;        ;              ;         ; Column I/O ;                 ; --       ; --           ;
; B12      ; 320        ; 7        ; GND+                                                      ;        ;              ;         ; Column I/O ;                 ; --       ; --           ;
; B13      ; 315        ; 7        ; c_in[4]                                                   ; input  ; 2.5 V        ;         ; Column I/O ; N               ; no       ; Off          ;
; B14      ; 313        ; 7        ; c_in[7]                                                   ; input  ; 2.5 V        ;         ; Column I/O ; N               ; no       ; Off          ;
; B15      ; 308        ; 7        ; a_in[0]                                                   ; input  ; 2.5 V        ;         ; Column I/O ; N               ; no       ; Off          ;
; B16      ; 299        ; 7        ; c_in[52]                                                  ; input  ; 2.5 V        ;         ; Column I/O ; N               ; no       ; Off          ;
; B17      ; 297        ; 7        ; a_in[4]                                                   ; input  ; 2.5 V        ;         ; Column I/O ; N               ; no       ; Off          ;
; B18      ; 292        ; 7        ; a_in[26]                                                  ; input  ; 2.5 V        ;         ; Column I/O ; N               ; no       ; Off          ;
; B19      ; 289        ; 7        ; RESERVED_INPUT_WITH_WEAK_PULLUP                           ;        ;              ;         ; Column I/O ;                 ; no       ; On           ;
; B20      ; 285        ; 7        ; RESERVED_INPUT_WITH_WEAK_PULLUP                           ;        ;              ;         ; Column I/O ;                 ; no       ; On           ;
; B21      ; 269        ; 6        ; RESERVED_INPUT_WITH_WEAK_PULLUP                           ;        ;              ;         ; Row I/O    ;                 ; no       ; On           ;
; B22      ; 268        ; 6        ; RESERVED_INPUT_WITH_WEAK_PULLUP                           ;        ;              ;         ; Row I/O    ;                 ; no       ; On           ;
; C1       ; 7          ; 1        ; RESERVED_INPUT_WITH_WEAK_PULLUP                           ;        ;              ;         ; Row I/O    ;                 ; no       ; On           ;
; C2       ; 6          ; 1        ; RESERVED_INPUT_WITH_WEAK_PULLUP                           ;        ;              ;         ; Row I/O    ;                 ; no       ; On           ;
; C3       ; 358        ; 8        ; RESERVED_INPUT_WITH_WEAK_PULLUP                           ;        ;              ;         ; Column I/O ;                 ; no       ; On           ;
; C4       ; 359        ; 8        ; RESERVED_INPUT_WITH_WEAK_PULLUP                           ;        ;              ;         ; Column I/O ;                 ; no       ; On           ;
; C5       ;            ;          ; GND                                                       ; gnd    ;              ;         ; --         ;                 ; --       ; --           ;
; C6       ; 349        ; 8        ; RESERVED_INPUT_WITH_WEAK_PULLUP                           ;        ;              ;         ; Column I/O ;                 ; no       ; On           ;
; C7       ; 340        ; 8        ; RESERVED_INPUT_WITH_WEAK_PULLUP                           ;        ;              ;         ; Column I/O ;                 ; no       ; On           ;
; C8       ; 339        ; 8        ; RESERVED_INPUT_WITH_WEAK_PULLUP                           ;        ;              ;         ; Column I/O ;                 ; no       ; On           ;
; C9       ;            ;          ; GND                                                       ; gnd    ;              ;         ; --         ;                 ; --       ; --           ;
; C10      ; 330        ; 8        ; RESERVED_INPUT_WITH_WEAK_PULLUP                           ;        ;              ;         ; Column I/O ;                 ; no       ; On           ;
; C11      ;            ;          ; GND                                                       ; gnd    ;              ;         ; --         ;                 ; --       ; --           ;
; C12      ;            ;          ; GND                                                       ; gnd    ;              ;         ; --         ;                 ; --       ; --           ;
; C13      ; 309        ; 7        ; c_in[36]                                                  ; input  ; 2.5 V        ;         ; Column I/O ; N               ; no       ; Off          ;
; C14      ;            ;          ; GND                                                       ; gnd    ;              ;         ; --         ;                 ; --       ; --           ;
; C15      ; 300        ; 7        ; a_in[11]                                                  ; input  ; 2.5 V        ;         ; Column I/O ; N               ; no       ; Off          ;
; C16      ;            ;          ; GND                                                       ; gnd    ;              ;         ; --         ;                 ; --       ; --           ;
; C17      ; 286        ; 7        ; RESERVED_INPUT_WITH_WEAK_PULLUP                           ;        ;              ;         ; Column I/O ;                 ; no       ; On           ;
; C18      ;            ;          ; GND                                                       ; gnd    ;              ;         ; --         ;                 ; --       ; --           ;
; C19      ; 282        ; 7        ; RESERVED_INPUT_WITH_WEAK_PULLUP                           ;        ;              ;         ; Column I/O ;                 ; no       ; On           ;
; C20      ; 270        ; 6        ; c_out[11]                                                 ; output ; 2.5 V        ;         ; Row I/O    ; N               ; no       ; Off          ;
; C21      ; 267        ; 6        ; c_out[38]                                                 ; output ; 2.5 V        ;         ; Row I/O    ; N               ; no       ; Off          ;
; C22      ; 266        ; 6        ; c_out[36]                                                 ; output ; 2.5 V        ;         ; Row I/O    ; N               ; no       ; Off          ;
; D1       ; 9          ; 1        ; ~ALTERA_ASDO_DATA1~ / RESERVED_INPUT_WITH_WEAK_PULLUP     ; input  ; 2.5 V        ;         ; Row I/O    ; N               ; no       ; On           ;
; D2       ; 8          ; 1        ; RESERVED_INPUT_WITH_WEAK_PULLUP                           ;        ;              ;         ; Row I/O    ;                 ; no       ; On           ;
; D3       ;            ;          ; GND                                                       ; gnd    ;              ;         ; --         ;                 ; --       ; --           ;
; D4       ;            ; 1        ; VCCIO1                                                    ; power  ;              ; 2.5V    ; --         ;                 ; --       ; --           ;
; D5       ;            ; 8        ; VCCIO8                                                    ; power  ;              ; 2.5V    ; --         ;                 ; --       ; --           ;
; D6       ; 356        ; 8        ; RESERVED_INPUT_WITH_WEAK_PULLUP                           ;        ;              ;         ; Column I/O ;                 ; --       ; --           ;
; D7       ;            ;          ; GND                                                       ; gnd    ;              ;         ; --         ;                 ; --       ; --           ;
; D8       ;            ;          ; GND                                                       ; gnd    ;              ;         ; --         ;                 ; --       ; --           ;
; D9       ;            ; 8        ; VCCIO8                                                    ; power  ;              ; 2.5V    ; --         ;                 ; --       ; --           ;
; D10      ; 324        ; 8        ; b_in_1[28]                                                ; input  ; 2.5 V        ;         ; Column I/O ; N               ; no       ; Off          ;
; D11      ;            ; 8        ; VCCIO8                                                    ; power  ;              ; 2.5V    ; --         ;                 ; --       ; --           ;
; D12      ;            ; 7        ; VCCIO7                                                    ; power  ;              ; 2.5V    ; --         ;                 ; --       ; --           ;
; D13      ; 310        ; 7        ; c_in[44]                                                  ; input  ; 2.5 V        ;         ; Column I/O ; N               ; no       ; Off          ;
; D14      ;            ; 7        ; VCCIO7                                                    ; power  ;              ; 2.5V    ; --         ;                 ; --       ; --           ;
; D15      ; 293        ; 7        ; b_in_3[6]                                                 ; input  ; 2.5 V        ;         ; Column I/O ; N               ; no       ; Off          ;
; D16      ;            ; 7        ; VCCIO7                                                    ; power  ;              ; 2.5V    ; --         ;                 ; --       ; --           ;
; D17      ; 281        ; 7        ; RESERVED_INPUT_WITH_WEAK_PULLUP                           ;        ;              ;         ; Column I/O ;                 ; --       ; --           ;
; D18      ;            ; 7        ; VCCIO7                                                    ; power  ;              ; 2.5V    ; --         ;                 ; --       ; --           ;
; D19      ; 283        ; 7        ; RESERVED_INPUT_WITH_WEAK_PULLUP                           ;        ;              ;         ; Column I/O ;                 ; no       ; On           ;
; D20      ; 271        ; 6        ; RESERVED_INPUT_WITH_WEAK_PULLUP                           ;        ;              ;         ; Row I/O    ;                 ; no       ; On           ;
; D21      ; 261        ; 6        ; c_out[0]                                                  ; output ; 2.5 V        ;         ; Row I/O    ; N               ; no       ; Off          ;
; D22      ; 260        ; 6        ; a_in[31]                                                  ; input  ; 2.5 V        ;         ; Row I/O    ; N               ; no       ; Off          ;
; E1       ; 14         ; 1        ; RESERVED_INPUT_WITH_WEAK_PULLUP                           ;        ;              ;         ; Row I/O    ;                 ; no       ; On           ;
; E2       ; 13         ; 1        ; ~ALTERA_FLASH_nCE_nCSO~ / RESERVED_INPUT_WITH_WEAK_PULLUP ; input  ; 2.5 V        ;         ; Row I/O    ; N               ; no       ; On           ;
; E3       ; 5          ; 1        ; RESERVED_INPUT_WITH_WEAK_PULLUP                           ;        ;              ;         ; Row I/O    ;                 ; no       ; On           ;
; E4       ; 4          ; 1        ; RESERVED_INPUT_WITH_WEAK_PULLUP                           ;        ;              ;         ; Row I/O    ;                 ; no       ; On           ;
; E5       ; 363        ; 8        ; RESERVED_INPUT_WITH_WEAK_PULLUP                           ;        ;              ;         ; Column I/O ;                 ; no       ; On           ;
; E6       ; 362        ; 8        ; RESERVED_INPUT_WITH_WEAK_PULLUP                           ;        ;              ;         ; Column I/O ;                 ; no       ; On           ;
; E7       ; 357        ; 8        ; RESERVED_INPUT_WITH_WEAK_PULLUP                           ;        ;              ;         ; Column I/O ;                 ; no       ; On           ;
; E8       ;            ; 8        ; VCCIO8                                                    ; power  ;              ; 2.5V    ; --         ;                 ; --       ; --           ;
; E9       ; 338        ; 8        ; RESERVED_INPUT_WITH_WEAK_PULLUP                           ;        ;              ;         ; Column I/O ;                 ; --       ; --           ;
; E10      ; 325        ; 8        ; b_in_1[24]                                                ; input  ; 2.5 V        ;         ; Column I/O ; N               ; no       ; Off          ;
; E11      ; 317        ; 7        ; c_in[35]                                                  ; input  ; 2.5 V        ;         ; Column I/O ; N               ; no       ; Off          ;
; E12      ; 316        ; 7        ; c_in[1]                                                   ; input  ; 2.5 V        ;         ; Column I/O ; N               ; no       ; Off          ;
; E13      ; 311        ; 7        ; c_in[6]                                                   ; input  ; 2.5 V        ;         ; Column I/O ; N               ; no       ; Off          ;
; E14      ; 301        ; 7        ; a_in[9]                                                   ; input  ; 2.5 V        ;         ; Column I/O ; N               ; no       ; Off          ;
; E15      ; 294        ; 7        ; a_in[1]                                                   ; input  ; 2.5 V        ;         ; Column I/O ; N               ; no       ; Off          ;
; E16      ; 275        ; 7        ; RESERVED_INPUT_WITH_WEAK_PULLUP                           ;        ;              ;         ; Column I/O ;                 ; no       ; On           ;
; E17      ;            ;          ; VCCD_PLL2                                                 ; power  ;              ; 1.2V    ; --         ;                 ; --       ; --           ;
; E18      ;            ;          ; GNDA2                                                     ; gnd    ;              ;         ; --         ;                 ; --       ; --           ;
; E19      ;            ; 6        ; VCCIO6                                                    ; power  ;              ; 2.5V    ; --         ;                 ; --       ; --           ;
; E20      ;            ;          ; GND                                                       ; gnd    ;              ;         ; --         ;                 ; --       ; --           ;
; E21      ; 256        ; 6        ; c_out[5]                                                  ; output ; 2.5 V        ;         ; Row I/O    ; N               ; no       ; Off          ;
; E22      ; 255        ; 6        ; c_out[19]                                                 ; output ; 2.5 V        ;         ; Row I/O    ; N               ; no       ; Off          ;
; F1       ; 16         ; 1        ; RESERVED_INPUT_WITH_WEAK_PULLUP                           ;        ;              ;         ; Row I/O    ;                 ; no       ; On           ;
; F2       ; 15         ; 1        ; RESERVED_INPUT_WITH_WEAK_PULLUP                           ;        ;              ;         ; Row I/O    ;                 ; no       ; On           ;
; F3       ;            ;          ; GND                                                       ; gnd    ;              ;         ; --         ;                 ; --       ; --           ;
; F4       ;            ; 1        ; VCCIO1                                                    ; power  ;              ; 2.5V    ; --         ;                 ; --       ; --           ;
; F5       ;            ;          ; GNDA3                                                     ; gnd    ;              ;         ; --         ;                 ; --       ; --           ;
; F6       ;            ;          ; VCCD_PLL3                                                 ; power  ;              ; 1.2V    ; --         ;                 ; --       ; --           ;
; F7       ; 360        ; 8        ; RESERVED_INPUT_WITH_WEAK_PULLUP                           ;        ;              ;         ; Column I/O ;                 ; no       ; On           ;
; F8       ; 352        ; 8        ; RESERVED_INPUT_WITH_WEAK_PULLUP                           ;        ;              ;         ; Column I/O ;                 ; no       ; On           ;
; F9       ; 347        ; 8        ; RESERVED_INPUT_WITH_WEAK_PULLUP                           ;        ;              ;         ; Column I/O ;                 ; no       ; On           ;
; F10      ; 348        ; 8        ; RESERVED_INPUT_WITH_WEAK_PULLUP                           ;        ;              ;         ; Column I/O ;                 ; no       ; On           ;
; F11      ; 318        ; 7        ; c_in[37]                                                  ; input  ; 2.5 V        ;         ; Column I/O ; N               ; no       ; Off          ;
; F12      ; 302        ; 7        ; a_in[10]                                                  ; input  ; 2.5 V        ;         ; Column I/O ; N               ; no       ; Off          ;
; F13      ; 306        ; 7        ; c_in[41]                                                  ; input  ; 2.5 V        ;         ; Column I/O ; N               ; no       ; Off          ;
; F14      ; 279        ; 7        ; c_out[22]                                                 ; output ; 2.5 V        ;         ; Column I/O ; N               ; no       ; Off          ;
; F15      ; 276        ; 7        ; RESERVED_INPUT_WITH_WEAK_PULLUP                           ;        ;              ;         ; Column I/O ;                 ; no       ; On           ;
; F16      ; 274        ; 7        ; RESERVED_INPUT_WITH_WEAK_PULLUP                           ;        ;              ;         ; Column I/O ;                 ; no       ; On           ;
; F17      ; 272        ; 6        ; RESERVED_INPUT_WITH_WEAK_PULLUP                           ;        ;              ;         ; Row I/O    ;                 ; no       ; On           ;
; F18      ;            ; --       ; VCCA2                                                     ; power  ;              ; 2.5V    ; --         ;                 ; --       ; --           ;
; F19      ; 263        ; 6        ; c_in[5]                                                   ; input  ; 2.5 V        ;         ; Row I/O    ; N               ; no       ; Off          ;
; F20      ; 262        ; 6        ; c_out[48]                                                 ; output ; 2.5 V        ;         ; Row I/O    ; N               ; no       ; Off          ;
; F21      ; 251        ; 6        ; c_out[14]                                                 ; output ; 2.5 V        ;         ; Row I/O    ; N               ; no       ; Off          ;
; F22      ; 250        ; 6        ; c_out[15]                                                 ; output ; 2.5 V        ;         ; Row I/O    ; N               ; no       ; Off          ;
; G1       ; 39         ; 1        ; clk                                                       ; input  ; 2.5 V        ;         ; Row I/O    ; N               ; no       ; Off          ;
; G2       ;            ;          ; GND                                                       ; gnd    ;              ;         ; --         ;                 ; --       ; --           ;
; G3       ; 18         ; 1        ; RESERVED_INPUT_WITH_WEAK_PULLUP                           ;        ;              ;         ; Row I/O    ;                 ; no       ; On           ;
; G4       ; 17         ; 1        ; RESERVED_INPUT_WITH_WEAK_PULLUP                           ;        ;              ;         ; Row I/O    ;                 ; no       ; On           ;
; G5       ; 3          ; 1        ; RESERVED_INPUT_WITH_WEAK_PULLUP                           ;        ;              ;         ; Row I/O    ;                 ; no       ; On           ;
; G6       ;            ; --       ; VCCA3                                                     ; power  ;              ; 2.5V    ; --         ;                 ; --       ; --           ;
; G7       ; 361        ; 8        ; RESERVED_INPUT_WITH_WEAK_PULLUP                           ;        ;              ;         ; Column I/O ;                 ; no       ; On           ;
; G8       ; 353        ; 8        ; RESERVED_INPUT_WITH_WEAK_PULLUP                           ;        ;              ;         ; Column I/O ;                 ; no       ; On           ;
; G9       ; 342        ; 8        ; RESERVED_INPUT_WITH_WEAK_PULLUP                           ;        ;              ;         ; Column I/O ;                 ; no       ; On           ;
; G10      ; 341        ; 8        ; RESERVED_INPUT_WITH_WEAK_PULLUP                           ;        ;              ;         ; Column I/O ;                 ; no       ; On           ;
; G11      ; 331        ; 8        ; c_in[18]                                                  ; input  ; 2.5 V        ;         ; Column I/O ; N               ; no       ; Off          ;
; G12      ; 305        ; 7        ; c_in[46]                                                  ; input  ; 2.5 V        ;         ; Column I/O ; N               ; no       ; Off          ;
; G13      ; 295        ; 7        ; a_in[14]                                                  ; input  ; 2.5 V        ;         ; Column I/O ; N               ; no       ; Off          ;
; G14      ; 280        ; 7        ; RESERVED_INPUT_WITH_WEAK_PULLUP                           ;        ;              ;         ; Column I/O ;                 ; no       ; On           ;
; G15      ; 278        ; 7        ; RESERVED_INPUT_WITH_WEAK_PULLUP                           ;        ;              ;         ; Column I/O ;                 ; no       ; On           ;
; G16      ; 277        ; 7        ; RESERVED_INPUT_WITH_WEAK_PULLUP                           ;        ;              ;         ; Column I/O ;                 ; no       ; On           ;
; G17      ; 273        ; 6        ; RESERVED_INPUT_WITH_WEAK_PULLUP                           ;        ;              ;         ; Row I/O    ;                 ; no       ; On           ;
; G18      ; 264        ; 6        ; c_out[13]                                                 ; output ; 2.5 V        ;         ; Row I/O    ; N               ; no       ; Off          ;
; G19      ;            ; 6        ; VCCIO6                                                    ; power  ;              ; 2.5V    ; --         ;                 ; --       ; --           ;
; G20      ;            ;          ; GND                                                       ; gnd    ;              ;         ; --         ;                 ; --       ; --           ;
; G21      ; 226        ; 6        ; c_in[60]                                                  ; input  ; 2.5 V        ;         ; Row I/O    ; N               ; no       ; Off          ;
; G22      ; 225        ; 6        ; c_in[59]                                                  ; input  ; 2.5 V        ;         ; Row I/O    ; N               ; no       ; Off          ;
; H1       ; 26         ; 1        ; RESERVED_INPUT_WITH_WEAK_PULLUP                           ;        ;              ;         ; Row I/O    ;                 ; no       ; On           ;
; H2       ; 25         ; 1        ; RESERVED_INPUT_WITH_WEAK_PULLUP                           ;        ;              ;         ; Row I/O    ;                 ; no       ; On           ;
; H3       ;            ;          ; GND                                                       ; gnd    ;              ;         ; --         ;                 ; --       ; --           ;
; H4       ;            ; 1        ; VCCIO1                                                    ; power  ;              ; 2.5V    ; --         ;                 ; --       ; --           ;
; H5       ; 0          ; 1        ; RESERVED_INPUT_WITH_WEAK_PULLUP                           ;        ;              ;         ; Row I/O    ;                 ; no       ; On           ;
; H6       ; 11         ; 1        ; RESERVED_INPUT_WITH_WEAK_PULLUP                           ;        ;              ;         ; Row I/O    ;                 ; no       ; On           ;
; H7       ; 10         ; 1        ; RESERVED_INPUT_WITH_WEAK_PULLUP                           ;        ;              ;         ; Row I/O    ;                 ; --       ; --           ;
; H8       ;            ;          ; GND                                                       ; gnd    ;              ;         ; --         ;                 ; --       ; --           ;
; H9       ; 344        ; 8        ; RESERVED_INPUT_WITH_WEAK_PULLUP                           ;        ;              ;         ; Column I/O ;                 ; no       ; On           ;
; H10      ; 343        ; 8        ; RESERVED_INPUT_WITH_WEAK_PULLUP                           ;        ;              ;         ; Column I/O ;                 ; no       ; On           ;
; H11      ; 323        ; 8        ; c_in[24]                                                  ; input  ; 2.5 V        ;         ; Column I/O ; N               ; no       ; Off          ;
; H12      ; 304        ; 7        ; c_in[49]                                                  ; input  ; 2.5 V        ;         ; Column I/O ; N               ; no       ; Off          ;
; H13      ; 303        ; 7        ; a_in[8]                                                   ; input  ; 2.5 V        ;         ; Column I/O ; N               ; no       ; Off          ;
; H14      ; 288        ; 7        ; RESERVED_INPUT_WITH_WEAK_PULLUP                           ;        ;              ;         ; Column I/O ;                 ; no       ; On           ;
; H15      ; 287        ; 7        ; RESERVED_INPUT_WITH_WEAK_PULLUP                           ;        ;              ;         ; Column I/O ;                 ; no       ; On           ;
; H16      ; 259        ; 6        ; c_out[47]                                                 ; output ; 2.5 V        ;         ; Row I/O    ; N               ; no       ; Off          ;
; H17      ; 265        ; 6        ; a_in[3]                                                   ; input  ; 2.5 V        ;         ; Row I/O    ; N               ; no       ; Off          ;
; H18      ; 257        ; 6        ; a_in[16]                                                  ; input  ; 2.5 V        ;         ; Row I/O    ; N               ; no       ; Off          ;
; H19      ; 254        ; 6        ; c_in[28]                                                  ; input  ; 2.5 V        ;         ; Row I/O    ; N               ; no       ; Off          ;
; H20      ; 253        ; 6        ; c_out[30]                                                 ; output ; 2.5 V        ;         ; Row I/O    ; N               ; no       ; Off          ;
; H21      ; 246        ; 6        ; c_out[24]                                                 ; output ; 2.5 V        ;         ; Row I/O    ; N               ; no       ; Off          ;
; H22      ; 245        ; 6        ; a_in[13]                                                  ; input  ; 2.5 V        ;         ; Row I/O    ; N               ; no       ; Off          ;
; J1       ; 29         ; 1        ; RESERVED_INPUT_WITH_WEAK_PULLUP                           ;        ;              ;         ; Row I/O    ;                 ; no       ; On           ;
; J2       ; 28         ; 1        ; RESERVED_INPUT_WITH_WEAK_PULLUP                           ;        ;              ;         ; Row I/O    ;                 ; no       ; On           ;
; J3       ; 27         ; 1        ; RESERVED_INPUT_WITH_WEAK_PULLUP                           ;        ;              ;         ; Row I/O    ;                 ; --       ; --           ;
; J4       ; 24         ; 1        ; RESERVED_INPUT_WITH_WEAK_PULLUP                           ;        ;              ;         ; Row I/O    ;                 ; no       ; On           ;
; J5       ;            ;          ; GND                                                       ; gnd    ;              ;         ; --         ;                 ; --       ; --           ;
; J6       ; 12         ; 1        ; RESERVED_INPUT_WITH_WEAK_PULLUP                           ;        ;              ;         ; Row I/O    ;                 ; no       ; On           ;
; J7       ; 22         ; 1        ; RESERVED_INPUT_WITH_WEAK_PULLUP                           ;        ;              ;         ; Row I/O    ;                 ; no       ; On           ;
; J8       ;            ;          ; VCCINT                                                    ; power  ;              ; 1.2V    ; --         ;                 ; --       ; --           ;
; J9       ;            ;          ; GND                                                       ; gnd    ;              ;         ; --         ;                 ; --       ; --           ;
; J10      ;            ;          ; VCCINT                                                    ; power  ;              ; 1.2V    ; --         ;                 ; --       ; --           ;
; J11      ;            ;          ; VCCINT                                                    ; power  ;              ; 1.2V    ; --         ;                 ; --       ; --           ;
; J12      ;            ;          ; VCCINT                                                    ; power  ;              ; 1.2V    ; --         ;                 ; --       ; --           ;
; J13      ;            ;          ; VCCINT                                                    ; power  ;              ; 1.2V    ; --         ;                 ; --       ; --           ;
; J14      ;            ;          ; VCCINT                                                    ; power  ;              ; 1.2V    ; --         ;                 ; --       ; --           ;
; J15      ; 238        ; 6        ; c_out[16]                                                 ; output ; 2.5 V        ;         ; Row I/O    ; N               ; no       ; Off          ;
; J16      ; 243        ; 6        ; c_out[7]                                                  ; output ; 2.5 V        ;         ; Row I/O    ; N               ; no       ; Off          ;
; J17      ; 258        ; 6        ; c_out[53]                                                 ; output ; 2.5 V        ;         ; Row I/O    ; N               ; no       ; Off          ;
; J18      ; 249        ; 6        ; a_in[17]                                                  ; input  ; 2.5 V        ;         ; Row I/O    ; N               ; no       ; Off          ;
; J19      ;            ;          ; GND                                                       ; gnd    ;              ;         ; --         ;                 ; --       ; --           ;
; J20      ;            ; 6        ; VCCIO6                                                    ; power  ;              ; 2.5V    ; --         ;                 ; --       ; --           ;
; J21      ; 242        ; 6        ; c_out[2]                                                  ; output ; 2.5 V        ;         ; Row I/O    ; N               ; no       ; Off          ;
; J22      ; 241        ; 6        ; c_out[20]                                                 ; output ; 2.5 V        ;         ; Row I/O    ; N               ; no       ; Off          ;
; K1       ; 31         ; 1        ; ~ALTERA_DATA0~ / RESERVED_INPUT_WITH_WEAK_PULLUP          ; input  ; 2.5 V        ;         ; Row I/O    ; N               ; no       ; On           ;
; K2       ; 30         ; 1        ; ~ALTERA_DCLK~                                             ; output ; 2.5 V        ;         ; Row I/O    ; N               ; no       ; On           ;
; K3       ;            ;          ; GND                                                       ; gnd    ;              ;         ; --         ;                 ; --       ; --           ;
; K4       ;            ; 1        ; VCCIO1                                                    ; power  ;              ; 2.5V    ; --         ;                 ; --       ; --           ;
; K5       ; 32         ; 1        ; ^nCONFIG                                                  ;        ;              ;         ; --         ;                 ; --       ; --           ;
; K6       ; 19         ; 1        ; ^nSTATUS                                                  ;        ;              ;         ; --         ;                 ; --       ; --           ;
; K7       ; 23         ; 1        ; RESERVED_INPUT_WITH_WEAK_PULLUP                           ;        ;              ;         ; Row I/O    ;                 ; no       ; On           ;
; K8       ; 21         ; 1        ; RESERVED_INPUT_WITH_WEAK_PULLUP                           ;        ;              ;         ; Row I/O    ;                 ; no       ; On           ;
; K9       ;            ;          ; VCCINT                                                    ; power  ;              ; 1.2V    ; --         ;                 ; --       ; --           ;
; K10      ;            ;          ; GND                                                       ; gnd    ;              ;         ; --         ;                 ; --       ; --           ;
; K11      ;            ;          ; GND                                                       ; gnd    ;              ;         ; --         ;                 ; --       ; --           ;
; K12      ;            ;          ; GND                                                       ; gnd    ;              ;         ; --         ;                 ; --       ; --           ;
; K13      ;            ;          ; GND                                                       ; gnd    ;              ;         ; --         ;                 ; --       ; --           ;
; K14      ;            ;          ; VCCINT                                                    ; power  ;              ; 1.2V    ; --         ;                 ; --       ; --           ;
; K15      ; 236        ; 6        ; c_out[18]                                                 ; output ; 2.5 V        ;         ; Row I/O    ; N               ; no       ; Off          ;
; K16      ; 244        ; 6        ; c_out[4]                                                  ; output ; 2.5 V        ;         ; Row I/O    ; N               ; no       ; Off          ;
; K17      ; 247        ; 6        ; c_in[29]                                                  ; input  ; 2.5 V        ;         ; Row I/O    ; N               ; no       ; Off          ;
; K18      ; 248        ; 6        ; a_in[28]                                                  ; input  ; 2.5 V        ;         ; Row I/O    ; N               ; no       ; Off          ;
; K19      ; 237        ; 6        ; c_out[28]                                                 ; output ; 2.5 V        ;         ; Row I/O    ; N               ; no       ; Off          ;
; K20      ; 231        ; 6        ; ^MSEL3                                                    ;        ;              ;         ; --         ;                 ; --       ; --           ;
; K21      ; 240        ; 6        ; c_out[23]                                                 ; output ; 2.5 V        ;         ; Row I/O    ; N               ; no       ; Off          ;
; K22      ; 239        ; 6        ; ~ALTERA_nCEO~ / RESERVED_OUTPUT_OPEN_DRAIN                ; output ; 2.5 V        ;         ; Row I/O    ; N               ; no       ; Off          ;
; L1       ; 35         ; 1        ; #TMS                                                      ; input  ;              ;         ; --         ;                 ; --       ; --           ;
; L2       ; 34         ; 1        ; #TCK                                                      ; input  ;              ;         ; --         ;                 ; --       ; --           ;
; L3       ; 37         ; 1        ; ^nCE                                                      ;        ;              ;         ; --         ;                 ; --       ; --           ;
; L4       ; 36         ; 1        ; #TDO                                                      ; output ;              ;         ; --         ;                 ; --       ; --           ;
; L5       ; 33         ; 1        ; #TDI                                                      ; input  ;              ;         ; --         ;                 ; --       ; --           ;
; L6       ; 42         ; 2        ; c_in[25]                                                  ; input  ; 2.5 V        ;         ; Row I/O    ; N               ; no       ; Off          ;
; L7       ; 50         ; 2        ; a_in[2]                                                   ; input  ; 2.5 V        ;         ; Row I/O    ; N               ; no       ; Off          ;
; L8       ; 20         ; 1        ; RESERVED_INPUT_WITH_WEAK_PULLUP                           ;        ;              ;         ; Row I/O    ;                 ; no       ; On           ;
; L9       ;            ;          ; VCCINT                                                    ; power  ;              ; 1.2V    ; --         ;                 ; --       ; --           ;
; L10      ;            ;          ; GND                                                       ; gnd    ;              ;         ; --         ;                 ; --       ; --           ;
; L11      ;            ;          ; GND                                                       ; gnd    ;              ;         ; --         ;                 ; --       ; --           ;
; L12      ;            ;          ; GND                                                       ; gnd    ;              ;         ; --         ;                 ; --       ; --           ;
; L13      ;            ;          ; GND                                                       ; gnd    ;              ;         ; --         ;                 ; --       ; --           ;
; L14      ;            ;          ; VCCINT                                                    ; power  ;              ; 1.2V    ; --         ;                 ; --       ; --           ;
; L15      ; 233        ; 6        ; c_out[33]                                                 ; output ; 2.5 V        ;         ; Row I/O    ; N               ; no       ; Off          ;
; L16      ; 232        ; 6        ; c_out[32]                                                 ; output ; 2.5 V        ;         ; Row I/O    ; N               ; no       ; Off          ;
; L17      ; 230        ; 6        ; ^MSEL2                                                    ;        ;              ;         ; --         ;                 ; --       ; --           ;
; L18      ; 229        ; 6        ; ^MSEL1                                                    ;        ;              ;         ; --         ;                 ; --       ; --           ;
; L19      ;            ; 6        ; VCCIO6                                                    ; power  ;              ; 2.5V    ; --         ;                 ; --       ; --           ;
; L20      ;            ;          ; GND                                                       ; gnd    ;              ;         ; --         ;                 ; --       ; --           ;
; L21      ; 235        ; 6        ; c_out[26]                                                 ; output ; 2.5 V        ;         ; Row I/O    ; N               ; no       ; Off          ;
; L22      ; 234        ; 6        ; c_out[21]                                                 ; output ; 2.5 V        ;         ; Row I/O    ; N               ; no       ; Off          ;
; M1       ; 45         ; 2        ; a_in[12]                                                  ; input  ; 2.5 V        ;         ; Row I/O    ; N               ; no       ; Off          ;
; M2       ; 44         ; 2        ; c_in[31]                                                  ; input  ; 2.5 V        ;         ; Row I/O    ; N               ; no       ; Off          ;
; M3       ; 47         ; 2        ; b_in_1[21]                                                ; input  ; 2.5 V        ;         ; Row I/O    ; N               ; no       ; Off          ;
; M4       ; 46         ; 2        ; c_in[34]                                                  ; input  ; 2.5 V        ;         ; Row I/O    ; N               ; no       ; Off          ;
; M5       ; 51         ; 2        ; c_in[8]                                                   ; input  ; 2.5 V        ;         ; Row I/O    ; N               ; no       ; Off          ;
; M6       ; 43         ; 2        ; RESERVED_INPUT_WITH_WEAK_PULLUP                           ;        ;              ;         ; Row I/O    ;                 ; no       ; On           ;
; M7       ; 65         ; 2        ; c_in[53]                                                  ; input  ; 2.5 V        ;         ; Row I/O    ; N               ; no       ; Off          ;
; M8       ; 66         ; 2        ; b_in_1[0]                                                 ; input  ; 2.5 V        ;         ; Row I/O    ; N               ; no       ; Off          ;
; M9       ;            ;          ; VCCINT                                                    ; power  ;              ; 1.2V    ; --         ;                 ; --       ; --           ;
; M10      ;            ;          ; GND                                                       ; gnd    ;              ;         ; --         ;                 ; --       ; --           ;
; M11      ;            ;          ; GND                                                       ; gnd    ;              ;         ; --         ;                 ; --       ; --           ;
; M12      ;            ;          ; GND                                                       ; gnd    ;              ;         ; --         ;                 ; --       ; --           ;
; M13      ;            ;          ; GND                                                       ; gnd    ;              ;         ; --         ;                 ; --       ; --           ;
; M14      ;            ;          ; VCCINT                                                    ; power  ;              ; 1.2V    ; --         ;                 ; --       ; --           ;
; M15      ; 195        ; 5        ; b_in_3[8]                                                 ; input  ; 2.5 V        ;         ; Row I/O    ; N               ; no       ; Off          ;
; M16      ; 222        ; 5        ; c_out[31]                                                 ; output ; 2.5 V        ;         ; Row I/O    ; N               ; no       ; Off          ;
; M17      ; 228        ; 6        ; ^MSEL0                                                    ;        ;              ;         ; --         ;                 ; --       ; --           ;
; M18      ; 227        ; 6        ; ^CONF_DONE                                                ;        ;              ;         ; --         ;                 ; --       ; --           ;
; M19      ; 221        ; 5        ; c_out[10]                                                 ; output ; 2.5 V        ;         ; Row I/O    ; N               ; no       ; Off          ;
; M20      ; 220        ; 5        ; c_out[39]                                                 ; output ; 2.5 V        ;         ; Row I/O    ; N               ; no       ; Off          ;
; M21      ; 219        ; 5        ; c_out[40]                                                 ; output ; 2.5 V        ;         ; Row I/O    ; N               ; no       ; Off          ;
; M22      ; 218        ; 5        ; c_out[9]                                                  ; output ; 2.5 V        ;         ; Row I/O    ; N               ; no       ; Off          ;
; N1       ; 49         ; 2        ; c_in[50]                                                  ; input  ; 2.5 V        ;         ; Row I/O    ; N               ; no       ; Off          ;
; N2       ; 48         ; 2        ; a_in[6]                                                   ; input  ; 2.5 V        ;         ; Row I/O    ; N               ; no       ; Off          ;
; N3       ;            ;          ; GND                                                       ; gnd    ;              ;         ; --         ;                 ; --       ; --           ;
; N4       ;            ; 2        ; VCCIO2                                                    ; power  ;              ; 2.5V    ; --         ;                 ; --       ; --           ;
; N5       ; 56         ; 2        ; c_in[33]                                                  ; input  ; 2.5 V        ;         ; Row I/O    ; N               ; no       ; Off          ;
; N6       ; 64         ; 2        ; done                                                      ; output ; 2.5 V        ;         ; Row I/O    ; N               ; no       ; Off          ;
; N7       ; 73         ; 2        ; c_in[19]                                                  ; input  ; 2.5 V        ;         ; Row I/O    ; N               ; no       ; Off          ;
; N8       ; 67         ; 2        ; c_in[9]                                                   ; input  ; 2.5 V        ;         ; Row I/O    ; N               ; no       ; Off          ;
; N9       ;            ;          ; VCCINT                                                    ; power  ;              ; 1.2V    ; --         ;                 ; --       ; --           ;
; N10      ;            ;          ; GND                                                       ; gnd    ;              ;         ; --         ;                 ; --       ; --           ;
; N11      ;            ;          ; GND                                                       ; gnd    ;              ;         ; --         ;                 ; --       ; --           ;
; N12      ;            ;          ; GND                                                       ; gnd    ;              ;         ; --         ;                 ; --       ; --           ;
; N13      ;            ;          ; GND                                                       ; gnd    ;              ;         ; --         ;                 ; --       ; --           ;
; N14      ; 189        ; 5        ; c_out[46]                                                 ; output ; 2.5 V        ;         ; Row I/O    ; N               ; no       ; Off          ;
; N15      ; 196        ; 5        ; c_out[55]                                                 ; output ; 2.5 V        ;         ; Row I/O    ; N               ; no       ; Off          ;
; N16      ; 205        ; 5        ; c_out[25]                                                 ; output ; 2.5 V        ;         ; Row I/O    ; N               ; no       ; Off          ;
; N17      ; 214        ; 5        ; c_out[8]                                                  ; output ; 2.5 V        ;         ; Row I/O    ; N               ; no       ; Off          ;
; N18      ; 215        ; 5        ; c_out[52]                                                 ; output ; 2.5 V        ;         ; Row I/O    ; N               ; no       ; Off          ;
; N19      ; 213        ; 5        ; c_out[3]                                                  ; output ; 2.5 V        ;         ; Row I/O    ; N               ; no       ; Off          ;
; N20      ; 212        ; 5        ; c_out[1]                                                  ; output ; 2.5 V        ;         ; Row I/O    ; N               ; no       ; Off          ;
; N21      ; 217        ; 5        ; c_out[35]                                                 ; output ; 2.5 V        ;         ; Row I/O    ; N               ; no       ; Off          ;
; N22      ; 216        ; 5        ; c_out[29]                                                 ; output ; 2.5 V        ;         ; Row I/O    ; N               ; no       ; Off          ;
; P1       ; 53         ; 2        ; c_in[0]                                                   ; input  ; 2.5 V        ;         ; Row I/O    ; N               ; no       ; Off          ;
; P2       ; 52         ; 2        ; RESERVED_INPUT_WITH_WEAK_PULLUP                           ;        ;              ;         ; Row I/O    ;                 ; no       ; On           ;
; P3       ; 58         ; 2        ; b_in_1[29]                                                ; input  ; 2.5 V        ;         ; Row I/O    ; N               ; no       ; Off          ;
; P4       ; 57         ; 2        ; b_in_1[30]                                                ; input  ; 2.5 V        ;         ; Row I/O    ; N               ; no       ; Off          ;
; P5       ; 63         ; 2        ; b_in_1[2]                                                 ; input  ; 2.5 V        ;         ; Row I/O    ; N               ; no       ; Off          ;
; P6       ; 79         ; 2        ; a_in[29]                                                  ; input  ; 2.5 V        ;         ; Row I/O    ; N               ; no       ; Off          ;
; P7       ; 74         ; 2        ; a_in[19]                                                  ; input  ; 2.5 V        ;         ; Row I/O    ; N               ; no       ; Off          ;
; P8       ; 86         ; 2        ; RESERVED_INPUT_WITH_WEAK_PULLUP                           ;        ;              ;         ; Row I/O    ;                 ; no       ; On           ;
; P9       ;            ;          ; VCCINT                                                    ; power  ;              ; 1.2V    ; --         ;                 ; --       ; --           ;
; P10      ;            ;          ; VCCINT                                                    ; power  ;              ; 1.2V    ; --         ;                 ; --       ; --           ;
; P11      ;            ;          ; VCCINT                                                    ; power  ;              ; 1.2V    ; --         ;                 ; --       ; --           ;
; P12      ;            ;          ; VCCINT                                                    ; power  ;              ; 1.2V    ; --         ;                 ; --       ; --           ;
; P13      ;            ;          ; VCCINT                                                    ; power  ;              ; 1.2V    ; --         ;                 ; --       ; --           ;
; P14      ; 180        ; 5        ; c_out[49]                                                 ; output ; 2.5 V        ;         ; Row I/O    ; N               ; no       ; Off          ;
; P15      ; 192        ; 5        ; c_out[27]                                                 ; output ; 2.5 V        ;         ; Row I/O    ; N               ; no       ; Off          ;
; P16      ; 193        ; 5        ; b_in_3[26]                                                ; input  ; 2.5 V        ;         ; Row I/O    ; N               ; no       ; Off          ;
; P17      ; 197        ; 5        ; c_out[43]                                                 ; output ; 2.5 V        ;         ; Row I/O    ; N               ; no       ; Off          ;
; P18      ;            ; 5        ; VCCIO5                                                    ; power  ;              ; 2.5V    ; --         ;                 ; --       ; --           ;
; P19      ;            ;          ; GND                                                       ; gnd    ;              ;         ; --         ;                 ; --       ; --           ;
; P20      ; 208        ; 5        ; c_out[17]                                                 ; output ; 2.5 V        ;         ; Row I/O    ; N               ; no       ; Off          ;
; P21      ; 211        ; 5        ; c_out[6]                                                  ; output ; 2.5 V        ;         ; Row I/O    ; N               ; no       ; Off          ;
; P22      ; 210        ; 5        ; c_out[12]                                                 ; output ; 2.5 V        ;         ; Row I/O    ; N               ; no       ; Off          ;
; R1       ; 55         ; 2        ; valid                                                     ; output ; 2.5 V        ;         ; Row I/O    ; N               ; no       ; Off          ;
; R2       ; 54         ; 2        ; b_in_1[27]                                                ; input  ; 2.5 V        ;         ; Row I/O    ; N               ; no       ; Off          ;
; R3       ;            ;          ; GND                                                       ; gnd    ;              ;         ; --         ;                 ; --       ; --           ;
; R4       ;            ; 2        ; VCCIO2                                                    ; power  ;              ; 2.5V    ; --         ;                 ; --       ; --           ;
; R5       ; 80         ; 2        ; b_in_1[11]                                                ; input  ; 2.5 V        ;         ; Row I/O    ; N               ; no       ; Off          ;
; R6       ; 83         ; 2        ; b_in_1[20]                                                ; input  ; 2.5 V        ;         ; Row I/O    ; N               ; no       ; Off          ;
; R7       ; 84         ; 2        ; RESERVED_INPUT_WITH_WEAK_PULLUP                           ;        ;              ;         ; Row I/O    ;                 ; no       ; On           ;
; R8       ; 87         ; 2        ; RESERVED_INPUT_WITH_WEAK_PULLUP                           ;        ;              ;         ; Row I/O    ;                 ; no       ; On           ;
; R9       ; 88         ; 3        ; RESERVED_INPUT_WITH_WEAK_PULLUP                           ;        ;              ;         ; Column I/O ;                 ; no       ; On           ;
; R10      ; 90         ; 3        ; RESERVED_INPUT_WITH_WEAK_PULLUP                           ;        ;              ;         ; Column I/O ;                 ; no       ; On           ;
; R11      ; 97         ; 3        ; RESERVED_INPUT_WITH_WEAK_PULLUP                           ;        ;              ;         ; Column I/O ;                 ; no       ; On           ;
; R12      ; 98         ; 3        ; b_in_1[23]                                                ; input  ; 2.5 V        ;         ; Column I/O ; N               ; no       ; Off          ;
; R13      ; 153        ; 4        ; b_in_3[2]                                                 ; input  ; 2.5 V        ;         ; Column I/O ; N               ; no       ; Off          ;
; R14      ; 175        ; 4        ; b_in_3[24]                                                ; input  ; 2.5 V        ;         ; Column I/O ; N               ; no       ; Off          ;
; R15      ; 176        ; 4        ; b_in_3[22]                                                ; input  ; 2.5 V        ;         ; Column I/O ; N               ; no       ; Off          ;
; R16      ; 172        ; 4        ; b_in_3[0]                                                 ; input  ; 2.5 V        ;         ; Column I/O ; N               ; no       ; Off          ;
; R17      ; 194        ; 5        ; c_out[54]                                                 ; output ; 2.5 V        ;         ; Row I/O    ; N               ; no       ; Off          ;
; R18      ; 203        ; 5        ; c_out[45]                                                 ; output ; 2.5 V        ;         ; Row I/O    ; N               ; no       ; Off          ;
; R19      ; 204        ; 5        ; c_out[44]                                                 ; output ; 2.5 V        ;         ; Row I/O    ; N               ; no       ; Off          ;
; R20      ; 200        ; 5        ; c_out[61]                                                 ; output ; 2.5 V        ;         ; Row I/O    ; N               ; no       ; Off          ;
; R21      ; 207        ; 5        ; c_out[37]                                                 ; output ; 2.5 V        ;         ; Row I/O    ; N               ; no       ; Off          ;
; R22      ; 206        ; 5        ; c_out[34]                                                 ; output ; 2.5 V        ;         ; Row I/O    ; N               ; no       ; Off          ;
; T1       ; 41         ; 2        ; GND+                                                      ;        ;              ;         ; Row I/O    ;                 ; --       ; --           ;
; T2       ; 40         ; 2        ; reset                                                     ; input  ; 2.5 V        ;         ; Row I/O    ; N               ; no       ; Off          ;
; T3       ; 72         ; 2        ; c_in[14]                                                  ; input  ; 2.5 V        ;         ; Row I/O    ; N               ; no       ; Off          ;
; T4       ; 81         ; 2        ; RESERVED_INPUT_WITH_WEAK_PULLUP                           ;        ;              ;         ; Row I/O    ;                 ; no       ; On           ;
; T5       ; 82         ; 2        ; c_in[57]                                                  ; input  ; 2.5 V        ;         ; Row I/O    ; N               ; no       ; Off          ;
; T6       ;            ; --       ; VCCA1                                                     ; power  ;              ; 2.5V    ; --         ;                 ; --       ; --           ;
; T7       ; 85         ; 2        ; RESERVED_INPUT_WITH_WEAK_PULLUP                           ;        ;              ;         ; Row I/O    ;                 ; no       ; On           ;
; T8       ; 89         ; 3        ; RESERVED_INPUT_WITH_WEAK_PULLUP                           ;        ;              ;         ; Column I/O ;                 ; no       ; On           ;
; T9       ; 91         ; 3        ; RESERVED_INPUT_WITH_WEAK_PULLUP                           ;        ;              ;         ; Column I/O ;                 ; no       ; On           ;
; T10      ; 121        ; 3        ; c_in[22]                                                  ; input  ; 2.5 V        ;         ; Column I/O ; N               ; no       ; Off          ;
; T11      ; 125        ; 3        ; b_in_1[22]                                                ; input  ; 2.5 V        ;         ; Column I/O ; N               ; no       ; Off          ;
; T12      ; 148        ; 4        ; a_in[30]                                                  ; input  ; 2.5 V        ;         ; Column I/O ; N               ; no       ; Off          ;
; T13      ;            ;          ; VCCINT                                                    ; power  ;              ; 1.2V    ; --         ;                 ; --       ; --           ;
; T14      ; 160        ; 4        ; b_in_3[20]                                                ; input  ; 2.5 V        ;         ; Column I/O ; N               ; no       ; Off          ;
; T15      ; 161        ; 4        ; b_in_3[21]                                                ; input  ; 2.5 V        ;         ; Column I/O ; N               ; no       ; Off          ;
; T16      ; 171        ; 4        ; b_in_3[27]                                                ; input  ; 2.5 V        ;         ; Column I/O ; N               ; no       ; Off          ;
; T17      ; 181        ; 5        ; c_out[56]                                                 ; output ; 2.5 V        ;         ; Row I/O    ; N               ; no       ; Off          ;
; T18      ; 182        ; 5        ; c_out[62]                                                 ; output ; 2.5 V        ;         ; Row I/O    ; N               ; no       ; Off          ;
; T19      ;            ; 5        ; VCCIO5                                                    ; power  ;              ; 2.5V    ; --         ;                 ; --       ; --           ;
; T20      ;            ;          ; GND                                                       ; gnd    ;              ;         ; --         ;                 ; --       ; --           ;
; T21      ; 224        ; 5        ; c_in[56]                                                  ; input  ; 2.5 V        ;         ; Row I/O    ; N               ; no       ; Off          ;
; T22      ; 223        ; 5        ; c_in[55]                                                  ; input  ; 2.5 V        ;         ; Row I/O    ; N               ; no       ; Off          ;
; U1       ; 60         ; 2        ; b_in_3[31]                                                ; input  ; 2.5 V        ;         ; Row I/O    ; N               ; no       ; Off          ;
; U2       ; 59         ; 2        ; c_in[30]                                                  ; input  ; 2.5 V        ;         ; Row I/O    ; N               ; no       ; Off          ;
; U3       ;            ;          ; GND                                                       ; gnd    ;              ;         ; --         ;                 ; --       ; --           ;
; U4       ;            ; 2        ; VCCIO2                                                    ; power  ;              ; 2.5V    ; --         ;                 ; --       ; --           ;
; U5       ;            ;          ; GNDA1                                                     ; gnd    ;              ;         ; --         ;                 ; --       ; --           ;
; U6       ;            ;          ; VCCD_PLL1                                                 ; power  ;              ; 1.2V    ; --         ;                 ; --       ; --           ;
; U7       ; 94         ; 3        ; RESERVED_INPUT_WITH_WEAK_PULLUP                           ;        ;              ;         ; Column I/O ;                 ; no       ; On           ;
; U8       ; 95         ; 3        ; RESERVED_INPUT_WITH_WEAK_PULLUP                           ;        ;              ;         ; Column I/O ;                 ; no       ; On           ;
; U9       ; 112        ; 3        ; b_in_1[7]                                                 ; input  ; 2.5 V        ;         ; Column I/O ; N               ; no       ; Off          ;
; U10      ; 122        ; 3        ; c_in[23]                                                  ; input  ; 2.5 V        ;         ; Column I/O ; N               ; no       ; Off          ;
; U11      ; 128        ; 3        ; c_in[65]                                                  ; input  ; 2.5 V        ;         ; Column I/O ; N               ; no       ; Off          ;
; U12      ; 147        ; 4        ; c_in[51]                                                  ; input  ; 2.5 V        ;         ; Column I/O ; N               ; no       ; Off          ;
; U13      ; 156        ; 4        ; a_in[24]                                                  ; input  ; 2.5 V        ;         ; Column I/O ; N               ; no       ; Off          ;
; U14      ; 174        ; 4        ; c_out[59]                                                 ; output ; 2.5 V        ;         ; Column I/O ; N               ; no       ; Off          ;
; U15      ; 173        ; 4        ; c_out[50]                                                 ; output ; 2.5 V        ;         ; Column I/O ; N               ; no       ; Off          ;
; U16      ;            ;          ; VCCINT                                                    ; power  ;              ; 1.2V    ; --         ;                 ; --       ; --           ;
; U17      ;            ;          ; VCCINT                                                    ; power  ;              ; 1.2V    ; --         ;                 ; --       ; --           ;
; U18      ;            ; --       ; VCCA4                                                     ; power  ;              ; 2.5V    ; --         ;                 ; --       ; --           ;
; U19      ; 188        ; 5        ; b_in_3[23]                                                ; input  ; 2.5 V        ;         ; Row I/O    ; N               ; no       ; Off          ;
; U20      ; 187        ; 5        ; b_in_3[1]                                                 ; input  ; 2.5 V        ;         ; Row I/O    ; N               ; no       ; Off          ;
; U21      ; 202        ; 5        ; b_in_3[30]                                                ; input  ; 2.5 V        ;         ; Row I/O    ; N               ; no       ; Off          ;
; U22      ; 201        ; 5        ; c_out[51]                                                 ; output ; 2.5 V        ;         ; Row I/O    ; N               ; no       ; Off          ;
; V1       ; 62         ; 2        ; c_in[43]                                                  ; input  ; 2.5 V        ;         ; Row I/O    ; N               ; no       ; Off          ;
; V2       ; 61         ; 2        ; c_in[39]                                                  ; input  ; 2.5 V        ;         ; Row I/O    ; N               ; no       ; Off          ;
; V3       ; 78         ; 2        ; RESERVED_INPUT_WITH_WEAK_PULLUP                           ;        ;              ;         ; Row I/O    ;                 ; no       ; On           ;
; V4       ; 77         ; 2        ; c_in[26]                                                  ; input  ; 2.5 V        ;         ; Row I/O    ; N               ; no       ; Off          ;
; V5       ; 93         ; 3        ; RESERVED_INPUT_WITH_WEAK_PULLUP                           ;        ;              ;         ; Column I/O ;                 ; no       ; On           ;
; V6       ; 92         ; 3        ; RESERVED_INPUT_WITH_WEAK_PULLUP                           ;        ;              ;         ; Column I/O ;                 ; no       ; On           ;
; V7       ; 105        ; 3        ; b_in_1[31]                                                ; input  ; 2.5 V        ;         ; Column I/O ; N               ; no       ; Off          ;
; V8       ; 113        ; 3        ; c_in[16]                                                  ; input  ; 2.5 V        ;         ; Column I/O ; N               ; no       ; Off          ;
; V9       ; 119        ; 3        ; c_in[58]                                                  ; input  ; 2.5 V        ;         ; Column I/O ; N               ; no       ; Off          ;
; V10      ; 120        ; 3        ; c_in[13]                                                  ; input  ; 2.5 V        ;         ; Column I/O ; N               ; no       ; Off          ;
; V11      ; 129        ; 3        ; c_in[45]                                                  ; input  ; 2.5 V        ;         ; Column I/O ; N               ; no       ; Off          ;
; V12      ; 142        ; 4        ; c_in[42]                                                  ; input  ; 2.5 V        ;         ; Column I/O ; N               ; no       ; Off          ;
; V13      ; 154        ; 4        ; b_in_3[15]                                                ; input  ; 2.5 V        ;         ; Column I/O ; N               ; no       ; Off          ;
; V14      ; 157        ; 4        ; a_in[23]                                                  ; input  ; 2.5 V        ;         ; Column I/O ; N               ; no       ; Off          ;
; V15      ; 158        ; 4        ; b_in_3[5]                                                 ; input  ; 2.5 V        ;         ; Column I/O ; N               ; no       ; Off          ;
; V16      ; 168        ; 4        ; c_out[58]                                                 ; output ; 2.5 V        ;         ; Column I/O ; N               ; no       ; Off          ;
; V17      ;            ;          ; VCCD_PLL4                                                 ; power  ;              ; 1.2V    ; --         ;                 ; --       ; --           ;
; V18      ;            ;          ; GNDA4                                                     ; gnd    ;              ;         ; --         ;                 ; --       ; --           ;
; V19      ;            ; 5        ; VCCIO5                                                    ; power  ;              ; 2.5V    ; --         ;                 ; --       ; --           ;
; V20      ;            ;          ; GND                                                       ; gnd    ;              ;         ; --         ;                 ; --       ; --           ;
; V21      ; 199        ; 5        ; c_out[65]                                                 ; output ; 2.5 V        ;         ; Row I/O    ; N               ; no       ; Off          ;
; V22      ; 198        ; 5        ; c_out[63]                                                 ; output ; 2.5 V        ;         ; Row I/O    ; N               ; no       ; Off          ;
; W1       ; 69         ; 2        ; c_in[27]                                                  ; input  ; 2.5 V        ;         ; Row I/O    ; N               ; no       ; Off          ;
; W2       ; 68         ; 2        ; b_in_1[25]                                                ; input  ; 2.5 V        ;         ; Row I/O    ; N               ; no       ; Off          ;
; W3       ;            ;          ; GND                                                       ; gnd    ;              ;         ; --         ;                 ; --       ; --           ;
; W4       ;            ; 2        ; VCCIO2                                                    ; power  ;              ; 2.5V    ; --         ;                 ; --       ; --           ;
; W5       ;            ; 3        ; VCCIO3                                                    ; power  ;              ; 2.5V    ; --         ;                 ; --       ; --           ;
; W6       ; 104        ; 3        ; b_in_1[6]                                                 ; input  ; 2.5 V        ;         ; Column I/O ; N               ; no       ; Off          ;
; W7       ; 110        ; 3        ; b_in_1[19]                                                ; input  ; 2.5 V        ;         ; Column I/O ; N               ; no       ; Off          ;
; W8       ; 114        ; 3        ; b_in_1[5]                                                 ; input  ; 2.5 V        ;         ; Column I/O ; N               ; no       ; Off          ;
; W9       ;            ; 3        ; VCCIO3                                                    ; power  ;              ; 2.5V    ; --         ;                 ; --       ; --           ;
; W10      ; 130        ; 3        ; a_in[18]                                                  ; input  ; 2.5 V        ;         ; Column I/O ; N               ; no       ; Off          ;
; W11      ;            ; 3        ; VCCIO3                                                    ; power  ;              ; 2.5V    ; --         ;                 ; --       ; --           ;
; W12      ;            ; 4        ; VCCIO4                                                    ; power  ;              ; 2.5V    ; --         ;                 ; --       ; --           ;
; W13      ; 143        ; 4        ; c_in[54]                                                  ; input  ; 2.5 V        ;         ; Column I/O ; N               ; no       ; Off          ;
; W14      ; 155        ; 4        ; b_in_3[3]                                                 ; input  ; 2.5 V        ;         ; Column I/O ; N               ; no       ; Off          ;
; W15      ; 159        ; 4        ; b_in_3[16]                                                ; input  ; 2.5 V        ;         ; Column I/O ; N               ; no       ; Off          ;
; W16      ;            ; 4        ; VCCIO4                                                    ; power  ;              ; 2.5V    ; --         ;                 ; --       ; --           ;
; W17      ; 166        ; 4        ; b_in_3[7]                                                 ; input  ; 2.5 V        ;         ; Column I/O ; N               ; no       ; Off          ;
; W18      ;            ; 4        ; VCCIO4                                                    ; power  ;              ; 2.5V    ; --         ;                 ; --       ; --           ;
; W19      ; 184        ; 5        ; c_out[60]                                                 ; output ; 2.5 V        ;         ; Row I/O    ; N               ; no       ; Off          ;
; W20      ; 183        ; 5        ; c_out[64]                                                 ; output ; 2.5 V        ;         ; Row I/O    ; N               ; no       ; Off          ;
; W21      ; 191        ; 5        ; c_out[42]                                                 ; output ; 2.5 V        ;         ; Row I/O    ; N               ; no       ; Off          ;
; W22      ; 190        ; 5        ; c_out[41]                                                 ; output ; 2.5 V        ;         ; Row I/O    ; N               ; no       ; Off          ;
; Y1       ; 71         ; 2        ; b_in_1[4]                                                 ; input  ; 2.5 V        ;         ; Row I/O    ; N               ; no       ; Off          ;
; Y2       ; 70         ; 2        ; c_in[12]                                                  ; input  ; 2.5 V        ;         ; Row I/O    ; N               ; no       ; Off          ;
; Y3       ; 99         ; 3        ; RESERVED_INPUT_WITH_WEAK_PULLUP                           ;        ;              ;         ; Column I/O ;                 ; no       ; On           ;
; Y4       ; 96         ; 3        ; RESERVED_INPUT_WITH_WEAK_PULLUP                           ;        ;              ;         ; Column I/O ;                 ; --       ; --           ;
; Y5       ;            ;          ; GND                                                       ; gnd    ;              ;         ; --         ;                 ; --       ; --           ;
; Y6       ; 101        ; 3        ; alpha                                                     ; input  ; 2.5 V        ;         ; Column I/O ; N               ; no       ; Off          ;
; Y7       ; 111        ; 3        ; b_in_1[18]                                                ; input  ; 2.5 V        ;         ; Column I/O ; N               ; no       ; Off          ;
; Y8       ; 117        ; 3        ; b_in_1[1]                                                 ; input  ; 2.5 V        ;         ; Column I/O ; N               ; no       ; Off          ;
; Y9       ;            ;          ; GND                                                       ; gnd    ;              ;         ; --         ;                 ; --       ; --           ;
; Y10      ; 131        ; 3        ; c_in[63]                                                  ; input  ; 2.5 V        ;         ; Column I/O ; N               ; no       ; Off          ;
; Y11      ;            ;          ; GND                                                       ; gnd    ;              ;         ; --         ;                 ; --       ; --           ;
; Y12      ;            ;          ; GND                                                       ; gnd    ;              ;         ; --         ;                 ; --       ; --           ;
; Y13      ; 144        ; 4        ; c_in[47]                                                  ; input  ; 2.5 V        ;         ; Column I/O ; N               ; no       ; Off          ;
; Y14      ;            ; 4        ; VCCIO4                                                    ; power  ;              ; 2.5V    ; --         ;                 ; --       ; --           ;
; Y15      ;            ;          ; GND                                                       ; gnd    ;              ;         ; --         ;                 ; --       ; --           ;
; Y16      ;            ;          ; GND                                                       ; gnd    ;              ;         ; --         ;                 ; --       ; --           ;
; Y17      ; 167        ; 4        ; b_in_3[18]                                                ; input  ; 2.5 V        ;         ; Column I/O ; N               ; no       ; Off          ;
; Y18      ;            ;          ; GND                                                       ; gnd    ;              ;         ; --         ;                 ; --       ; --           ;
; Y19      ;            ; 5        ; VCCIO5                                                    ; power  ;              ; 2.5V    ; --         ;                 ; --       ; --           ;
; Y20      ;            ;          ; GND                                                       ; gnd    ;              ;         ; --         ;                 ; --       ; --           ;
; Y21      ; 186        ; 5        ; c_out[57]                                                 ; output ; 2.5 V        ;         ; Row I/O    ; N               ; no       ; Off          ;
; Y22      ; 185        ; 5        ; b_in_3[28]                                                ; input  ; 2.5 V        ;         ; Row I/O    ; N               ; no       ; Off          ;
+----------+------------+----------+-----------------------------------------------------------+--------+--------------+---------+------------+-----------------+----------+--------------+
Note: Pin directions (input, output or bidir) are based on device operating in user mode.


+--------------------------------------------+
; I/O Assignment Warnings                    ;
+------------+-------------------------------+
; Pin Name   ; Reason                        ;
+------------+-------------------------------+
; c_out[0]   ; Incomplete set of assignments ;
; c_out[1]   ; Incomplete set of assignments ;
; c_out[2]   ; Incomplete set of assignments ;
; c_out[3]   ; Incomplete set of assignments ;
; c_out[4]   ; Incomplete set of assignments ;
; c_out[5]   ; Incomplete set of assignments ;
; c_out[6]   ; Incomplete set of assignments ;
; c_out[7]   ; Incomplete set of assignments ;
; c_out[8]   ; Incomplete set of assignments ;
; c_out[9]   ; Incomplete set of assignments ;
; c_out[10]  ; Incomplete set of assignments ;
; c_out[11]  ; Incomplete set of assignments ;
; c_out[12]  ; Incomplete set of assignments ;
; c_out[13]  ; Incomplete set of assignments ;
; c_out[14]  ; Incomplete set of assignments ;
; c_out[15]  ; Incomplete set of assignments ;
; c_out[16]  ; Incomplete set of assignments ;
; c_out[17]  ; Incomplete set of assignments ;
; c_out[18]  ; Incomplete set of assignments ;
; c_out[19]  ; Incomplete set of assignments ;
; c_out[20]  ; Incomplete set of assignments ;
; c_out[21]  ; Incomplete set of assignments ;
; c_out[22]  ; Incomplete set of assignments ;
; c_out[23]  ; Incomplete set of assignments ;
; c_out[24]  ; Incomplete set of assignments ;
; c_out[25]  ; Incomplete set of assignments ;
; c_out[26]  ; Incomplete set of assignments ;
; c_out[27]  ; Incomplete set of assignments ;
; c_out[28]  ; Incomplete set of assignments ;
; c_out[29]  ; Incomplete set of assignments ;
; c_out[30]  ; Incomplete set of assignments ;
; c_out[31]  ; Incomplete set of assignments ;
; c_out[32]  ; Incomplete set of assignments ;
; c_out[33]  ; Incomplete set of assignments ;
; c_out[34]  ; Incomplete set of assignments ;
; c_out[35]  ; Incomplete set of assignments ;
; c_out[36]  ; Incomplete set of assignments ;
; c_out[37]  ; Incomplete set of assignments ;
; c_out[38]  ; Incomplete set of assignments ;
; c_out[39]  ; Incomplete set of assignments ;
; c_out[40]  ; Incomplete set of assignments ;
; c_out[41]  ; Incomplete set of assignments ;
; c_out[42]  ; Incomplete set of assignments ;
; c_out[43]  ; Incomplete set of assignments ;
; c_out[44]  ; Incomplete set of assignments ;
; c_out[45]  ; Incomplete set of assignments ;
; c_out[46]  ; Incomplete set of assignments ;
; c_out[47]  ; Incomplete set of assignments ;
; c_out[48]  ; Incomplete set of assignments ;
; c_out[49]  ; Incomplete set of assignments ;
; c_out[50]  ; Incomplete set of assignments ;
; c_out[51]  ; Incomplete set of assignments ;
; c_out[52]  ; Incomplete set of assignments ;
; c_out[53]  ; Incomplete set of assignments ;
; c_out[54]  ; Incomplete set of assignments ;
; c_out[55]  ; Incomplete set of assignments ;
; c_out[56]  ; Incomplete set of assignments ;
; c_out[57]  ; Incomplete set of assignments ;
; c_out[58]  ; Incomplete set of assignments ;
; c_out[59]  ; Incomplete set of assignments ;
; c_out[60]  ; Incomplete set of assignments ;
; c_out[61]  ; Incomplete set of assignments ;
; c_out[62]  ; Incomplete set of assignments ;
; c_out[63]  ; Incomplete set of assignments ;
; c_out[64]  ; Incomplete set of assignments ;
; c_out[65]  ; Incomplete set of assignments ;
; valid      ; Incomplete set of assignments ;
; done       ; Incomplete set of assignments ;
; clk        ; Incomplete set of assignments ;
; reset      ; Incomplete set of assignments ;
; b_in_3[0]  ; Incomplete set of assignments ;
; b_in_3[1]  ; Incomplete set of assignments ;
; b_in_3[2]  ; Incomplete set of assignments ;
; b_in_3[3]  ; Incomplete set of assignments ;
; b_in_3[4]  ; Incomplete set of assignments ;
; b_in_3[5]  ; Incomplete set of assignments ;
; b_in_3[6]  ; Incomplete set of assignments ;
; b_in_3[7]  ; Incomplete set of assignments ;
; b_in_3[8]  ; Incomplete set of assignments ;
; b_in_3[9]  ; Incomplete set of assignments ;
; b_in_3[10] ; Incomplete set of assignments ;
; b_in_3[11] ; Incomplete set of assignments ;
; b_in_3[12] ; Incomplete set of assignments ;
; b_in_3[13] ; Incomplete set of assignments ;
; b_in_3[14] ; Incomplete set of assignments ;
; b_in_3[15] ; Incomplete set of assignments ;
; b_in_3[16] ; Incomplete set of assignments ;
; b_in_3[17] ; Incomplete set of assignments ;
; b_in_3[18] ; Incomplete set of assignments ;
; b_in_3[19] ; Incomplete set of assignments ;
; b_in_3[20] ; Incomplete set of assignments ;
; b_in_3[21] ; Incomplete set of assignments ;
; b_in_3[22] ; Incomplete set of assignments ;
; b_in_3[23] ; Incomplete set of assignments ;
; b_in_3[24] ; Incomplete set of assignments ;
; b_in_3[25] ; Incomplete set of assignments ;
; b_in_3[26] ; Incomplete set of assignments ;
; b_in_3[27] ; Incomplete set of assignments ;
; b_in_3[28] ; Incomplete set of assignments ;
; b_in_3[29] ; Incomplete set of assignments ;
; b_in_3[30] ; Incomplete set of assignments ;
; b_in_3[31] ; Incomplete set of assignments ;
; c_in[0]    ; Incomplete set of assignments ;
; c_in[1]    ; Incomplete set of assignments ;
; c_in[2]    ; Incomplete set of assignments ;
; c_in[3]    ; Incomplete set of assignments ;
; c_in[4]    ; Incomplete set of assignments ;
; c_in[5]    ; Incomplete set of assignments ;
; c_in[6]    ; Incomplete set of assignments ;
; c_in[7]    ; Incomplete set of assignments ;
; c_in[8]    ; Incomplete set of assignments ;
; c_in[9]    ; Incomplete set of assignments ;
; c_in[10]   ; Incomplete set of assignments ;
; c_in[11]   ; Incomplete set of assignments ;
; c_in[12]   ; Incomplete set of assignments ;
; c_in[13]   ; Incomplete set of assignments ;
; c_in[14]   ; Incomplete set of assignments ;
; c_in[15]   ; Incomplete set of assignments ;
; c_in[16]   ; Incomplete set of assignments ;
; c_in[17]   ; Incomplete set of assignments ;
; c_in[18]   ; Incomplete set of assignments ;
; c_in[19]   ; Incomplete set of assignments ;
; c_in[20]   ; Incomplete set of assignments ;
; c_in[21]   ; Incomplete set of assignments ;
; c_in[22]   ; Incomplete set of assignments ;
; c_in[23]   ; Incomplete set of assignments ;
; c_in[24]   ; Incomplete set of assignments ;
; c_in[25]   ; Incomplete set of assignments ;
; c_in[26]   ; Incomplete set of assignments ;
; c_in[27]   ; Incomplete set of assignments ;
; c_in[28]   ; Incomplete set of assignments ;
; c_in[29]   ; Incomplete set of assignments ;
; c_in[30]   ; Incomplete set of assignments ;
; c_in[31]   ; Incomplete set of assignments ;
; c_in[32]   ; Incomplete set of assignments ;
; c_in[33]   ; Incomplete set of assignments ;
; c_in[34]   ; Incomplete set of assignments ;
; c_in[35]   ; Incomplete set of assignments ;
; c_in[36]   ; Incomplete set of assignments ;
; c_in[37]   ; Incomplete set of assignments ;
; c_in[38]   ; Incomplete set of assignments ;
; c_in[39]   ; Incomplete set of assignments ;
; c_in[40]   ; Incomplete set of assignments ;
; c_in[41]   ; Incomplete set of assignments ;
; c_in[42]   ; Incomplete set of assignments ;
; c_in[43]   ; Incomplete set of assignments ;
; c_in[44]   ; Incomplete set of assignments ;
; c_in[45]   ; Incomplete set of assignments ;
; c_in[46]   ; Incomplete set of assignments ;
; c_in[47]   ; Incomplete set of assignments ;
; c_in[48]   ; Incomplete set of assignments ;
; c_in[49]   ; Incomplete set of assignments ;
; c_in[50]   ; Incomplete set of assignments ;
; c_in[51]   ; Incomplete set of assignments ;
; c_in[52]   ; Incomplete set of assignments ;
; c_in[53]   ; Incomplete set of assignments ;
; c_in[54]   ; Incomplete set of assignments ;
; c_in[55]   ; Incomplete set of assignments ;
; c_in[56]   ; Incomplete set of assignments ;
; c_in[57]   ; Incomplete set of assignments ;
; c_in[58]   ; Incomplete set of assignments ;
; c_in[59]   ; Incomplete set of assignments ;
; c_in[60]   ; Incomplete set of assignments ;
; c_in[61]   ; Incomplete set of assignments ;
; c_in[62]   ; Incomplete set of assignments ;
; c_in[63]   ; Incomplete set of assignments ;
; c_in[64]   ; Incomplete set of assignments ;
; c_in[65]   ; Incomplete set of assignments ;
; a_in[0]    ; Incomplete set of assignments ;
; beta       ; Incomplete set of assignments ;
; a_in[1]    ; Incomplete set of assignments ;
; a_in[2]    ; Incomplete set of assignments ;
; a_in[3]    ; Incomplete set of assignments ;
; a_in[4]    ; Incomplete set of assignments ;
; a_in[5]    ; Incomplete set of assignments ;
; a_in[6]    ; Incomplete set of assignments ;
; a_in[7]    ; Incomplete set of assignments ;
; a_in[8]    ; Incomplete set of assignments ;
; a_in[9]    ; Incomplete set of assignments ;
; a_in[10]   ; Incomplete set of assignments ;
; a_in[11]   ; Incomplete set of assignments ;
; a_in[12]   ; Incomplete set of assignments ;
; a_in[13]   ; Incomplete set of assignments ;
; a_in[14]   ; Incomplete set of assignments ;
; a_in[15]   ; Incomplete set of assignments ;
; a_in[16]   ; Incomplete set of assignments ;
; a_in[17]   ; Incomplete set of assignments ;
; b_in_1[0]  ; Incomplete set of assignments ;
; alpha      ; Incomplete set of assignments ;
; b_in_1[1]  ; Incomplete set of assignments ;
; b_in_1[2]  ; Incomplete set of assignments ;
; b_in_1[3]  ; Incomplete set of assignments ;
; b_in_1[4]  ; Incomplete set of assignments ;
; b_in_1[5]  ; Incomplete set of assignments ;
; b_in_1[6]  ; Incomplete set of assignments ;
; b_in_1[7]  ; Incomplete set of assignments ;
; b_in_1[8]  ; Incomplete set of assignments ;
; b_in_1[9]  ; Incomplete set of assignments ;
; b_in_1[10] ; Incomplete set of assignments ;
; b_in_1[11] ; Incomplete set of assignments ;
; b_in_1[12] ; Incomplete set of assignments ;
; b_in_1[13] ; Incomplete set of assignments ;
; b_in_1[14] ; Incomplete set of assignments ;
; b_in_1[15] ; Incomplete set of assignments ;
; b_in_1[16] ; Incomplete set of assignments ;
; b_in_1[17] ; Incomplete set of assignments ;
; b_in_1[18] ; Incomplete set of assignments ;
; b_in_1[19] ; Incomplete set of assignments ;
; b_in_1[20] ; Incomplete set of assignments ;
; b_in_1[21] ; Incomplete set of assignments ;
; b_in_1[22] ; Incomplete set of assignments ;
; b_in_1[23] ; Incomplete set of assignments ;
; b_in_1[24] ; Incomplete set of assignments ;
; b_in_1[25] ; Incomplete set of assignments ;
; b_in_1[26] ; Incomplete set of assignments ;
; b_in_1[27] ; Incomplete set of assignments ;
; b_in_1[28] ; Incomplete set of assignments ;
; b_in_1[29] ; Incomplete set of assignments ;
; b_in_1[30] ; Incomplete set of assignments ;
; b_in_1[31] ; Incomplete set of assignments ;
; a_in[18]   ; Incomplete set of assignments ;
; a_in[19]   ; Incomplete set of assignments ;
; a_in[20]   ; Incomplete set of assignments ;
; a_in[21]   ; Incomplete set of assignments ;
; a_in[22]   ; Incomplete set of assignments ;
; a_in[23]   ; Incomplete set of assignments ;
; a_in[24]   ; Incomplete set of assignments ;
; a_in[25]   ; Incomplete set of assignments ;
; a_in[26]   ; Incomplete set of assignments ;
; a_in[27]   ; Incomplete set of assignments ;
; a_in[28]   ; Incomplete set of assignments ;
; a_in[29]   ; Incomplete set of assignments ;
; a_in[30]   ; Incomplete set of assignments ;
; a_in[31]   ; Incomplete set of assignments ;
; c_out[0]   ; Missing location assignment   ;
; c_out[1]   ; Missing location assignment   ;
; c_out[2]   ; Missing location assignment   ;
; c_out[3]   ; Missing location assignment   ;
; c_out[4]   ; Missing location assignment   ;
; c_out[5]   ; Missing location assignment   ;
; c_out[6]   ; Missing location assignment   ;
; c_out[7]   ; Missing location assignment   ;
; c_out[8]   ; Missing location assignment   ;
; c_out[9]   ; Missing location assignment   ;
; c_out[10]  ; Missing location assignment   ;
; c_out[11]  ; Missing location assignment   ;
; c_out[12]  ; Missing location assignment   ;
; c_out[13]  ; Missing location assignment   ;
; c_out[14]  ; Missing location assignment   ;
; c_out[15]  ; Missing location assignment   ;
; c_out[16]  ; Missing location assignment   ;
; c_out[17]  ; Missing location assignment   ;
; c_out[18]  ; Missing location assignment   ;
; c_out[19]  ; Missing location assignment   ;
; c_out[20]  ; Missing location assignment   ;
; c_out[21]  ; Missing location assignment   ;
; c_out[22]  ; Missing location assignment   ;
; c_out[23]  ; Missing location assignment   ;
; c_out[24]  ; Missing location assignment   ;
; c_out[25]  ; Missing location assignment   ;
; c_out[26]  ; Missing location assignment   ;
; c_out[27]  ; Missing location assignment   ;
; c_out[28]  ; Missing location assignment   ;
; c_out[29]  ; Missing location assignment   ;
; c_out[30]  ; Missing location assignment   ;
; c_out[31]  ; Missing location assignment   ;
; c_out[32]  ; Missing location assignment   ;
; c_out[33]  ; Missing location assignment   ;
; c_out[34]  ; Missing location assignment   ;
; c_out[35]  ; Missing location assignment   ;
; c_out[36]  ; Missing location assignment   ;
; c_out[37]  ; Missing location assignment   ;
; c_out[38]  ; Missing location assignment   ;
; c_out[39]  ; Missing location assignment   ;
; c_out[40]  ; Missing location assignment   ;
; c_out[41]  ; Missing location assignment   ;
; c_out[42]  ; Missing location assignment   ;
; c_out[43]  ; Missing location assignment   ;
; c_out[44]  ; Missing location assignment   ;
; c_out[45]  ; Missing location assignment   ;
; c_out[46]  ; Missing location assignment   ;
; c_out[47]  ; Missing location assignment   ;
; c_out[48]  ; Missing location assignment   ;
; c_out[49]  ; Missing location assignment   ;
; c_out[50]  ; Missing location assignment   ;
; c_out[51]  ; Missing location assignment   ;
; c_out[52]  ; Missing location assignment   ;
; c_out[53]  ; Missing location assignment   ;
; c_out[54]  ; Missing location assignment   ;
; c_out[55]  ; Missing location assignment   ;
; c_out[56]  ; Missing location assignment   ;
; c_out[57]  ; Missing location assignment   ;
; c_out[58]  ; Missing location assignment   ;
; c_out[59]  ; Missing location assignment   ;
; c_out[60]  ; Missing location assignment   ;
; c_out[61]  ; Missing location assignment   ;
; c_out[62]  ; Missing location assignment   ;
; c_out[63]  ; Missing location assignment   ;
; c_out[64]  ; Missing location assignment   ;
; c_out[65]  ; Missing location assignment   ;
; valid      ; Missing location assignment   ;
; done       ; Missing location assignment   ;
; clk        ; Missing location assignment   ;
; reset      ; Missing location assignment   ;
; b_in_3[0]  ; Missing location assignment   ;
; b_in_3[1]  ; Missing location assignment   ;
; b_in_3[2]  ; Missing location assignment   ;
; b_in_3[3]  ; Missing location assignment   ;
; b_in_3[4]  ; Missing location assignment   ;
; b_in_3[5]  ; Missing location assignment   ;
; b_in_3[6]  ; Missing location assignment   ;
; b_in_3[7]  ; Missing location assignment   ;
; b_in_3[8]  ; Missing location assignment   ;
; b_in_3[9]  ; Missing location assignment   ;
; b_in_3[10] ; Missing location assignment   ;
; b_in_3[11] ; Missing location assignment   ;
; b_in_3[12] ; Missing location assignment   ;
; b_in_3[13] ; Missing location assignment   ;
; b_in_3[14] ; Missing location assignment   ;
; b_in_3[15] ; Missing location assignment   ;
; b_in_3[16] ; Missing location assignment   ;
; b_in_3[17] ; Missing location assignment   ;
; b_in_3[18] ; Missing location assignment   ;
; b_in_3[19] ; Missing location assignment   ;
; b_in_3[20] ; Missing location assignment   ;
; b_in_3[21] ; Missing location assignment   ;
; b_in_3[22] ; Missing location assignment   ;
; b_in_3[23] ; Missing location assignment   ;
; b_in_3[24] ; Missing location assignment   ;
; b_in_3[25] ; Missing location assignment   ;
; b_in_3[26] ; Missing location assignment   ;
; b_in_3[27] ; Missing location assignment   ;
; b_in_3[28] ; Missing location assignment   ;
; b_in_3[29] ; Missing location assignment   ;
; b_in_3[30] ; Missing location assignment   ;
; b_in_3[31] ; Missing location assignment   ;
; c_in[0]    ; Missing location assignment   ;
; c_in[1]    ; Missing location assignment   ;
; c_in[2]    ; Missing location assignment   ;
; c_in[3]    ; Missing location assignment   ;
; c_in[4]    ; Missing location assignment   ;
; c_in[5]    ; Missing location assignment   ;
; c_in[6]    ; Missing location assignment   ;
; c_in[7]    ; Missing location assignment   ;
; c_in[8]    ; Missing location assignment   ;
; c_in[9]    ; Missing location assignment   ;
; c_in[10]   ; Missing location assignment   ;
; c_in[11]   ; Missing location assignment   ;
; c_in[12]   ; Missing location assignment   ;
; c_in[13]   ; Missing location assignment   ;
; c_in[14]   ; Missing location assignment   ;
; c_in[15]   ; Missing location assignment   ;
; c_in[16]   ; Missing location assignment   ;
; c_in[17]   ; Missing location assignment   ;
; c_in[18]   ; Missing location assignment   ;
; c_in[19]   ; Missing location assignment   ;
; c_in[20]   ; Missing location assignment   ;
; c_in[21]   ; Missing location assignment   ;
; c_in[22]   ; Missing location assignment   ;
; c_in[23]   ; Missing location assignment   ;
; c_in[24]   ; Missing location assignment   ;
; c_in[25]   ; Missing location assignment   ;
; c_in[26]   ; Missing location assignment   ;
; c_in[27]   ; Missing location assignment   ;
; c_in[28]   ; Missing location assignment   ;
; c_in[29]   ; Missing location assignment   ;
; c_in[30]   ; Missing location assignment   ;
; c_in[31]   ; Missing location assignment   ;
; c_in[32]   ; Missing location assignment   ;
; c_in[33]   ; Missing location assignment   ;
; c_in[34]   ; Missing location assignment   ;
; c_in[35]   ; Missing location assignment   ;
; c_in[36]   ; Missing location assignment   ;
; c_in[37]   ; Missing location assignment   ;
; c_in[38]   ; Missing location assignment   ;
; c_in[39]   ; Missing location assignment   ;
; c_in[40]   ; Missing location assignment   ;
; c_in[41]   ; Missing location assignment   ;
; c_in[42]   ; Missing location assignment   ;
; c_in[43]   ; Missing location assignment   ;
; c_in[44]   ; Missing location assignment   ;
; c_in[45]   ; Missing location assignment   ;
; c_in[46]   ; Missing location assignment   ;
; c_in[47]   ; Missing location assignment   ;
; c_in[48]   ; Missing location assignment   ;
; c_in[49]   ; Missing location assignment   ;
; c_in[50]   ; Missing location assignment   ;
; c_in[51]   ; Missing location assignment   ;
; c_in[52]   ; Missing location assignment   ;
; c_in[53]   ; Missing location assignment   ;
; c_in[54]   ; Missing location assignment   ;
; c_in[55]   ; Missing location assignment   ;
; c_in[56]   ; Missing location assignment   ;
; c_in[57]   ; Missing location assignment   ;
; c_in[58]   ; Missing location assignment   ;
; c_in[59]   ; Missing location assignment   ;
; c_in[60]   ; Missing location assignment   ;
; c_in[61]   ; Missing location assignment   ;
; c_in[62]   ; Missing location assignment   ;
; c_in[63]   ; Missing location assignment   ;
; c_in[64]   ; Missing location assignment   ;
; c_in[65]   ; Missing location assignment   ;
; a_in[0]    ; Missing location assignment   ;
; beta       ; Missing location assignment   ;
; a_in[1]    ; Missing location assignment   ;
; a_in[2]    ; Missing location assignment   ;
; a_in[3]    ; Missing location assignment   ;
; a_in[4]    ; Missing location assignment   ;
; a_in[5]    ; Missing location assignment   ;
; a_in[6]    ; Missing location assignment   ;
; a_in[7]    ; Missing location assignment   ;
; a_in[8]    ; Missing location assignment   ;
; a_in[9]    ; Missing location assignment   ;
; a_in[10]   ; Missing location assignment   ;
; a_in[11]   ; Missing location assignment   ;
; a_in[12]   ; Missing location assignment   ;
; a_in[13]   ; Missing location assignment   ;
; a_in[14]   ; Missing location assignment   ;
; a_in[15]   ; Missing location assignment   ;
; a_in[16]   ; Missing location assignment   ;
; a_in[17]   ; Missing location assignment   ;
; b_in_1[0]  ; Missing location assignment   ;
; alpha      ; Missing location assignment   ;
; b_in_1[1]  ; Missing location assignment   ;
; b_in_1[2]  ; Missing location assignment   ;
; b_in_1[3]  ; Missing location assignment   ;
; b_in_1[4]  ; Missing location assignment   ;
; b_in_1[5]  ; Missing location assignment   ;
; b_in_1[6]  ; Missing location assignment   ;
; b_in_1[7]  ; Missing location assignment   ;
; b_in_1[8]  ; Missing location assignment   ;
; b_in_1[9]  ; Missing location assignment   ;
; b_in_1[10] ; Missing location assignment   ;
; b_in_1[11] ; Missing location assignment   ;
; b_in_1[12] ; Missing location assignment   ;
; b_in_1[13] ; Missing location assignment   ;
; b_in_1[14] ; Missing location assignment   ;
; b_in_1[15] ; Missing location assignment   ;
; b_in_1[16] ; Missing location assignment   ;
; b_in_1[17] ; Missing location assignment   ;
; b_in_1[18] ; Missing location assignment   ;
; b_in_1[19] ; Missing location assignment   ;
; b_in_1[20] ; Missing location assignment   ;
; b_in_1[21] ; Missing location assignment   ;
; b_in_1[22] ; Missing location assignment   ;
; b_in_1[23] ; Missing location assignment   ;
; b_in_1[24] ; Missing location assignment   ;
; b_in_1[25] ; Missing location assignment   ;
; b_in_1[26] ; Missing location assignment   ;
; b_in_1[27] ; Missing location assignment   ;
; b_in_1[28] ; Missing location assignment   ;
; b_in_1[29] ; Missing location assignment   ;
; b_in_1[30] ; Missing location assignment   ;
; b_in_1[31] ; Missing location assignment   ;
; a_in[18]   ; Missing location assignment   ;
; a_in[19]   ; Missing location assignment   ;
; a_in[20]   ; Missing location assignment   ;
; a_in[21]   ; Missing location assignment   ;
; a_in[22]   ; Missing location assignment   ;
; a_in[23]   ; Missing location assignment   ;
; a_in[24]   ; Missing location assignment   ;
; a_in[25]   ; Missing location assignment   ;
; a_in[26]   ; Missing location assignment   ;
; a_in[27]   ; Missing location assignment   ;
; a_in[28]   ; Missing location assignment   ;
; a_in[29]   ; Missing location assignment   ;
; a_in[30]   ; Missing location assignment   ;
; a_in[31]   ; Missing location assignment   ;
+------------+-------------------------------+


+-----------------------------------------------------------------------------------------------------------------------------------------------------------------------------------------------------------------------------------------------------------------------------------------------------------------------------------------------------------------------------------------------------------------------------------------------------------------+
; Fitter Resource Utilization by Entity                                                                                                                                                                                                                                                                                                                                                                                                                           ;
+-------------------------------------------------+-------------+---------------------------+---------------+-------------+------+--------------+---------+-----------+------+--------------+--------------+-------------------+------------------+----------------------------------------------------------------------------------------------------------------------------------------------------------------------------+-------------------+--------------+
; Compilation Hierarchy Node                      ; Logic Cells ; Dedicated Logic Registers ; I/O Registers ; Memory Bits ; M9Ks ; DSP Elements ; DSP 9x9 ; DSP 18x18 ; Pins ; Virtual Pins ; LUT-Only LCs ; Register-Only LCs ; LUT/Register LCs ; Full Hierarchy Name                                                                                                                                                        ; Entity Name       ; Library Name ;
+-------------------------------------------------+-------------+---------------------------+---------------+-------------+------+--------------+---------+-----------+------+--------------+--------------+-------------------+------------------+----------------------------------------------------------------------------------------------------------------------------------------------------------------------------+-------------------+--------------+
; |gemmArray                                      ; 1126 (10)   ; 734 (6)                   ; 0 (0)         ; 448         ; 5    ; 32           ; 0       ; 16        ; 234  ; 0            ; 392 (4)      ; 395 (0)           ; 339 (6)          ; |gemmArray                                                                                                                                                                 ; gemmArray         ; work         ;
;    |processingElement:gen_left[0].u_pe_left|    ; 281 (0)     ; 200 (0)                   ; 0 (0)         ; 64          ; 1    ; 8            ; 0       ; 4         ; 0    ; 0            ; 81 (0)       ; 166 (0)           ; 34 (0)           ; |gemmArray|processingElement:gen_left[0].u_pe_left                                                                                                                         ; processingElement ; work         ;
;       |dffMy:d1|                                ; 1 (1)       ; 1 (1)                     ; 0 (0)         ; 0           ; 0    ; 0            ; 0       ; 0         ; 0    ; 0            ; 0 (0)        ; 1 (1)             ; 0 (0)            ; |gemmArray|processingElement:gen_left[0].u_pe_left|dffMy:d1                                                                                                                ; dffMy             ; work         ;
;       |dffMy:d2|                                ; 1 (1)       ; 1 (1)                     ; 0 (0)         ; 0           ; 0    ; 0            ; 0       ; 0         ; 0    ; 0            ; 0 (0)        ; 1 (1)             ; 0 (0)            ; |gemmArray|processingElement:gen_left[0].u_pe_left|dffMy:d2                                                                                                                ; dffMy             ; work         ;
;       |mult:m1|                                 ; 79 (0)      ; 0 (0)                     ; 0 (0)         ; 0           ; 0    ; 8            ; 0       ; 4         ; 0    ; 0            ; 77 (0)       ; 0 (0)             ; 2 (0)            ; |gemmArray|processingElement:gen_left[0].u_pe_left|mult:m1                                                                                                                 ; mult              ; work         ;
;          |lpm_mult:Mult0|                       ; 79 (0)      ; 0 (0)                     ; 0 (0)         ; 0           ; 0    ; 8            ; 0       ; 4         ; 0    ; 0            ; 77 (0)       ; 0 (0)             ; 2 (0)            ; |gemmArray|processingElement:gen_left[0].u_pe_left|mult:m1|lpm_mult:Mult0                                                                                                  ; lpm_mult          ; work         ;
;             |mult_7dt:auto_generated|           ; 79 (79)     ; 0 (0)                     ; 0 (0)         ; 0           ; 0    ; 8            ; 0       ; 4         ; 0    ; 0            ; 77 (77)      ; 0 (0)             ; 2 (2)            ; |gemmArray|processingElement:gen_left[0].u_pe_left|mult:m1|lpm_mult:Mult0|mult_7dt:auto_generated                                                                          ; mult_7dt          ; work         ;
;       |orMux:or1|                               ; 32 (32)     ; 0 (0)                     ; 0 (0)         ; 0           ; 0    ; 0            ; 0       ; 0         ; 0    ; 0            ; 4 (4)        ; 0 (0)             ; 28 (28)          ; |gemmArray|processingElement:gen_left[0].u_pe_left|orMux:or1                                                                                                               ; orMux             ; work         ;
;       |regAcc:r6|                               ; 66 (66)     ; 66 (66)                   ; 0 (0)         ; 0           ; 0    ; 0            ; 0       ; 0         ; 0    ; 0            ; 0 (0)        ; 64 (64)           ; 2 (2)            ; |gemmArray|processingElement:gen_left[0].u_pe_left|regAcc:r6                                                                                                               ; regAcc            ; work         ;
;       |regChain:r1|                             ; 36 (0)      ; 36 (0)                    ; 0 (0)         ; 64          ; 1    ; 0            ; 0       ; 0         ; 0    ; 0            ; 0 (0)        ; 28 (0)            ; 8 (0)            ; |gemmArray|processingElement:gen_left[0].u_pe_left|regChain:r1                                                                                                             ; regChain          ; work         ;
;          |regX:gen_reg[0].u_reg|                ; 32 (32)     ; 32 (32)                   ; 0 (0)         ; 0           ; 0    ; 0            ; 0       ; 0         ; 0    ; 0            ; 0 (0)        ; 27 (27)           ; 5 (5)            ; |gemmArray|processingElement:gen_left[0].u_pe_left|regChain:r1|regX:gen_reg[0].u_reg                                                                                       ; regX              ; work         ;
;          |regX:gen_reg[1].u_reg|                ; 5 (0)       ; 4 (0)                     ; 0 (0)         ; 64          ; 1    ; 0            ; 0       ; 0         ; 0    ; 0            ; 0 (0)        ; 1 (0)             ; 4 (0)            ; |gemmArray|processingElement:gen_left[0].u_pe_left|regChain:r1|regX:gen_reg[1].u_reg                                                                                       ; regX              ; work         ;
;             |altshift_taps:q_out_rtl_0|         ; 5 (0)       ; 4 (0)                     ; 0 (0)         ; 64          ; 1    ; 0            ; 0       ; 0         ; 0    ; 0            ; 0 (0)        ; 1 (0)             ; 4 (0)            ; |gemmArray|processingElement:gen_left[0].u_pe_left|regChain:r1|regX:gen_reg[1].u_reg|altshift_taps:q_out_rtl_0                                                             ; altshift_taps     ; work         ;
;                |shift_taps_dkm:auto_generated|  ; 5 (1)       ; 4 (1)                     ; 0 (0)         ; 64          ; 1    ; 0            ; 0       ; 0         ; 0    ; 0            ; 0 (0)        ; 1 (1)             ; 4 (0)            ; |gemmArray|processingElement:gen_left[0].u_pe_left|regChain:r1|regX:gen_reg[1].u_reg|altshift_taps:q_out_rtl_0|shift_taps_dkm:auto_generated                               ; shift_taps_dkm    ; work         ;
;                   |altsyncram_o1b1:altsyncram2| ; 0 (0)       ; 0 (0)                     ; 0 (0)         ; 64          ; 1    ; 0            ; 0       ; 0         ; 0    ; 0            ; 0 (0)        ; 0 (0)             ; 0 (0)            ; |gemmArray|processingElement:gen_left[0].u_pe_left|regChain:r1|regX:gen_reg[1].u_reg|altshift_taps:q_out_rtl_0|shift_taps_dkm:auto_generated|altsyncram_o1b1:altsyncram2   ; altsyncram_o1b1   ; work         ;
;                   |cntr_4pf:cntr1|              ; 1 (1)       ; 1 (1)                     ; 0 (0)         ; 0           ; 0    ; 0            ; 0       ; 0         ; 0    ; 0            ; 0 (0)        ; 0 (0)             ; 1 (1)            ; |gemmArray|processingElement:gen_left[0].u_pe_left|regChain:r1|regX:gen_reg[1].u_reg|altshift_taps:q_out_rtl_0|shift_taps_dkm:auto_generated|cntr_4pf:cntr1                ; cntr_4pf          ; work         ;
;                   |cntr_r8h:cntr3|              ; 3 (3)       ; 2 (2)                     ; 0 (0)         ; 0           ; 0    ; 0            ; 0       ; 0         ; 0    ; 0            ; 0 (0)        ; 0 (0)             ; 3 (3)            ; |gemmArray|processingElement:gen_left[0].u_pe_left|regChain:r1|regX:gen_reg[1].u_reg|altshift_taps:q_out_rtl_0|shift_taps_dkm:auto_generated|cntr_r8h:cntr3                ; cntr_r8h          ; work         ;
;       |regChain:r34|                            ; 64 (0)      ; 64 (0)                    ; 0 (0)         ; 0           ; 0    ; 0            ; 0       ; 0         ; 0    ; 0            ; 0 (0)        ; 64 (0)            ; 0 (0)            ; |gemmArray|processingElement:gen_left[0].u_pe_left|regChain:r34                                                                                                            ; regChain          ; work         ;
;          |regX:gen_reg[0].u_reg|                ; 32 (32)     ; 32 (32)                   ; 0 (0)         ; 0           ; 0    ; 0            ; 0       ; 0         ; 0    ; 0            ; 0 (0)        ; 32 (32)           ; 0 (0)            ; |gemmArray|processingElement:gen_left[0].u_pe_left|regChain:r34|regX:gen_reg[0].u_reg                                                                                      ; regX              ; work         ;
;          |regX:gen_reg[1].u_reg|                ; 32 (32)     ; 32 (32)                   ; 0 (0)         ; 0           ; 0    ; 0            ; 0       ; 0         ; 0    ; 0            ; 0 (0)        ; 32 (32)           ; 0 (0)            ; |gemmArray|processingElement:gen_left[0].u_pe_left|regChain:r34|regX:gen_reg[1].u_reg                                                                                      ; regX              ; work         ;
;       |regX:r2_1|                               ; 32 (32)     ; 32 (32)                   ; 0 (0)         ; 0           ; 0    ; 0            ; 0       ; 0         ; 0    ; 0            ; 0 (0)        ; 8 (8)             ; 24 (24)          ; |gemmArray|processingElement:gen_left[0].u_pe_left|regX:r2_1                                                                                                               ; regX              ; work         ;
;    |processingElement:gen_left[1].u_pe_left|    ; 246 (0)     ; 164 (0)                   ; 0 (0)         ; 0           ; 0    ; 8            ; 0       ; 4         ; 0    ; 0            ; 82 (0)       ; 69 (0)            ; 95 (0)           ; |gemmArray|processingElement:gen_left[1].u_pe_left                                                                                                                         ; processingElement ; work         ;
;       |dffMy:d1|                                ; 1 (1)       ; 1 (1)                     ; 0 (0)         ; 0           ; 0    ; 0            ; 0       ; 0         ; 0    ; 0            ; 0 (0)        ; 1 (1)             ; 0 (0)            ; |gemmArray|processingElement:gen_left[1].u_pe_left|dffMy:d1                                                                                                                ; dffMy             ; work         ;
;       |dffMy:d2|                                ; 1 (1)       ; 1 (1)                     ; 0 (0)         ; 0           ; 0    ; 0            ; 0       ; 0         ; 0    ; 0            ; 0 (0)        ; 1 (1)             ; 0 (0)            ; |gemmArray|processingElement:gen_left[1].u_pe_left|dffMy:d2                                                                                                                ; dffMy             ; work         ;
;       |mult:m1|                                 ; 79 (0)      ; 0 (0)                     ; 0 (0)         ; 0           ; 0    ; 8            ; 0       ; 4         ; 0    ; 0            ; 79 (0)       ; 0 (0)             ; 0 (0)            ; |gemmArray|processingElement:gen_left[1].u_pe_left|mult:m1                                                                                                                 ; mult              ; work         ;
;          |lpm_mult:Mult0|                       ; 79 (0)      ; 0 (0)                     ; 0 (0)         ; 0           ; 0    ; 8            ; 0       ; 4         ; 0    ; 0            ; 79 (0)       ; 0 (0)             ; 0 (0)            ; |gemmArray|processingElement:gen_left[1].u_pe_left|mult:m1|lpm_mult:Mult0                                                                                                  ; lpm_mult          ; work         ;
;             |mult_7dt:auto_generated|           ; 79 (79)     ; 0 (0)                     ; 0 (0)         ; 0           ; 0    ; 8            ; 0       ; 4         ; 0    ; 0            ; 79 (79)      ; 0 (0)             ; 0 (0)            ; |gemmArray|processingElement:gen_left[1].u_pe_left|mult:m1|lpm_mult:Mult0|mult_7dt:auto_generated                                                                          ; mult_7dt          ; work         ;
;       |orMux:or1|                               ; 32 (32)     ; 0 (0)                     ; 0 (0)         ; 0           ; 0    ; 0            ; 0       ; 0         ; 0    ; 0            ; 3 (3)        ; 0 (0)             ; 29 (29)          ; |gemmArray|processingElement:gen_left[1].u_pe_left|orMux:or1                                                                                                               ; orMux             ; work         ;
;       |regAcc:r6|                               ; 66 (66)     ; 66 (66)                   ; 0 (0)         ; 0           ; 0    ; 0            ; 0       ; 0         ; 0    ; 0            ; 0 (0)        ; 0 (0)             ; 66 (66)          ; |gemmArray|processingElement:gen_left[1].u_pe_left|regAcc:r6                                                                                                               ; regAcc            ; work         ;
;       |regChain:r34|                            ; 64 (0)      ; 64 (0)                    ; 0 (0)         ; 0           ; 0    ; 0            ; 0       ; 0         ; 0    ; 0            ; 0 (0)        ; 64 (0)            ; 0 (0)            ; |gemmArray|processingElement:gen_left[1].u_pe_left|regChain:r34                                                                                                            ; regChain          ; work         ;
;          |regX:gen_reg[0].u_reg|                ; 32 (32)     ; 32 (32)                   ; 0 (0)         ; 0           ; 0    ; 0            ; 0       ; 0         ; 0    ; 0            ; 0 (0)        ; 32 (32)           ; 0 (0)            ; |gemmArray|processingElement:gen_left[1].u_pe_left|regChain:r34|regX:gen_reg[0].u_reg                                                                                      ; regX              ; work         ;
;          |regX:gen_reg[1].u_reg|                ; 32 (32)     ; 32 (32)                   ; 0 (0)         ; 0           ; 0    ; 0            ; 0       ; 0         ; 0    ; 0            ; 0 (0)        ; 32 (32)           ; 0 (0)            ; |gemmArray|processingElement:gen_left[1].u_pe_left|regChain:r34|regX:gen_reg[1].u_reg                                                                                      ; regX              ; work         ;
;       |regX:r2_1|                               ; 32 (32)     ; 32 (32)                   ; 0 (0)         ; 0           ; 0    ; 0            ; 0       ; 0         ; 0    ; 0            ; 0 (0)        ; 3 (3)             ; 29 (29)          ; |gemmArray|processingElement:gen_left[1].u_pe_left|regX:r2_1                                                                                                               ; regX              ; work         ;
;    |processingElement:gen_right[2].u_pe_right|  ; 258 (0)     ; 164 (0)                   ; 0 (0)         ; 0           ; 0    ; 8            ; 0       ; 4         ; 0    ; 0            ; 75 (0)       ; 80 (0)            ; 103 (0)          ; |gemmArray|processingElement:gen_right[2].u_pe_right                                                                                                                       ; processingElement ; work         ;
;       |dffMy:d1|                                ; 1 (1)       ; 1 (1)                     ; 0 (0)         ; 0           ; 0    ; 0            ; 0       ; 0         ; 0    ; 0            ; 0 (0)        ; 1 (1)             ; 0 (0)            ; |gemmArray|processingElement:gen_right[2].u_pe_right|dffMy:d1                                                                                                              ; dffMy             ; work         ;
;       |dffMy:d2|                                ; 1 (1)       ; 1 (1)                     ; 0 (0)         ; 0           ; 0    ; 0            ; 0       ; 0         ; 0    ; 0            ; 0 (0)        ; 1 (1)             ; 0 (0)            ; |gemmArray|processingElement:gen_right[2].u_pe_right|dffMy:d2                                                                                                              ; dffMy             ; work         ;
;       |mult:m1|                                 ; 79 (0)      ; 0 (0)                     ; 0 (0)         ; 0           ; 0    ; 8            ; 0       ; 4         ; 0    ; 0            ; 74 (0)       ; 0 (0)             ; 5 (0)            ; |gemmArray|processingElement:gen_right[2].u_pe_right|mult:m1                                                                                                               ; mult              ; work         ;
;          |lpm_mult:Mult0|                       ; 79 (0)      ; 0 (0)                     ; 0 (0)         ; 0           ; 0    ; 8            ; 0       ; 4         ; 0    ; 0            ; 74 (0)       ; 0 (0)             ; 5 (0)            ; |gemmArray|processingElement:gen_right[2].u_pe_right|mult:m1|lpm_mult:Mult0                                                                                                ; lpm_mult          ; work         ;
;             |mult_7dt:auto_generated|           ; 79 (79)     ; 0 (0)                     ; 0 (0)         ; 0           ; 0    ; 8            ; 0       ; 4         ; 0    ; 0            ; 74 (74)      ; 0 (0)             ; 5 (5)            ; |gemmArray|processingElement:gen_right[2].u_pe_right|mult:m1|lpm_mult:Mult0|mult_7dt:auto_generated                                                                        ; mult_7dt          ; work         ;
;       |orMux:or1|                               ; 32 (32)     ; 0 (0)                     ; 0 (0)         ; 0           ; 0    ; 0            ; 0       ; 0         ; 0    ; 0            ; 1 (1)        ; 0 (0)             ; 31 (31)          ; |gemmArray|processingElement:gen_right[2].u_pe_right|orMux:or1                                                                                                             ; orMux             ; work         ;
;       |regAcc:r6|                               ; 66 (66)     ; 66 (66)                   ; 0 (0)         ; 0           ; 0    ; 0            ; 0       ; 0         ; 0    ; 0            ; 0 (0)        ; 0 (0)             ; 66 (66)          ; |gemmArray|processingElement:gen_right[2].u_pe_right|regAcc:r6                                                                                                             ; regAcc            ; work         ;
;       |regChain:r34|                            ; 64 (0)      ; 64 (0)                    ; 0 (0)         ; 0           ; 0    ; 0            ; 0       ; 0         ; 0    ; 0            ; 0 (0)        ; 64 (0)            ; 0 (0)            ; |gemmArray|processingElement:gen_right[2].u_pe_right|regChain:r34                                                                                                          ; regChain          ; work         ;
;          |regX:gen_reg[0].u_reg|                ; 32 (32)     ; 32 (32)                   ; 0 (0)         ; 0           ; 0    ; 0            ; 0       ; 0         ; 0    ; 0            ; 0 (0)        ; 32 (32)           ; 0 (0)            ; |gemmArray|processingElement:gen_right[2].u_pe_right|regChain:r34|regX:gen_reg[0].u_reg                                                                                    ; regX              ; work         ;
;          |regX:gen_reg[1].u_reg|                ; 32 (32)     ; 32 (32)                   ; 0 (0)         ; 0           ; 0    ; 0            ; 0       ; 0         ; 0    ; 0            ; 0 (0)        ; 32 (32)           ; 0 (0)            ; |gemmArray|processingElement:gen_right[2].u_pe_right|regChain:r34|regX:gen_reg[1].u_reg                                                                                    ; regX              ; work         ;
;       |regX:r2_1|                               ; 32 (32)     ; 32 (32)                   ; 0 (0)         ; 0           ; 0    ; 0            ; 0       ; 0         ; 0    ; 0            ; 0 (0)        ; 14 (14)           ; 18 (18)          ; |gemmArray|processingElement:gen_right[2].u_pe_right|regX:r2_1                                                                                                             ; regX              ; work         ;
;    |processingElement:gen_right[3].u_pe_right|  ; 351 (0)     ; 200 (0)                   ; 0 (0)         ; 384         ; 4    ; 8            ; 0       ; 4         ; 0    ; 0            ; 150 (0)      ; 80 (0)            ; 121 (0)          ; |gemmArray|processingElement:gen_right[3].u_pe_right                                                                                                                       ; processingElement ; work         ;
;       |mult:m1|                                 ; 79 (0)      ; 0 (0)                     ; 0 (0)         ; 0           ; 0    ; 8            ; 0       ; 4         ; 0    ; 0            ; 79 (0)       ; 0 (0)             ; 0 (0)            ; |gemmArray|processingElement:gen_right[3].u_pe_right|mult:m1                                                                                                               ; mult              ; work         ;
;          |lpm_mult:Mult0|                       ; 79 (0)      ; 0 (0)                     ; 0 (0)         ; 0           ; 0    ; 8            ; 0       ; 4         ; 0    ; 0            ; 79 (0)       ; 0 (0)             ; 0 (0)            ; |gemmArray|processingElement:gen_right[3].u_pe_right|mult:m1|lpm_mult:Mult0                                                                                                ; lpm_mult          ; work         ;
;             |mult_7dt:auto_generated|           ; 79 (79)     ; 0 (0)                     ; 0 (0)         ; 0           ; 0    ; 8            ; 0       ; 4         ; 0    ; 0            ; 79 (79)      ; 0 (0)             ; 0 (0)            ; |gemmArray|processingElement:gen_right[3].u_pe_right|mult:m1|lpm_mult:Mult0|mult_7dt:auto_generated                                                                        ; mult_7dt          ; work         ;
;       |orMux:or1|                               ; 32 (32)     ; 0 (0)                     ; 0 (0)         ; 0           ; 0    ; 0            ; 0       ; 0         ; 0    ; 0            ; 0 (0)        ; 0 (0)             ; 32 (32)          ; |gemmArray|processingElement:gen_right[3].u_pe_right|orMux:or1                                                                                                             ; orMux             ; work         ;
;       |regAcc:r6|                               ; 66 (66)     ; 66 (66)                   ; 0 (0)         ; 0           ; 0    ; 0            ; 0       ; 0         ; 0    ; 0            ; 0 (0)        ; 0 (0)             ; 66 (66)          ; |gemmArray|processingElement:gen_right[3].u_pe_right|regAcc:r6                                                                                                             ; regAcc            ; work         ;
;       |regChain:r1|                             ; 96 (0)      ; 96 (0)                    ; 0 (0)         ; 0           ; 0    ; 0            ; 0       ; 0         ; 0    ; 0            ; 0 (0)        ; 76 (0)            ; 20 (0)           ; |gemmArray|processingElement:gen_right[3].u_pe_right|regChain:r1                                                                                                           ; regChain          ; work         ;
;          |regX:gen_reg[0].u_reg|                ; 32 (32)     ; 32 (32)                   ; 0 (0)         ; 0           ; 0    ; 0            ; 0       ; 0         ; 0    ; 0            ; 0 (0)        ; 31 (31)           ; 1 (1)            ; |gemmArray|processingElement:gen_right[3].u_pe_right|regChain:r1|regX:gen_reg[0].u_reg                                                                                     ; regX              ; work         ;
;          |regX:gen_reg[1].u_reg|                ; 32 (32)     ; 32 (32)                   ; 0 (0)         ; 0           ; 0    ; 0            ; 0       ; 0         ; 0    ; 0            ; 0 (0)        ; 30 (30)           ; 2 (2)            ; |gemmArray|processingElement:gen_right[3].u_pe_right|regChain:r1|regX:gen_reg[1].u_reg                                                                                     ; regX              ; work         ;
;          |regX:gen_reg[2].u_reg|                ; 32 (32)     ; 32 (32)                   ; 0 (0)         ; 0           ; 0    ; 0            ; 0       ; 0         ; 0    ; 0            ; 0 (0)        ; 15 (15)           ; 17 (17)          ; |gemmArray|processingElement:gen_right[3].u_pe_right|regChain:r1|regX:gen_reg[2].u_reg                                                                                     ; regX              ; work         ;
;       |regChain:r2|                             ; 11 (0)      ; 6 (0)                     ; 0 (0)         ; 384         ; 4    ; 0            ; 0       ; 0         ; 0    ; 0            ; 5 (0)        ; 2 (0)             ; 4 (0)            ; |gemmArray|processingElement:gen_right[3].u_pe_right|regChain:r2                                                                                                           ; regChain          ; work         ;
;          |regX:gen_reg[0].u_reg|                ; 11 (0)      ; 6 (0)                     ; 0 (0)         ; 384         ; 4    ; 0            ; 0       ; 0         ; 0    ; 0            ; 5 (0)        ; 2 (0)             ; 4 (0)            ; |gemmArray|processingElement:gen_right[3].u_pe_right|regChain:r2|regX:gen_reg[0].u_reg                                                                                     ; regX              ; work         ;
;             |altshift_taps:q_out_rtl_0|         ; 11 (0)      ; 6 (0)                     ; 0 (0)         ; 384         ; 4    ; 0            ; 0       ; 0         ; 0    ; 0            ; 5 (0)        ; 2 (0)             ; 4 (0)            ; |gemmArray|processingElement:gen_right[3].u_pe_right|regChain:r2|regX:gen_reg[0].u_reg|altshift_taps:q_out_rtl_0                                                           ; altshift_taps     ; work         ;
;                |shift_taps_2mm:auto_generated|  ; 11 (4)      ; 6 (3)                     ; 0 (0)         ; 384         ; 4    ; 0            ; 0       ; 0         ; 0    ; 0            ; 5 (1)        ; 2 (2)             ; 4 (1)            ; |gemmArray|processingElement:gen_right[3].u_pe_right|regChain:r2|regX:gen_reg[0].u_reg|altshift_taps:q_out_rtl_0|shift_taps_2mm:auto_generated                             ; shift_taps_2mm    ; work         ;
;                   |altsyncram_9c61:altsyncram4| ; 0 (0)       ; 0 (0)                     ; 0 (0)         ; 384         ; 4    ; 0            ; 0       ; 0         ; 0    ; 0            ; 0 (0)        ; 0 (0)             ; 0 (0)            ; |gemmArray|processingElement:gen_right[3].u_pe_right|regChain:r2|regX:gen_reg[0].u_reg|altshift_taps:q_out_rtl_0|shift_taps_2mm:auto_generated|altsyncram_9c61:altsyncram4 ; altsyncram_9c61   ; work         ;
;                   |cntr_6pf:cntr1|              ; 5 (5)       ; 2 (2)                     ; 0 (0)         ; 0           ; 0    ; 0            ; 0       ; 0         ; 0    ; 0            ; 3 (3)        ; 0 (0)             ; 2 (2)            ; |gemmArray|processingElement:gen_right[3].u_pe_right|regChain:r2|regX:gen_reg[0].u_reg|altshift_taps:q_out_rtl_0|shift_taps_2mm:auto_generated|cntr_6pf:cntr1              ; cntr_6pf          ; work         ;
;                   |cntr_p8h:cntr5|              ; 2 (2)       ; 1 (1)                     ; 0 (0)         ; 0           ; 0    ; 0            ; 0       ; 0         ; 0    ; 0            ; 1 (1)        ; 0 (0)             ; 1 (1)            ; |gemmArray|processingElement:gen_right[3].u_pe_right|regChain:r2|regX:gen_reg[0].u_reg|altshift_taps:q_out_rtl_0|shift_taps_2mm:auto_generated|cntr_p8h:cntr5              ; cntr_p8h          ; work         ;
;       |regX:r2_1|                               ; 32 (32)     ; 32 (32)                   ; 0 (0)         ; 0           ; 0    ; 0            ; 0       ; 0         ; 0    ; 0            ; 0 (0)        ; 2 (2)             ; 30 (30)          ; |gemmArray|processingElement:gen_right[3].u_pe_right|regX:r2_1                                                                                                             ; regX              ; work         ;
;       |sumAcc:s1|                               ; 66 (66)     ; 0 (0)                     ; 0 (0)         ; 0           ; 0    ; 0            ; 0       ; 0         ; 0    ; 0            ; 66 (66)      ; 0 (0)             ; 0 (0)            ; |gemmArray|processingElement:gen_right[3].u_pe_right|sumAcc:s1                                                                                                             ; sumAcc            ; work         ;
+-------------------------------------------------+-------------+---------------------------+---------------+-------------+------+--------------+---------+-----------+------+--------------+--------------+-------------------+------------------+----------------------------------------------------------------------------------------------------------------------------------------------------------------------------+-------------------+--------------+
Note: For table entries with two numbers listed, the numbers in parentheses indicate the number of resources of the given type used by the specific entity alone. The numbers listed outside of parentheses indicate the total resources of the given type used by the specific entity and all of its sub-entities in the hierarchy.


+--------------------------------------------------------------------------------------------+
; Delay Chain Summary                                                                        ;
+------------+----------+---------------+---------------+-----------------------+-----+------+
; Name       ; Pin Type ; Pad to Core 0 ; Pad to Core 1 ; Pad to Input Register ; TCO ; TCOE ;
+------------+----------+---------------+---------------+-----------------------+-----+------+
; c_out[0]   ; Output   ; --            ; --            ; --                    ; --  ; --   ;
; c_out[1]   ; Output   ; --            ; --            ; --                    ; --  ; --   ;
; c_out[2]   ; Output   ; --            ; --            ; --                    ; --  ; --   ;
; c_out[3]   ; Output   ; --            ; --            ; --                    ; --  ; --   ;
; c_out[4]   ; Output   ; --            ; --            ; --                    ; --  ; --   ;
; c_out[5]   ; Output   ; --            ; --            ; --                    ; --  ; --   ;
; c_out[6]   ; Output   ; --            ; --            ; --                    ; --  ; --   ;
; c_out[7]   ; Output   ; --            ; --            ; --                    ; --  ; --   ;
; c_out[8]   ; Output   ; --            ; --            ; --                    ; --  ; --   ;
; c_out[9]   ; Output   ; --            ; --            ; --                    ; --  ; --   ;
; c_out[10]  ; Output   ; --            ; --            ; --                    ; --  ; --   ;
; c_out[11]  ; Output   ; --            ; --            ; --                    ; --  ; --   ;
; c_out[12]  ; Output   ; --            ; --            ; --                    ; --  ; --   ;
; c_out[13]  ; Output   ; --            ; --            ; --                    ; --  ; --   ;
; c_out[14]  ; Output   ; --            ; --            ; --                    ; --  ; --   ;
; c_out[15]  ; Output   ; --            ; --            ; --                    ; --  ; --   ;
; c_out[16]  ; Output   ; --            ; --            ; --                    ; --  ; --   ;
; c_out[17]  ; Output   ; --            ; --            ; --                    ; --  ; --   ;
; c_out[18]  ; Output   ; --            ; --            ; --                    ; --  ; --   ;
; c_out[19]  ; Output   ; --            ; --            ; --                    ; --  ; --   ;
; c_out[20]  ; Output   ; --            ; --            ; --                    ; --  ; --   ;
; c_out[21]  ; Output   ; --            ; --            ; --                    ; --  ; --   ;
; c_out[22]  ; Output   ; --            ; --            ; --                    ; --  ; --   ;
; c_out[23]  ; Output   ; --            ; --            ; --                    ; --  ; --   ;
; c_out[24]  ; Output   ; --            ; --            ; --                    ; --  ; --   ;
; c_out[25]  ; Output   ; --            ; --            ; --                    ; --  ; --   ;
; c_out[26]  ; Output   ; --            ; --            ; --                    ; --  ; --   ;
; c_out[27]  ; Output   ; --            ; --            ; --                    ; --  ; --   ;
; c_out[28]  ; Output   ; --            ; --            ; --                    ; --  ; --   ;
; c_out[29]  ; Output   ; --            ; --            ; --                    ; --  ; --   ;
; c_out[30]  ; Output   ; --            ; --            ; --                    ; --  ; --   ;
; c_out[31]  ; Output   ; --            ; --            ; --                    ; --  ; --   ;
; c_out[32]  ; Output   ; --            ; --            ; --                    ; --  ; --   ;
; c_out[33]  ; Output   ; --            ; --            ; --                    ; --  ; --   ;
; c_out[34]  ; Output   ; --            ; --            ; --                    ; --  ; --   ;
; c_out[35]  ; Output   ; --            ; --            ; --                    ; --  ; --   ;
; c_out[36]  ; Output   ; --            ; --            ; --                    ; --  ; --   ;
; c_out[37]  ; Output   ; --            ; --            ; --                    ; --  ; --   ;
; c_out[38]  ; Output   ; --            ; --            ; --                    ; --  ; --   ;
; c_out[39]  ; Output   ; --            ; --            ; --                    ; --  ; --   ;
; c_out[40]  ; Output   ; --            ; --            ; --                    ; --  ; --   ;
; c_out[41]  ; Output   ; --            ; --            ; --                    ; --  ; --   ;
; c_out[42]  ; Output   ; --            ; --            ; --                    ; --  ; --   ;
; c_out[43]  ; Output   ; --            ; --            ; --                    ; --  ; --   ;
; c_out[44]  ; Output   ; --            ; --            ; --                    ; --  ; --   ;
; c_out[45]  ; Output   ; --            ; --            ; --                    ; --  ; --   ;
; c_out[46]  ; Output   ; --            ; --            ; --                    ; --  ; --   ;
; c_out[47]  ; Output   ; --            ; --            ; --                    ; --  ; --   ;
; c_out[48]  ; Output   ; --            ; --            ; --                    ; --  ; --   ;
; c_out[49]  ; Output   ; --            ; --            ; --                    ; --  ; --   ;
; c_out[50]  ; Output   ; --            ; --            ; --                    ; --  ; --   ;
; c_out[51]  ; Output   ; --            ; --            ; --                    ; --  ; --   ;
; c_out[52]  ; Output   ; --            ; --            ; --                    ; --  ; --   ;
; c_out[53]  ; Output   ; --            ; --            ; --                    ; --  ; --   ;
; c_out[54]  ; Output   ; --            ; --            ; --                    ; --  ; --   ;
; c_out[55]  ; Output   ; --            ; --            ; --                    ; --  ; --   ;
; c_out[56]  ; Output   ; --            ; --            ; --                    ; --  ; --   ;
; c_out[57]  ; Output   ; --            ; --            ; --                    ; --  ; --   ;
; c_out[58]  ; Output   ; --            ; --            ; --                    ; --  ; --   ;
; c_out[59]  ; Output   ; --            ; --            ; --                    ; --  ; --   ;
; c_out[60]  ; Output   ; --            ; --            ; --                    ; --  ; --   ;
; c_out[61]  ; Output   ; --            ; --            ; --                    ; --  ; --   ;
; c_out[62]  ; Output   ; --            ; --            ; --                    ; --  ; --   ;
; c_out[63]  ; Output   ; --            ; --            ; --                    ; --  ; --   ;
; c_out[64]  ; Output   ; --            ; --            ; --                    ; --  ; --   ;
; c_out[65]  ; Output   ; --            ; --            ; --                    ; --  ; --   ;
; valid      ; Output   ; --            ; --            ; --                    ; --  ; --   ;
; done       ; Output   ; --            ; --            ; --                    ; --  ; --   ;
; clk        ; Input    ; (0) 0 ps      ; --            ; --                    ; --  ; --   ;
; reset      ; Input    ; (0) 0 ps      ; --            ; --                    ; --  ; --   ;
; b_in_3[0]  ; Input    ; --            ; (6) 1314 ps   ; --                    ; --  ; --   ;
; b_in_3[1]  ; Input    ; (6) 1314 ps   ; --            ; --                    ; --  ; --   ;
; b_in_3[2]  ; Input    ; (6) 1314 ps   ; --            ; --                    ; --  ; --   ;
; b_in_3[3]  ; Input    ; --            ; (6) 1314 ps   ; --                    ; --  ; --   ;
; b_in_3[4]  ; Input    ; (6) 1314 ps   ; --            ; --                    ; --  ; --   ;
; b_in_3[5]  ; Input    ; --            ; (6) 1314 ps   ; --                    ; --  ; --   ;
; b_in_3[6]  ; Input    ; (6) 1314 ps   ; --            ; --                    ; --  ; --   ;
; b_in_3[7]  ; Input    ; --            ; (6) 1314 ps   ; --                    ; --  ; --   ;
; b_in_3[8]  ; Input    ; --            ; (6) 1314 ps   ; --                    ; --  ; --   ;
; b_in_3[9]  ; Input    ; --            ; (6) 1314 ps   ; --                    ; --  ; --   ;
; b_in_3[10] ; Input    ; --            ; (6) 1314 ps   ; --                    ; --  ; --   ;
; b_in_3[11] ; Input    ; (6) 1314 ps   ; --            ; --                    ; --  ; --   ;
; b_in_3[12] ; Input    ; (6) 1314 ps   ; --            ; --                    ; --  ; --   ;
; b_in_3[13] ; Input    ; --            ; (6) 1314 ps   ; --                    ; --  ; --   ;
; b_in_3[14] ; Input    ; (6) 1314 ps   ; --            ; --                    ; --  ; --   ;
; b_in_3[15] ; Input    ; (6) 1314 ps   ; --            ; --                    ; --  ; --   ;
; b_in_3[16] ; Input    ; (6) 1314 ps   ; --            ; --                    ; --  ; --   ;
; b_in_3[17] ; Input    ; --            ; (6) 1314 ps   ; --                    ; --  ; --   ;
; b_in_3[18] ; Input    ; --            ; (6) 1314 ps   ; --                    ; --  ; --   ;
; b_in_3[19] ; Input    ; (6) 1314 ps   ; --            ; --                    ; --  ; --   ;
; b_in_3[20] ; Input    ; (6) 1314 ps   ; --            ; --                    ; --  ; --   ;
; b_in_3[21] ; Input    ; --            ; (6) 1314 ps   ; --                    ; --  ; --   ;
; b_in_3[22] ; Input    ; --            ; (6) 1314 ps   ; --                    ; --  ; --   ;
; b_in_3[23] ; Input    ; --            ; (6) 1314 ps   ; --                    ; --  ; --   ;
; b_in_3[24] ; Input    ; (6) 1314 ps   ; --            ; --                    ; --  ; --   ;
; b_in_3[25] ; Input    ; (6) 1314 ps   ; --            ; --                    ; --  ; --   ;
; b_in_3[26] ; Input    ; (6) 1314 ps   ; --            ; --                    ; --  ; --   ;
; b_in_3[27] ; Input    ; (6) 1314 ps   ; --            ; --                    ; --  ; --   ;
; b_in_3[28] ; Input    ; (6) 1314 ps   ; --            ; --                    ; --  ; --   ;
; b_in_3[29] ; Input    ; --            ; (6) 1314 ps   ; --                    ; --  ; --   ;
; b_in_3[30] ; Input    ; (6) 1314 ps   ; --            ; --                    ; --  ; --   ;
; b_in_3[31] ; Input    ; (6) 1314 ps   ; --            ; --                    ; --  ; --   ;
; c_in[0]    ; Input    ; --            ; (6) 1314 ps   ; --                    ; --  ; --   ;
; c_in[1]    ; Input    ; --            ; (6) 1314 ps   ; --                    ; --  ; --   ;
; c_in[2]    ; Input    ; (6) 1314 ps   ; --            ; --                    ; --  ; --   ;
; c_in[3]    ; Input    ; --            ; (6) 1314 ps   ; --                    ; --  ; --   ;
; c_in[4]    ; Input    ; (6) 1314 ps   ; --            ; --                    ; --  ; --   ;
; c_in[5]    ; Input    ; (6) 1314 ps   ; --            ; --                    ; --  ; --   ;
; c_in[6]    ; Input    ; --            ; (6) 1314 ps   ; --                    ; --  ; --   ;
; c_in[7]    ; Input    ; (6) 1314 ps   ; --            ; --                    ; --  ; --   ;
; c_in[8]    ; Input    ; --            ; (6) 1314 ps   ; --                    ; --  ; --   ;
; c_in[9]    ; Input    ; --            ; (6) 1314 ps   ; --                    ; --  ; --   ;
; c_in[10]   ; Input    ; (0) 0 ps      ; --            ; --                    ; --  ; --   ;
; c_in[11]   ; Input    ; (0) 0 ps      ; --            ; --                    ; --  ; --   ;
; c_in[12]   ; Input    ; --            ; (6) 1314 ps   ; --                    ; --  ; --   ;
; c_in[13]   ; Input    ; (6) 1314 ps   ; --            ; --                    ; --  ; --   ;
; c_in[14]   ; Input    ; (6) 1314 ps   ; --            ; --                    ; --  ; --   ;
; c_in[15]   ; Input    ; --            ; (6) 1314 ps   ; --                    ; --  ; --   ;
; c_in[16]   ; Input    ; (6) 1314 ps   ; --            ; --                    ; --  ; --   ;
; c_in[17]   ; Input    ; --            ; (6) 1314 ps   ; --                    ; --  ; --   ;
; c_in[18]   ; Input    ; --            ; (6) 1314 ps   ; --                    ; --  ; --   ;
; c_in[19]   ; Input    ; --            ; (6) 1314 ps   ; --                    ; --  ; --   ;
; c_in[20]   ; Input    ; (6) 1314 ps   ; --            ; --                    ; --  ; --   ;
; c_in[21]   ; Input    ; (6) 1314 ps   ; --            ; --                    ; --  ; --   ;
; c_in[22]   ; Input    ; --            ; (6) 1314 ps   ; --                    ; --  ; --   ;
; c_in[23]   ; Input    ; (6) 1314 ps   ; --            ; --                    ; --  ; --   ;
; c_in[24]   ; Input    ; (6) 1314 ps   ; --            ; --                    ; --  ; --   ;
; c_in[25]   ; Input    ; (6) 1314 ps   ; --            ; --                    ; --  ; --   ;
; c_in[26]   ; Input    ; --            ; (6) 1314 ps   ; --                    ; --  ; --   ;
; c_in[27]   ; Input    ; --            ; (6) 1314 ps   ; --                    ; --  ; --   ;
; c_in[28]   ; Input    ; --            ; (6) 1314 ps   ; --                    ; --  ; --   ;
; c_in[29]   ; Input    ; (6) 1314 ps   ; --            ; --                    ; --  ; --   ;
; c_in[30]   ; Input    ; --            ; (6) 1314 ps   ; --                    ; --  ; --   ;
; c_in[31]   ; Input    ; (6) 1314 ps   ; --            ; --                    ; --  ; --   ;
; c_in[32]   ; Input    ; (6) 1314 ps   ; --            ; --                    ; --  ; --   ;
; c_in[33]   ; Input    ; (6) 1314 ps   ; --            ; --                    ; --  ; --   ;
; c_in[34]   ; Input    ; --            ; (6) 1314 ps   ; --                    ; --  ; --   ;
; c_in[35]   ; Input    ; --            ; (6) 1314 ps   ; --                    ; --  ; --   ;
; c_in[36]   ; Input    ; (6) 1314 ps   ; --            ; --                    ; --  ; --   ;
; c_in[37]   ; Input    ; --            ; (6) 1314 ps   ; --                    ; --  ; --   ;
; c_in[38]   ; Input    ; (6) 1314 ps   ; --            ; --                    ; --  ; --   ;
; c_in[39]   ; Input    ; --            ; (6) 1314 ps   ; --                    ; --  ; --   ;
; c_in[40]   ; Input    ; (6) 1314 ps   ; --            ; --                    ; --  ; --   ;
; c_in[41]   ; Input    ; --            ; (6) 1314 ps   ; --                    ; --  ; --   ;
; c_in[42]   ; Input    ; (6) 1314 ps   ; --            ; --                    ; --  ; --   ;
; c_in[43]   ; Input    ; --            ; (6) 1314 ps   ; --                    ; --  ; --   ;
; c_in[44]   ; Input    ; --            ; (6) 1314 ps   ; --                    ; --  ; --   ;
; c_in[45]   ; Input    ; --            ; (6) 1314 ps   ; --                    ; --  ; --   ;
; c_in[46]   ; Input    ; --            ; (6) 1314 ps   ; --                    ; --  ; --   ;
; c_in[47]   ; Input    ; (6) 1314 ps   ; --            ; --                    ; --  ; --   ;
; c_in[48]   ; Input    ; (6) 1314 ps   ; --            ; --                    ; --  ; --   ;
; c_in[49]   ; Input    ; (6) 1314 ps   ; --            ; --                    ; --  ; --   ;
; c_in[50]   ; Input    ; --            ; (6) 1314 ps   ; --                    ; --  ; --   ;
; c_in[51]   ; Input    ; --            ; (6) 1314 ps   ; --                    ; --  ; --   ;
; c_in[52]   ; Input    ; --            ; (6) 1314 ps   ; --                    ; --  ; --   ;
; c_in[53]   ; Input    ; --            ; (6) 1314 ps   ; --                    ; --  ; --   ;
; c_in[54]   ; Input    ; (6) 1314 ps   ; --            ; --                    ; --  ; --   ;
; c_in[55]   ; Input    ; (0) 0 ps      ; --            ; --                    ; --  ; --   ;
; c_in[56]   ; Input    ; (0) 0 ps      ; --            ; --                    ; --  ; --   ;
; c_in[57]   ; Input    ; --            ; (6) 1314 ps   ; --                    ; --  ; --   ;
; c_in[58]   ; Input    ; --            ; (6) 1314 ps   ; --                    ; --  ; --   ;
; c_in[59]   ; Input    ; (0) 0 ps      ; --            ; --                    ; --  ; --   ;
; c_in[60]   ; Input    ; (0) 0 ps      ; --            ; --                    ; --  ; --   ;
; c_in[61]   ; Input    ; (6) 1314 ps   ; --            ; --                    ; --  ; --   ;
; c_in[62]   ; Input    ; (6) 1314 ps   ; --            ; --                    ; --  ; --   ;
; c_in[63]   ; Input    ; (6) 1314 ps   ; --            ; --                    ; --  ; --   ;
; c_in[64]   ; Input    ; (6) 1314 ps   ; --            ; --                    ; --  ; --   ;
; c_in[65]   ; Input    ; (6) 1314 ps   ; --            ; --                    ; --  ; --   ;
; a_in[0]    ; Input    ; (6) 1314 ps   ; --            ; --                    ; --  ; --   ;
; beta       ; Input    ; (6) 1314 ps   ; --            ; --                    ; --  ; --   ;
; a_in[1]    ; Input    ; --            ; (6) 1314 ps   ; --                    ; --  ; --   ;
; a_in[2]    ; Input    ; (6) 1314 ps   ; --            ; --                    ; --  ; --   ;
; a_in[3]    ; Input    ; --            ; (6) 1314 ps   ; --                    ; --  ; --   ;
; a_in[4]    ; Input    ; --            ; (6) 1314 ps   ; --                    ; --  ; --   ;
; a_in[5]    ; Input    ; (6) 1314 ps   ; --            ; --                    ; --  ; --   ;
; a_in[6]    ; Input    ; (6) 1314 ps   ; --            ; --                    ; --  ; --   ;
; a_in[7]    ; Input    ; (6) 1314 ps   ; --            ; --                    ; --  ; --   ;
; a_in[8]    ; Input    ; (6) 1314 ps   ; --            ; --                    ; --  ; --   ;
; a_in[9]    ; Input    ; (6) 1314 ps   ; --            ; --                    ; --  ; --   ;
; a_in[10]   ; Input    ; --            ; (6) 1314 ps   ; --                    ; --  ; --   ;
; a_in[11]   ; Input    ; --            ; (6) 1314 ps   ; --                    ; --  ; --   ;
; a_in[12]   ; Input    ; (6) 1314 ps   ; --            ; --                    ; --  ; --   ;
; a_in[13]   ; Input    ; --            ; (6) 1314 ps   ; --                    ; --  ; --   ;
; a_in[14]   ; Input    ; --            ; (6) 1314 ps   ; --                    ; --  ; --   ;
; a_in[15]   ; Input    ; (6) 1314 ps   ; --            ; --                    ; --  ; --   ;
; a_in[16]   ; Input    ; --            ; (6) 1314 ps   ; --                    ; --  ; --   ;
; a_in[17]   ; Input    ; --            ; (6) 1314 ps   ; --                    ; --  ; --   ;
; b_in_1[0]  ; Input    ; (6) 1314 ps   ; --            ; --                    ; --  ; --   ;
; alpha      ; Input    ; --            ; (6) 1314 ps   ; --                    ; --  ; --   ;
; b_in_1[1]  ; Input    ; (6) 1314 ps   ; --            ; --                    ; --  ; --   ;
; b_in_1[2]  ; Input    ; (6) 1314 ps   ; --            ; --                    ; --  ; --   ;
; b_in_1[3]  ; Input    ; (6) 1314 ps   ; --            ; --                    ; --  ; --   ;
; b_in_1[4]  ; Input    ; --            ; (6) 1314 ps   ; --                    ; --  ; --   ;
; b_in_1[5]  ; Input    ; (6) 1314 ps   ; --            ; --                    ; --  ; --   ;
; b_in_1[6]  ; Input    ; (6) 1314 ps   ; --            ; --                    ; --  ; --   ;
; b_in_1[7]  ; Input    ; --            ; (6) 1314 ps   ; --                    ; --  ; --   ;
; b_in_1[8]  ; Input    ; --            ; (6) 1314 ps   ; --                    ; --  ; --   ;
; b_in_1[9]  ; Input    ; (6) 1314 ps   ; --            ; --                    ; --  ; --   ;
; b_in_1[10] ; Input    ; (6) 1314 ps   ; --            ; --                    ; --  ; --   ;
; b_in_1[11] ; Input    ; (6) 1314 ps   ; --            ; --                    ; --  ; --   ;
; b_in_1[12] ; Input    ; --            ; (6) 1314 ps   ; --                    ; --  ; --   ;
; b_in_1[13] ; Input    ; (6) 1314 ps   ; --            ; --                    ; --  ; --   ;
; b_in_1[14] ; Input    ; (6) 1314 ps   ; --            ; --                    ; --  ; --   ;
; b_in_1[15] ; Input    ; (0) 0 ps      ; --            ; --                    ; --  ; --   ;
; b_in_1[16] ; Input    ; (0) 0 ps      ; --            ; --                    ; --  ; --   ;
; b_in_1[17] ; Input    ; --            ; (6) 1314 ps   ; --                    ; --  ; --   ;
; b_in_1[18] ; Input    ; (6) 1314 ps   ; --            ; --                    ; --  ; --   ;
; b_in_1[19] ; Input    ; (6) 1314 ps   ; --            ; --                    ; --  ; --   ;
; b_in_1[20] ; Input    ; --            ; (6) 1314 ps   ; --                    ; --  ; --   ;
; b_in_1[21] ; Input    ; --            ; (6) 1314 ps   ; --                    ; --  ; --   ;
; b_in_1[22] ; Input    ; --            ; (6) 1314 ps   ; --                    ; --  ; --   ;
; b_in_1[23] ; Input    ; (6) 1314 ps   ; --            ; --                    ; --  ; --   ;
; b_in_1[24] ; Input    ; (6) 1314 ps   ; --            ; --                    ; --  ; --   ;
; b_in_1[25] ; Input    ; (6) 1314 ps   ; --            ; --                    ; --  ; --   ;
; b_in_1[26] ; Input    ; (6) 1314 ps   ; --            ; --                    ; --  ; --   ;
; b_in_1[27] ; Input    ; --            ; (6) 1314 ps   ; --                    ; --  ; --   ;
; b_in_1[28] ; Input    ; (6) 1314 ps   ; --            ; --                    ; --  ; --   ;
; b_in_1[29] ; Input    ; (6) 1314 ps   ; --            ; --                    ; --  ; --   ;
; b_in_1[30] ; Input    ; --            ; (6) 1314 ps   ; --                    ; --  ; --   ;
; b_in_1[31] ; Input    ; (6) 1314 ps   ; --            ; --                    ; --  ; --   ;
; a_in[18]   ; Input    ; (6) 1314 ps   ; --            ; --                    ; --  ; --   ;
; a_in[19]   ; Input    ; (6) 1314 ps   ; --            ; --                    ; --  ; --   ;
; a_in[20]   ; Input    ; (6) 1314 ps   ; --            ; --                    ; --  ; --   ;
; a_in[21]   ; Input    ; (6) 1314 ps   ; --            ; --                    ; --  ; --   ;
; a_in[22]   ; Input    ; (6) 1314 ps   ; --            ; --                    ; --  ; --   ;
; a_in[23]   ; Input    ; --            ; (6) 1314 ps   ; --                    ; --  ; --   ;
; a_in[24]   ; Input    ; --            ; (6) 1314 ps   ; --                    ; --  ; --   ;
; a_in[25]   ; Input    ; --            ; (6) 1314 ps   ; --                    ; --  ; --   ;
; a_in[26]   ; Input    ; --            ; (6) 1314 ps   ; --                    ; --  ; --   ;
; a_in[27]   ; Input    ; (6) 1314 ps   ; --            ; --                    ; --  ; --   ;
; a_in[28]   ; Input    ; (6) 1314 ps   ; --            ; --                    ; --  ; --   ;
; a_in[29]   ; Input    ; (6) 1314 ps   ; --            ; --                    ; --  ; --   ;
; a_in[30]   ; Input    ; --            ; (6) 1314 ps   ; --                    ; --  ; --   ;
; a_in[31]   ; Input    ; (6) 1314 ps   ; --            ; --                    ; --  ; --   ;
+------------+----------+---------------+---------------+-----------------------+-----+------+


+---------------------------------------------------------------------------------------------------------------------------------------+
; Pad To Core Delay Chain Fanout                                                                                                        ;
+---------------------------------------------------------------------------------------------------------+-------------------+---------+
; Source Pin / Fanout                                                                                     ; Pad To Core Index ; Setting ;
+---------------------------------------------------------------------------------------------------------+-------------------+---------+
; clk                                                                                                     ;                   ;         ;
; reset                                                                                                   ;                   ;         ;
; b_in_3[0]                                                                                               ;                   ;         ;
;      - processingElement:gen_right[3].u_pe_right|orMux:or1|out[0]~0                                     ; 1                 ; 6       ;
;      - processingElement:gen_right[3].u_pe_right|regChain:r1|regX:gen_reg[0].u_reg|q_out[0]~feeder      ; 1                 ; 6       ;
; b_in_3[1]                                                                                               ;                   ;         ;
;      - processingElement:gen_right[3].u_pe_right|orMux:or1|out[1]~1                                     ; 0                 ; 6       ;
;      - processingElement:gen_right[3].u_pe_right|regChain:r1|regX:gen_reg[0].u_reg|q_out[1]~feeder      ; 0                 ; 6       ;
; b_in_3[2]                                                                                               ;                   ;         ;
;      - processingElement:gen_right[3].u_pe_right|orMux:or1|out[2]~2                                     ; 0                 ; 6       ;
;      - processingElement:gen_right[3].u_pe_right|regChain:r1|regX:gen_reg[0].u_reg|q_out[2]             ; 0                 ; 6       ;
; b_in_3[3]                                                                                               ;                   ;         ;
;      - processingElement:gen_right[3].u_pe_right|orMux:or1|out[3]~3                                     ; 1                 ; 6       ;
;      - processingElement:gen_right[3].u_pe_right|regChain:r1|regX:gen_reg[0].u_reg|q_out[3]~feeder      ; 1                 ; 6       ;
; b_in_3[4]                                                                                               ;                   ;         ;
;      - processingElement:gen_right[3].u_pe_right|orMux:or1|out[4]~4                                     ; 0                 ; 6       ;
;      - processingElement:gen_right[3].u_pe_right|regChain:r1|regX:gen_reg[0].u_reg|q_out[4]~feeder      ; 0                 ; 6       ;
; b_in_3[5]                                                                                               ;                   ;         ;
;      - processingElement:gen_right[3].u_pe_right|orMux:or1|out[5]~5                                     ; 1                 ; 6       ;
;      - processingElement:gen_right[3].u_pe_right|regChain:r1|regX:gen_reg[0].u_reg|q_out[5]~feeder      ; 1                 ; 6       ;
; b_in_3[6]                                                                                               ;                   ;         ;
;      - processingElement:gen_right[3].u_pe_right|orMux:or1|out[6]~6                                     ; 0                 ; 6       ;
;      - processingElement:gen_right[3].u_pe_right|regChain:r1|regX:gen_reg[0].u_reg|q_out[6]~feeder      ; 0                 ; 6       ;
; b_in_3[7]                                                                                               ;                   ;         ;
;      - processingElement:gen_right[3].u_pe_right|orMux:or1|out[7]~7                                     ; 1                 ; 6       ;
;      - processingElement:gen_right[3].u_pe_right|regChain:r1|regX:gen_reg[0].u_reg|q_out[7]~feeder      ; 1                 ; 6       ;
; b_in_3[8]                                                                                               ;                   ;         ;
;      - processingElement:gen_right[3].u_pe_right|orMux:or1|out[8]~8                                     ; 1                 ; 6       ;
;      - processingElement:gen_right[3].u_pe_right|regChain:r1|regX:gen_reg[0].u_reg|q_out[8]~feeder      ; 1                 ; 6       ;
; b_in_3[9]                                                                                               ;                   ;         ;
;      - processingElement:gen_right[3].u_pe_right|orMux:or1|out[9]~9                                     ; 1                 ; 6       ;
;      - processingElement:gen_right[3].u_pe_right|regChain:r1|regX:gen_reg[0].u_reg|q_out[9]~feeder      ; 1                 ; 6       ;
; b_in_3[10]                                                                                              ;                   ;         ;
;      - processingElement:gen_right[3].u_pe_right|orMux:or1|out[10]~10                                   ; 1                 ; 6       ;
;      - processingElement:gen_right[3].u_pe_right|regChain:r1|regX:gen_reg[0].u_reg|q_out[10]~feeder     ; 1                 ; 6       ;
; b_in_3[11]                                                                                              ;                   ;         ;
;      - processingElement:gen_right[3].u_pe_right|orMux:or1|out[11]~11                                   ; 0                 ; 6       ;
;      - processingElement:gen_right[3].u_pe_right|regChain:r1|regX:gen_reg[0].u_reg|q_out[11]            ; 0                 ; 6       ;
; b_in_3[12]                                                                                              ;                   ;         ;
;      - processingElement:gen_right[3].u_pe_right|orMux:or1|out[12]~12                                   ; 0                 ; 6       ;
;      - processingElement:gen_right[3].u_pe_right|regChain:r1|regX:gen_reg[0].u_reg|q_out[12]~feeder     ; 0                 ; 6       ;
; b_in_3[13]                                                                                              ;                   ;         ;
;      - processingElement:gen_right[3].u_pe_right|orMux:or1|out[13]~13                                   ; 1                 ; 6       ;
;      - processingElement:gen_right[3].u_pe_right|regChain:r1|regX:gen_reg[0].u_reg|q_out[13]~feeder     ; 1                 ; 6       ;
; b_in_3[14]                                                                                              ;                   ;         ;
;      - processingElement:gen_right[3].u_pe_right|orMux:or1|out[14]~14                                   ; 0                 ; 6       ;
;      - processingElement:gen_right[3].u_pe_right|regChain:r1|regX:gen_reg[0].u_reg|q_out[14]~feeder     ; 0                 ; 6       ;
; b_in_3[15]                                                                                              ;                   ;         ;
;      - processingElement:gen_right[3].u_pe_right|orMux:or1|out[15]~15                                   ; 0                 ; 6       ;
;      - processingElement:gen_right[3].u_pe_right|regChain:r1|regX:gen_reg[0].u_reg|q_out[15]~feeder     ; 0                 ; 6       ;
; b_in_3[16]                                                                                              ;                   ;         ;
;      - processingElement:gen_right[3].u_pe_right|orMux:or1|out[16]~16                                   ; 0                 ; 6       ;
;      - processingElement:gen_right[3].u_pe_right|regChain:r1|regX:gen_reg[0].u_reg|q_out[16]~feeder     ; 0                 ; 6       ;
; b_in_3[17]                                                                                              ;                   ;         ;
;      - processingElement:gen_right[3].u_pe_right|orMux:or1|out[17]~17                                   ; 1                 ; 6       ;
;      - processingElement:gen_right[3].u_pe_right|regChain:r1|regX:gen_reg[0].u_reg|q_out[17]            ; 1                 ; 6       ;
; b_in_3[18]                                                                                              ;                   ;         ;
;      - processingElement:gen_right[3].u_pe_right|orMux:or1|out[18]~18                                   ; 1                 ; 6       ;
;      - processingElement:gen_right[3].u_pe_right|regChain:r1|regX:gen_reg[0].u_reg|q_out[18]            ; 1                 ; 6       ;
; b_in_3[19]                                                                                              ;                   ;         ;
;      - processingElement:gen_right[3].u_pe_right|orMux:or1|out[19]~19                                   ; 0                 ; 6       ;
;      - processingElement:gen_right[3].u_pe_right|regChain:r1|regX:gen_reg[0].u_reg|q_out[19]~feeder     ; 0                 ; 6       ;
; b_in_3[20]                                                                                              ;                   ;         ;
;      - processingElement:gen_right[3].u_pe_right|orMux:or1|out[20]~20                                   ; 0                 ; 6       ;
;      - processingElement:gen_right[3].u_pe_right|regChain:r1|regX:gen_reg[0].u_reg|q_out[20]            ; 0                 ; 6       ;
; b_in_3[21]                                                                                              ;                   ;         ;
;      - processingElement:gen_right[3].u_pe_right|orMux:or1|out[21]~21                                   ; 1                 ; 6       ;
;      - processingElement:gen_right[3].u_pe_right|regChain:r1|regX:gen_reg[0].u_reg|q_out[21]~feeder     ; 1                 ; 6       ;
; b_in_3[22]                                                                                              ;                   ;         ;
;      - processingElement:gen_right[3].u_pe_right|orMux:or1|out[22]~22                                   ; 1                 ; 6       ;
;      - processingElement:gen_right[3].u_pe_right|regChain:r1|regX:gen_reg[0].u_reg|q_out[22]~feeder     ; 1                 ; 6       ;
; b_in_3[23]                                                                                              ;                   ;         ;
;      - processingElement:gen_right[3].u_pe_right|orMux:or1|out[23]~23                                   ; 1                 ; 6       ;
;      - processingElement:gen_right[3].u_pe_right|regChain:r1|regX:gen_reg[0].u_reg|q_out[23]~feeder     ; 1                 ; 6       ;
; b_in_3[24]                                                                                              ;                   ;         ;
;      - processingElement:gen_right[3].u_pe_right|orMux:or1|out[24]~24                                   ; 0                 ; 6       ;
;      - processingElement:gen_right[3].u_pe_right|regChain:r1|regX:gen_reg[0].u_reg|q_out[24]~feeder     ; 0                 ; 6       ;
; b_in_3[25]                                                                                              ;                   ;         ;
;      - processingElement:gen_right[3].u_pe_right|orMux:or1|out[25]~25                                   ; 0                 ; 6       ;
;      - processingElement:gen_right[3].u_pe_right|regChain:r1|regX:gen_reg[0].u_reg|q_out[25]            ; 0                 ; 6       ;
; b_in_3[26]                                                                                              ;                   ;         ;
;      - processingElement:gen_right[3].u_pe_right|orMux:or1|out[26]~26                                   ; 0                 ; 6       ;
;      - processingElement:gen_right[3].u_pe_right|regChain:r1|regX:gen_reg[0].u_reg|q_out[26]~feeder     ; 0                 ; 6       ;
; b_in_3[27]                                                                                              ;                   ;         ;
;      - processingElement:gen_right[3].u_pe_right|orMux:or1|out[27]~27                                   ; 0                 ; 6       ;
;      - processingElement:gen_right[3].u_pe_right|regChain:r1|regX:gen_reg[0].u_reg|q_out[27]            ; 0                 ; 6       ;
; b_in_3[28]                                                                                              ;                   ;         ;
;      - processingElement:gen_right[3].u_pe_right|orMux:or1|out[28]~28                                   ; 0                 ; 6       ;
;      - processingElement:gen_right[3].u_pe_right|regChain:r1|regX:gen_reg[0].u_reg|q_out[28]            ; 0                 ; 6       ;
; b_in_3[29]                                                                                              ;                   ;         ;
;      - processingElement:gen_right[3].u_pe_right|orMux:or1|out[29]~29                                   ; 1                 ; 6       ;
;      - processingElement:gen_right[3].u_pe_right|regChain:r1|regX:gen_reg[0].u_reg|q_out[29]~feeder     ; 1                 ; 6       ;
; b_in_3[30]                                                                                              ;                   ;         ;
;      - processingElement:gen_right[3].u_pe_right|orMux:or1|out[30]~30                                   ; 0                 ; 6       ;
;      - processingElement:gen_right[3].u_pe_right|regChain:r1|regX:gen_reg[0].u_reg|q_out[30]~feeder     ; 0                 ; 6       ;
; b_in_3[31]                                                                                              ;                   ;         ;
;      - processingElement:gen_right[3].u_pe_right|orMux:or1|out[31]~31                                   ; 0                 ; 6       ;
;      - processingElement:gen_right[3].u_pe_right|regChain:r1|regX:gen_reg[0].u_reg|q_out[31]~feeder     ; 0                 ; 6       ;
; c_in[0]                                                                                                 ;                   ;         ;
;      - processingElement:gen_left[0].u_pe_left|regAcc:r6|q_out[0]~feeder                                ; 1                 ; 6       ;
; c_in[1]                                                                                                 ;                   ;         ;
;      - processingElement:gen_left[0].u_pe_left|regAcc:r6|q_out[1]~feeder                                ; 1                 ; 6       ;
; c_in[2]                                                                                                 ;                   ;         ;
;      - processingElement:gen_left[0].u_pe_left|regAcc:r6|q_out[2]~feeder                                ; 0                 ; 6       ;
; c_in[3]                                                                                                 ;                   ;         ;
;      - processingElement:gen_left[0].u_pe_left|regAcc:r6|q_out[3]                                       ; 1                 ; 6       ;
; c_in[4]                                                                                                 ;                   ;         ;
;      - processingElement:gen_left[0].u_pe_left|regAcc:r6|q_out[4]                                       ; 0                 ; 6       ;
; c_in[5]                                                                                                 ;                   ;         ;
;      - processingElement:gen_left[0].u_pe_left|regAcc:r6|q_out[5]~feeder                                ; 0                 ; 6       ;
; c_in[6]                                                                                                 ;                   ;         ;
;      - processingElement:gen_left[0].u_pe_left|regAcc:r6|q_out[6]~feeder                                ; 1                 ; 6       ;
; c_in[7]                                                                                                 ;                   ;         ;
;      - processingElement:gen_left[0].u_pe_left|regAcc:r6|q_out[7]~feeder                                ; 0                 ; 6       ;
; c_in[8]                                                                                                 ;                   ;         ;
;      - processingElement:gen_left[0].u_pe_left|regAcc:r6|q_out[8]~feeder                                ; 1                 ; 6       ;
; c_in[9]                                                                                                 ;                   ;         ;
;      - processingElement:gen_left[0].u_pe_left|regAcc:r6|q_out[9]~feeder                                ; 1                 ; 6       ;
; c_in[10]                                                                                                ;                   ;         ;
; c_in[11]                                                                                                ;                   ;         ;
; c_in[12]                                                                                                ;                   ;         ;
;      - processingElement:gen_left[0].u_pe_left|regAcc:r6|q_out[12]~feeder                               ; 1                 ; 6       ;
; c_in[13]                                                                                                ;                   ;         ;
;      - processingElement:gen_left[0].u_pe_left|regAcc:r6|q_out[13]~feeder                               ; 0                 ; 6       ;
; c_in[14]                                                                                                ;                   ;         ;
;      - processingElement:gen_left[0].u_pe_left|regAcc:r6|q_out[14]~feeder                               ; 0                 ; 6       ;
; c_in[15]                                                                                                ;                   ;         ;
;      - processingElement:gen_left[0].u_pe_left|regAcc:r6|q_out[15]                                      ; 1                 ; 6       ;
; c_in[16]                                                                                                ;                   ;         ;
;      - processingElement:gen_left[0].u_pe_left|regAcc:r6|q_out[16]                                      ; 0                 ; 6       ;
; c_in[17]                                                                                                ;                   ;         ;
;      - processingElement:gen_left[0].u_pe_left|regAcc:r6|q_out[17]                                      ; 1                 ; 6       ;
; c_in[18]                                                                                                ;                   ;         ;
;      - processingElement:gen_left[0].u_pe_left|regAcc:r6|q_out[18]~feeder                               ; 1                 ; 6       ;
; c_in[19]                                                                                                ;                   ;         ;
;      - processingElement:gen_left[0].u_pe_left|regAcc:r6|q_out[19]~feeder                               ; 1                 ; 6       ;
; c_in[20]                                                                                                ;                   ;         ;
;      - processingElement:gen_left[0].u_pe_left|regAcc:r6|q_out[20]                                      ; 0                 ; 6       ;
; c_in[21]                                                                                                ;                   ;         ;
;      - processingElement:gen_left[0].u_pe_left|regAcc:r6|q_out[21]                                      ; 0                 ; 6       ;
; c_in[22]                                                                                                ;                   ;         ;
;      - processingElement:gen_left[0].u_pe_left|regAcc:r6|q_out[22]~feeder                               ; 1                 ; 6       ;
; c_in[23]                                                                                                ;                   ;         ;
;      - processingElement:gen_left[0].u_pe_left|regAcc:r6|q_out[23]                                      ; 0                 ; 6       ;
; c_in[24]                                                                                                ;                   ;         ;
;      - processingElement:gen_left[0].u_pe_left|regAcc:r6|q_out[24]                                      ; 0                 ; 6       ;
; c_in[25]                                                                                                ;                   ;         ;
;      - processingElement:gen_left[0].u_pe_left|regAcc:r6|q_out[25]                                      ; 0                 ; 6       ;
; c_in[26]                                                                                                ;                   ;         ;
;      - processingElement:gen_left[0].u_pe_left|regAcc:r6|q_out[26]~feeder                               ; 1                 ; 6       ;
; c_in[27]                                                                                                ;                   ;         ;
;      - processingElement:gen_left[0].u_pe_left|regAcc:r6|q_out[27]                                      ; 1                 ; 6       ;
; c_in[28]                                                                                                ;                   ;         ;
;      - processingElement:gen_left[0].u_pe_left|regAcc:r6|q_out[28]                                      ; 1                 ; 6       ;
; c_in[29]                                                                                                ;                   ;         ;
;      - processingElement:gen_left[0].u_pe_left|regAcc:r6|q_out[29]~feeder                               ; 0                 ; 6       ;
; c_in[30]                                                                                                ;                   ;         ;
;      - processingElement:gen_left[0].u_pe_left|regAcc:r6|q_out[30]~feeder                               ; 1                 ; 6       ;
; c_in[31]                                                                                                ;                   ;         ;
;      - processingElement:gen_left[0].u_pe_left|regAcc:r6|q_out[31]~feeder                               ; 0                 ; 6       ;
; c_in[32]                                                                                                ;                   ;         ;
;      - processingElement:gen_left[0].u_pe_left|regAcc:r6|q_out[32]~feeder                               ; 0                 ; 6       ;
; c_in[33]                                                                                                ;                   ;         ;
;      - processingElement:gen_left[0].u_pe_left|regAcc:r6|q_out[33]                                      ; 0                 ; 6       ;
; c_in[34]                                                                                                ;                   ;         ;
;      - processingElement:gen_left[0].u_pe_left|regAcc:r6|q_out[34]                                      ; 1                 ; 6       ;
; c_in[35]                                                                                                ;                   ;         ;
;      - processingElement:gen_left[0].u_pe_left|regAcc:r6|q_out[35]~feeder                               ; 1                 ; 6       ;
; c_in[36]                                                                                                ;                   ;         ;
;      - processingElement:gen_left[0].u_pe_left|regAcc:r6|q_out[36]~feeder                               ; 0                 ; 6       ;
; c_in[37]                                                                                                ;                   ;         ;
;      - processingElement:gen_left[0].u_pe_left|regAcc:r6|q_out[37]~feeder                               ; 1                 ; 6       ;
; c_in[38]                                                                                                ;                   ;         ;
;      - processingElement:gen_left[0].u_pe_left|regAcc:r6|q_out[38]                                      ; 0                 ; 6       ;
; c_in[39]                                                                                                ;                   ;         ;
;      - processingElement:gen_left[0].u_pe_left|regAcc:r6|q_out[39]                                      ; 1                 ; 6       ;
; c_in[40]                                                                                                ;                   ;         ;
;      - processingElement:gen_left[0].u_pe_left|regAcc:r6|q_out[40]~feeder                               ; 0                 ; 6       ;
; c_in[41]                                                                                                ;                   ;         ;
;      - processingElement:gen_left[0].u_pe_left|regAcc:r6|q_out[41]                                      ; 1                 ; 6       ;
; c_in[42]                                                                                                ;                   ;         ;
;      - processingElement:gen_left[0].u_pe_left|regAcc:r6|q_out[42]~feeder                               ; 0                 ; 6       ;
; c_in[43]                                                                                                ;                   ;         ;
;      - processingElement:gen_left[0].u_pe_left|regAcc:r6|q_out[43]~feeder                               ; 1                 ; 6       ;
; c_in[44]                                                                                                ;                   ;         ;
;      - processingElement:gen_left[0].u_pe_left|regAcc:r6|q_out[44]~feeder                               ; 1                 ; 6       ;
; c_in[45]                                                                                                ;                   ;         ;
;      - processingElement:gen_left[0].u_pe_left|regAcc:r6|q_out[45]                                      ; 1                 ; 6       ;
; c_in[46]                                                                                                ;                   ;         ;
;      - processingElement:gen_left[0].u_pe_left|regAcc:r6|q_out[46]~feeder                               ; 1                 ; 6       ;
; c_in[47]                                                                                                ;                   ;         ;
;      - processingElement:gen_left[0].u_pe_left|regAcc:r6|q_out[47]~feeder                               ; 0                 ; 6       ;
; c_in[48]                                                                                                ;                   ;         ;
;      - processingElement:gen_left[0].u_pe_left|regAcc:r6|q_out[48]~feeder                               ; 0                 ; 6       ;
; c_in[49]                                                                                                ;                   ;         ;
;      - processingElement:gen_left[0].u_pe_left|regAcc:r6|q_out[49]~feeder                               ; 0                 ; 6       ;
; c_in[50]                                                                                                ;                   ;         ;
;      - processingElement:gen_left[0].u_pe_left|regAcc:r6|q_out[50]                                      ; 1                 ; 6       ;
; c_in[51]                                                                                                ;                   ;         ;
;      - processingElement:gen_left[0].u_pe_left|regAcc:r6|q_out[51]~feeder                               ; 1                 ; 6       ;
; c_in[52]                                                                                                ;                   ;         ;
;      - processingElement:gen_left[0].u_pe_left|regAcc:r6|q_out[52]                                      ; 1                 ; 6       ;
; c_in[53]                                                                                                ;                   ;         ;
;      - processingElement:gen_left[0].u_pe_left|regAcc:r6|q_out[53]                                      ; 1                 ; 6       ;
; c_in[54]                                                                                                ;                   ;         ;
;      - processingElement:gen_left[0].u_pe_left|regAcc:r6|q_out[54]~feeder                               ; 0                 ; 6       ;
; c_in[55]                                                                                                ;                   ;         ;
; c_in[56]                                                                                                ;                   ;         ;
; c_in[57]                                                                                                ;                   ;         ;
;      - processingElement:gen_left[0].u_pe_left|regAcc:r6|q_out[57]~feeder                               ; 1                 ; 6       ;
; c_in[58]                                                                                                ;                   ;         ;
;      - processingElement:gen_left[0].u_pe_left|regAcc:r6|q_out[58]~feeder                               ; 1                 ; 6       ;
; c_in[59]                                                                                                ;                   ;         ;
; c_in[60]                                                                                                ;                   ;         ;
; c_in[61]                                                                                                ;                   ;         ;
;      - processingElement:gen_left[0].u_pe_left|regAcc:r6|q_out[61]~feeder                               ; 0                 ; 6       ;
; c_in[62]                                                                                                ;                   ;         ;
;      - processingElement:gen_left[0].u_pe_left|regAcc:r6|q_out[62]~feeder                               ; 0                 ; 6       ;
; c_in[63]                                                                                                ;                   ;         ;
;      - processingElement:gen_left[0].u_pe_left|regAcc:r6|q_out[63]                                      ; 0                 ; 6       ;
; c_in[64]                                                                                                ;                   ;         ;
;      - processingElement:gen_left[0].u_pe_left|regAcc:r6|q_out[64]~feeder                               ; 0                 ; 6       ;
; c_in[65]                                                                                                ;                   ;         ;
;      - processingElement:gen_left[0].u_pe_left|regAcc:r6|q_out[65]~feeder                               ; 0                 ; 6       ;
; a_in[0]                                                                                                 ;                   ;         ;
;      - processingElement:gen_left[0].u_pe_left|mult:m1|lpm_mult:Mult0|mult_7dt:auto_generated|mac_mult3 ; 0                 ; 6       ;
;      - processingElement:gen_left[0].u_pe_left|mult:m1|lpm_mult:Mult0|mult_7dt:auto_generated|mac_mult1 ; 0                 ; 6       ;
;      - processingElement:gen_left[0].u_pe_left|regChain:r34|regX:gen_reg[0].u_reg|q_out[0]~feeder       ; 0                 ; 6       ;
; beta                                                                                                    ;                   ;         ;
;      - processingElement:gen_left[0].u_pe_left|mult:m1|lpm_mult:Mult0|mult_7dt:auto_generated|mac_mult5 ; 0                 ; 6       ;
;      - processingElement:gen_left[0].u_pe_left|mult:m1|lpm_mult:Mult0|mult_7dt:auto_generated|mac_mult3 ; 0                 ; 6       ;
;      - processingElement:gen_left[0].u_pe_left|mult:m1|lpm_mult:Mult0|mult_7dt:auto_generated|mac_mult1 ; 0                 ; 6       ;
;      - processingElement:gen_left[0].u_pe_left|mult:m1|lpm_mult:Mult0|mult_7dt:auto_generated|mac_mult7 ; 0                 ; 6       ;
;      - processingElement:gen_left[0].u_pe_left|dffMy:d2|q_out~feeder                                    ; 0                 ; 6       ;
; a_in[1]                                                                                                 ;                   ;         ;
;      - processingElement:gen_left[0].u_pe_left|regChain:r34|regX:gen_reg[0].u_reg|q_out[1]              ; 1                 ; 6       ;
;      - processingElement:gen_left[0].u_pe_left|mult:m1|lpm_mult:Mult0|mult_7dt:auto_generated|mac_mult3 ; 1                 ; 6       ;
;      - processingElement:gen_left[0].u_pe_left|mult:m1|lpm_mult:Mult0|mult_7dt:auto_generated|mac_mult1 ; 1                 ; 6       ;
; a_in[2]                                                                                                 ;                   ;         ;
;      - processingElement:gen_left[0].u_pe_left|mult:m1|lpm_mult:Mult0|mult_7dt:auto_generated|mac_mult3 ; 0                 ; 6       ;
;      - processingElement:gen_left[0].u_pe_left|mult:m1|lpm_mult:Mult0|mult_7dt:auto_generated|mac_mult1 ; 0                 ; 6       ;
;      - processingElement:gen_left[0].u_pe_left|regChain:r34|regX:gen_reg[0].u_reg|q_out[2]~feeder       ; 0                 ; 6       ;
; a_in[3]                                                                                                 ;                   ;         ;
;      - processingElement:gen_left[0].u_pe_left|mult:m1|lpm_mult:Mult0|mult_7dt:auto_generated|mac_mult3 ; 1                 ; 6       ;
;      - processingElement:gen_left[0].u_pe_left|mult:m1|lpm_mult:Mult0|mult_7dt:auto_generated|mac_mult1 ; 1                 ; 6       ;
;      - processingElement:gen_left[0].u_pe_left|regChain:r34|regX:gen_reg[0].u_reg|q_out[3]~feeder       ; 1                 ; 6       ;
; a_in[4]                                                                                                 ;                   ;         ;
;      - processingElement:gen_left[0].u_pe_left|regChain:r34|regX:gen_reg[0].u_reg|q_out[4]              ; 1                 ; 6       ;
;      - processingElement:gen_left[0].u_pe_left|mult:m1|lpm_mult:Mult0|mult_7dt:auto_generated|mac_mult3 ; 1                 ; 6       ;
;      - processingElement:gen_left[0].u_pe_left|mult:m1|lpm_mult:Mult0|mult_7dt:auto_generated|mac_mult1 ; 1                 ; 6       ;
; a_in[5]                                                                                                 ;                   ;         ;
;      - processingElement:gen_left[0].u_pe_left|mult:m1|lpm_mult:Mult0|mult_7dt:auto_generated|mac_mult3 ; 0                 ; 6       ;
;      - processingElement:gen_left[0].u_pe_left|mult:m1|lpm_mult:Mult0|mult_7dt:auto_generated|mac_mult1 ; 0                 ; 6       ;
;      - processingElement:gen_left[0].u_pe_left|regChain:r34|regX:gen_reg[0].u_reg|q_out[5]~feeder       ; 0                 ; 6       ;
; a_in[6]                                                                                                 ;                   ;         ;
;      - processingElement:gen_left[0].u_pe_left|mult:m1|lpm_mult:Mult0|mult_7dt:auto_generated|mac_mult3 ; 0                 ; 6       ;
;      - processingElement:gen_left[0].u_pe_left|mult:m1|lpm_mult:Mult0|mult_7dt:auto_generated|mac_mult1 ; 0                 ; 6       ;
;      - processingElement:gen_left[0].u_pe_left|regChain:r34|regX:gen_reg[0].u_reg|q_out[6]~feeder       ; 0                 ; 6       ;
; a_in[7]                                                                                                 ;                   ;         ;
;      - processingElement:gen_left[0].u_pe_left|regChain:r34|regX:gen_reg[0].u_reg|q_out[7]              ; 0                 ; 6       ;
;      - processingElement:gen_left[0].u_pe_left|mult:m1|lpm_mult:Mult0|mult_7dt:auto_generated|mac_mult3 ; 0                 ; 6       ;
;      - processingElement:gen_left[0].u_pe_left|mult:m1|lpm_mult:Mult0|mult_7dt:auto_generated|mac_mult1 ; 0                 ; 6       ;
; a_in[8]                                                                                                 ;                   ;         ;
;      - processingElement:gen_left[0].u_pe_left|regChain:r34|regX:gen_reg[0].u_reg|q_out[8]              ; 0                 ; 6       ;
;      - processingElement:gen_left[0].u_pe_left|mult:m1|lpm_mult:Mult0|mult_7dt:auto_generated|mac_mult3 ; 0                 ; 6       ;
;      - processingElement:gen_left[0].u_pe_left|mult:m1|lpm_mult:Mult0|mult_7dt:auto_generated|mac_mult1 ; 0                 ; 6       ;
; a_in[9]                                                                                                 ;                   ;         ;
;      - processingElement:gen_left[0].u_pe_left|regChain:r34|regX:gen_reg[0].u_reg|q_out[9]              ; 0                 ; 6       ;
;      - processingElement:gen_left[0].u_pe_left|mult:m1|lpm_mult:Mult0|mult_7dt:auto_generated|mac_mult3 ; 0                 ; 6       ;
;      - processingElement:gen_left[0].u_pe_left|mult:m1|lpm_mult:Mult0|mult_7dt:auto_generated|mac_mult1 ; 0                 ; 6       ;
; a_in[10]                                                                                                ;                   ;         ;
;      - processingElement:gen_left[0].u_pe_left|mult:m1|lpm_mult:Mult0|mult_7dt:auto_generated|mac_mult3 ; 1                 ; 6       ;
;      - processingElement:gen_left[0].u_pe_left|mult:m1|lpm_mult:Mult0|mult_7dt:auto_generated|mac_mult1 ; 1                 ; 6       ;
;      - processingElement:gen_left[0].u_pe_left|regChain:r34|regX:gen_reg[0].u_reg|q_out[10]~feeder      ; 1                 ; 6       ;
; a_in[11]                                                                                                ;                   ;         ;
;      - processingElement:gen_left[0].u_pe_left|mult:m1|lpm_mult:Mult0|mult_7dt:auto_generated|mac_mult3 ; 1                 ; 6       ;
;      - processingElement:gen_left[0].u_pe_left|mult:m1|lpm_mult:Mult0|mult_7dt:auto_generated|mac_mult1 ; 1                 ; 6       ;
;      - processingElement:gen_left[0].u_pe_left|regChain:r34|regX:gen_reg[0].u_reg|q_out[11]~feeder      ; 1                 ; 6       ;
; a_in[12]                                                                                                ;                   ;         ;
;      - processingElement:gen_left[0].u_pe_left|mult:m1|lpm_mult:Mult0|mult_7dt:auto_generated|mac_mult3 ; 0                 ; 6       ;
;      - processingElement:gen_left[0].u_pe_left|mult:m1|lpm_mult:Mult0|mult_7dt:auto_generated|mac_mult1 ; 0                 ; 6       ;
;      - processingElement:gen_left[0].u_pe_left|regChain:r34|regX:gen_reg[0].u_reg|q_out[12]~feeder      ; 0                 ; 6       ;
; a_in[13]                                                                                                ;                   ;         ;
;      - processingElement:gen_left[0].u_pe_left|mult:m1|lpm_mult:Mult0|mult_7dt:auto_generated|mac_mult3 ; 1                 ; 6       ;
;      - processingElement:gen_left[0].u_pe_left|mult:m1|lpm_mult:Mult0|mult_7dt:auto_generated|mac_mult1 ; 1                 ; 6       ;
;      - processingElement:gen_left[0].u_pe_left|regChain:r34|regX:gen_reg[0].u_reg|q_out[13]~feeder      ; 1                 ; 6       ;
; a_in[14]                                                                                                ;                   ;         ;
;      - processingElement:gen_left[0].u_pe_left|regChain:r34|regX:gen_reg[0].u_reg|q_out[14]             ; 1                 ; 6       ;
;      - processingElement:gen_left[0].u_pe_left|mult:m1|lpm_mult:Mult0|mult_7dt:auto_generated|mac_mult3 ; 1                 ; 6       ;
;      - processingElement:gen_left[0].u_pe_left|mult:m1|lpm_mult:Mult0|mult_7dt:auto_generated|mac_mult1 ; 1                 ; 6       ;
; a_in[15]                                                                                                ;                   ;         ;
;      - processingElement:gen_left[0].u_pe_left|mult:m1|lpm_mult:Mult0|mult_7dt:auto_generated|mac_mult3 ; 0                 ; 6       ;
;      - processingElement:gen_left[0].u_pe_left|mult:m1|lpm_mult:Mult0|mult_7dt:auto_generated|mac_mult1 ; 0                 ; 6       ;
;      - processingElement:gen_left[0].u_pe_left|regChain:r34|regX:gen_reg[0].u_reg|q_out[15]~feeder      ; 0                 ; 6       ;
; a_in[16]                                                                                                ;                   ;         ;
;      - processingElement:gen_left[0].u_pe_left|mult:m1|lpm_mult:Mult0|mult_7dt:auto_generated|mac_mult3 ; 1                 ; 6       ;
;      - processingElement:gen_left[0].u_pe_left|mult:m1|lpm_mult:Mult0|mult_7dt:auto_generated|mac_mult1 ; 1                 ; 6       ;
;      - processingElement:gen_left[0].u_pe_left|regChain:r34|regX:gen_reg[0].u_reg|q_out[16]~feeder      ; 1                 ; 6       ;
; a_in[17]                                                                                                ;                   ;         ;
;      - processingElement:gen_left[0].u_pe_left|mult:m1|lpm_mult:Mult0|mult_7dt:auto_generated|mac_mult3 ; 1                 ; 6       ;
;      - processingElement:gen_left[0].u_pe_left|mult:m1|lpm_mult:Mult0|mult_7dt:auto_generated|mac_mult1 ; 1                 ; 6       ;
;      - processingElement:gen_left[0].u_pe_left|regChain:r34|regX:gen_reg[0].u_reg|q_out[17]~feeder      ; 1                 ; 6       ;
; b_in_1[0]                                                                                               ;                   ;         ;
;      - processingElement:gen_left[0].u_pe_left|orMux:or1|out[0]~0                                       ; 0                 ; 6       ;
;      - processingElement:gen_left[0].u_pe_left|regChain:r1|regX:gen_reg[0].u_reg|q_out[0]~feeder        ; 0                 ; 6       ;
; alpha                                                                                                   ;                   ;         ;
;      - processingElement:gen_left[0].u_pe_left|dffMy:d1|q_out                                           ; 1                 ; 6       ;
;      - processingElement:gen_left[0].u_pe_left|orMux:or1|out[0]~0                                       ; 1                 ; 6       ;
;      - processingElement:gen_left[0].u_pe_left|orMux:or1|out[1]~1                                       ; 1                 ; 6       ;
;      - processingElement:gen_left[0].u_pe_left|orMux:or1|out[2]~2                                       ; 1                 ; 6       ;
;      - processingElement:gen_left[0].u_pe_left|orMux:or1|out[3]~3                                       ; 1                 ; 6       ;
;      - processingElement:gen_left[0].u_pe_left|orMux:or1|out[4]~4                                       ; 1                 ; 6       ;
;      - processingElement:gen_left[0].u_pe_left|orMux:or1|out[5]~5                                       ; 1                 ; 6       ;
;      - processingElement:gen_left[0].u_pe_left|orMux:or1|out[6]~6                                       ; 1                 ; 6       ;
;      - processingElement:gen_left[0].u_pe_left|orMux:or1|out[7]~7                                       ; 1                 ; 6       ;
;      - processingElement:gen_left[0].u_pe_left|orMux:or1|out[8]~8                                       ; 1                 ; 6       ;
;      - processingElement:gen_left[0].u_pe_left|orMux:or1|out[9]~9                                       ; 1                 ; 6       ;
;      - processingElement:gen_left[0].u_pe_left|orMux:or1|out[10]~10                                     ; 1                 ; 6       ;
;      - processingElement:gen_left[0].u_pe_left|orMux:or1|out[11]~11                                     ; 1                 ; 6       ;
;      - processingElement:gen_left[0].u_pe_left|orMux:or1|out[12]~12                                     ; 1                 ; 6       ;
;      - processingElement:gen_left[0].u_pe_left|orMux:or1|out[13]~13                                     ; 1                 ; 6       ;
;      - processingElement:gen_left[0].u_pe_left|orMux:or1|out[14]~14                                     ; 1                 ; 6       ;
;      - processingElement:gen_left[0].u_pe_left|orMux:or1|out[15]~15                                     ; 1                 ; 6       ;
;      - processingElement:gen_left[0].u_pe_left|orMux:or1|out[16]~16                                     ; 1                 ; 6       ;
;      - processingElement:gen_left[0].u_pe_left|orMux:or1|out[17]~17                                     ; 1                 ; 6       ;
;      - processingElement:gen_left[0].u_pe_left|orMux:or1|out[18]~18                                     ; 1                 ; 6       ;
;      - processingElement:gen_left[0].u_pe_left|orMux:or1|out[19]~19                                     ; 1                 ; 6       ;
;      - processingElement:gen_left[0].u_pe_left|orMux:or1|out[20]~20                                     ; 1                 ; 6       ;
;      - processingElement:gen_left[0].u_pe_left|orMux:or1|out[21]~21                                     ; 1                 ; 6       ;
;      - processingElement:gen_left[0].u_pe_left|orMux:or1|out[22]~22                                     ; 1                 ; 6       ;
;      - processingElement:gen_left[0].u_pe_left|orMux:or1|out[23]~23                                     ; 1                 ; 6       ;
;      - processingElement:gen_left[0].u_pe_left|orMux:or1|out[24]~24                                     ; 1                 ; 6       ;
;      - processingElement:gen_left[0].u_pe_left|orMux:or1|out[25]~25                                     ; 1                 ; 6       ;
;      - processingElement:gen_left[0].u_pe_left|orMux:or1|out[26]~26                                     ; 1                 ; 6       ;
;      - processingElement:gen_left[0].u_pe_left|orMux:or1|out[27]~27                                     ; 1                 ; 6       ;
;      - processingElement:gen_left[0].u_pe_left|orMux:or1|out[28]~28                                     ; 1                 ; 6       ;
;      - processingElement:gen_left[0].u_pe_left|orMux:or1|out[29]~29                                     ; 1                 ; 6       ;
;      - processingElement:gen_left[0].u_pe_left|orMux:or1|out[30]~30                                     ; 1                 ; 6       ;
;      - processingElement:gen_left[0].u_pe_left|orMux:or1|out[31]~31                                     ; 1                 ; 6       ;
; b_in_1[1]                                                                                               ;                   ;         ;
;      - processingElement:gen_left[0].u_pe_left|orMux:or1|out[1]~1                                       ; 0                 ; 6       ;
;      - processingElement:gen_left[0].u_pe_left|regChain:r1|regX:gen_reg[0].u_reg|q_out[1]~feeder        ; 0                 ; 6       ;
; b_in_1[2]                                                                                               ;                   ;         ;
;      - processingElement:gen_left[0].u_pe_left|orMux:or1|out[2]~2                                       ; 0                 ; 6       ;
;      - processingElement:gen_left[0].u_pe_left|regChain:r1|regX:gen_reg[0].u_reg|q_out[2]~feeder        ; 0                 ; 6       ;
; b_in_1[3]                                                                                               ;                   ;         ;
;      - processingElement:gen_left[0].u_pe_left|orMux:or1|out[3]~3                                       ; 0                 ; 6       ;
;      - processingElement:gen_left[0].u_pe_left|regChain:r1|regX:gen_reg[0].u_reg|q_out[3]               ; 0                 ; 6       ;
; b_in_1[4]                                                                                               ;                   ;         ;
;      - processingElement:gen_left[0].u_pe_left|orMux:or1|out[4]~4                                       ; 1                 ; 6       ;
;      - processingElement:gen_left[0].u_pe_left|regChain:r1|regX:gen_reg[0].u_reg|q_out[4]               ; 1                 ; 6       ;
; b_in_1[5]                                                                                               ;                   ;         ;
;      - processingElement:gen_left[0].u_pe_left|orMux:or1|out[5]~5                                       ; 0                 ; 6       ;
;      - processingElement:gen_left[0].u_pe_left|regChain:r1|regX:gen_reg[0].u_reg|q_out[5]~feeder        ; 0                 ; 6       ;
; b_in_1[6]                                                                                               ;                   ;         ;
;      - processingElement:gen_left[0].u_pe_left|orMux:or1|out[6]~6                                       ; 0                 ; 6       ;
;      - processingElement:gen_left[0].u_pe_left|regChain:r1|regX:gen_reg[0].u_reg|q_out[6]~feeder        ; 0                 ; 6       ;
; b_in_1[7]                                                                                               ;                   ;         ;
;      - processingElement:gen_left[0].u_pe_left|orMux:or1|out[7]~7                                       ; 1                 ; 6       ;
;      - processingElement:gen_left[0].u_pe_left|regChain:r1|regX:gen_reg[0].u_reg|q_out[7]               ; 1                 ; 6       ;
; b_in_1[8]                                                                                               ;                   ;         ;
;      - processingElement:gen_left[0].u_pe_left|orMux:or1|out[8]~8                                       ; 1                 ; 6       ;
;      - processingElement:gen_left[0].u_pe_left|regChain:r1|regX:gen_reg[0].u_reg|q_out[8]~feeder        ; 1                 ; 6       ;
; b_in_1[9]                                                                                               ;                   ;         ;
;      - processingElement:gen_left[0].u_pe_left|orMux:or1|out[9]~9                                       ; 0                 ; 6       ;
;      - processingElement:gen_left[0].u_pe_left|regChain:r1|regX:gen_reg[0].u_reg|q_out[9]               ; 0                 ; 6       ;
; b_in_1[10]                                                                                              ;                   ;         ;
;      - processingElement:gen_left[0].u_pe_left|orMux:or1|out[10]~10                                     ; 0                 ; 6       ;
;      - processingElement:gen_left[0].u_pe_left|regChain:r1|regX:gen_reg[0].u_reg|q_out[10]              ; 0                 ; 6       ;
; b_in_1[11]                                                                                              ;                   ;         ;
;      - processingElement:gen_left[0].u_pe_left|orMux:or1|out[11]~11                                     ; 0                 ; 6       ;
;      - processingElement:gen_left[0].u_pe_left|regChain:r1|regX:gen_reg[0].u_reg|q_out[11]              ; 0                 ; 6       ;
; b_in_1[12]                                                                                              ;                   ;         ;
;      - processingElement:gen_left[0].u_pe_left|orMux:or1|out[12]~12                                     ; 1                 ; 6       ;
;      - processingElement:gen_left[0].u_pe_left|regChain:r1|regX:gen_reg[0].u_reg|q_out[12]              ; 1                 ; 6       ;
; b_in_1[13]                                                                                              ;                   ;         ;
;      - processingElement:gen_left[0].u_pe_left|orMux:or1|out[13]~13                                     ; 0                 ; 6       ;
;      - processingElement:gen_left[0].u_pe_left|regChain:r1|regX:gen_reg[0].u_reg|q_out[13]~feeder       ; 0                 ; 6       ;
; b_in_1[14]                                                                                              ;                   ;         ;
;      - processingElement:gen_left[0].u_pe_left|orMux:or1|out[14]~14                                     ; 0                 ; 6       ;
;      - processingElement:gen_left[0].u_pe_left|regChain:r1|regX:gen_reg[0].u_reg|q_out[14]              ; 0                 ; 6       ;
; b_in_1[15]                                                                                              ;                   ;         ;
; b_in_1[16]                                                                                              ;                   ;         ;
; b_in_1[17]                                                                                              ;                   ;         ;
;      - processingElement:gen_left[0].u_pe_left|orMux:or1|out[17]~17                                     ; 1                 ; 6       ;
;      - processingElement:gen_left[0].u_pe_left|regChain:r1|regX:gen_reg[0].u_reg|q_out[17]~feeder       ; 1                 ; 6       ;
; b_in_1[18]                                                                                              ;                   ;         ;
;      - processingElement:gen_left[0].u_pe_left|orMux:or1|out[18]~18                                     ; 0                 ; 6       ;
;      - processingElement:gen_left[0].u_pe_left|regChain:r1|regX:gen_reg[0].u_reg|q_out[18]~feeder       ; 0                 ; 6       ;
; b_in_1[19]                                                                                              ;                   ;         ;
;      - processingElement:gen_left[0].u_pe_left|orMux:or1|out[19]~19                                     ; 0                 ; 6       ;
;      - processingElement:gen_left[0].u_pe_left|regChain:r1|regX:gen_reg[0].u_reg|q_out[19]              ; 0                 ; 6       ;
; b_in_1[20]                                                                                              ;                   ;         ;
;      - processingElement:gen_left[0].u_pe_left|orMux:or1|out[20]~20                                     ; 1                 ; 6       ;
;      - processingElement:gen_left[0].u_pe_left|regChain:r1|regX:gen_reg[0].u_reg|q_out[20]~feeder       ; 1                 ; 6       ;
; b_in_1[21]                                                                                              ;                   ;         ;
;      - processingElement:gen_left[0].u_pe_left|orMux:or1|out[21]~21                                     ; 1                 ; 6       ;
;      - processingElement:gen_left[0].u_pe_left|regChain:r1|regX:gen_reg[0].u_reg|q_out[21]~feeder       ; 1                 ; 6       ;
; b_in_1[22]                                                                                              ;                   ;         ;
;      - processingElement:gen_left[0].u_pe_left|orMux:or1|out[22]~22                                     ; 1                 ; 6       ;
;      - processingElement:gen_left[0].u_pe_left|regChain:r1|regX:gen_reg[0].u_reg|q_out[22]~feeder       ; 1                 ; 6       ;
; b_in_1[23]                                                                                              ;                   ;         ;
;      - processingElement:gen_left[0].u_pe_left|orMux:or1|out[23]~23                                     ; 0                 ; 6       ;
;      - processingElement:gen_left[0].u_pe_left|regChain:r1|regX:gen_reg[0].u_reg|q_out[23]~feeder       ; 0                 ; 6       ;
; b_in_1[24]                                                                                              ;                   ;         ;
;      - processingElement:gen_left[0].u_pe_left|orMux:or1|out[24]~24                                     ; 0                 ; 6       ;
;      - processingElement:gen_left[0].u_pe_left|regChain:r1|regX:gen_reg[0].u_reg|q_out[24]~feeder       ; 0                 ; 6       ;
; b_in_1[25]                                                                                              ;                   ;         ;
;      - processingElement:gen_left[0].u_pe_left|orMux:or1|out[25]~25                                     ; 0                 ; 6       ;
;      - processingElement:gen_left[0].u_pe_left|regChain:r1|regX:gen_reg[0].u_reg|q_out[25]              ; 0                 ; 6       ;
; b_in_1[26]                                                                                              ;                   ;         ;
;      - processingElement:gen_left[0].u_pe_left|orMux:or1|out[26]~26                                     ; 0                 ; 6       ;
;      - processingElement:gen_left[0].u_pe_left|regChain:r1|regX:gen_reg[0].u_reg|q_out[26]~feeder       ; 0                 ; 6       ;
; b_in_1[27]                                                                                              ;                   ;         ;
;      - processingElement:gen_left[0].u_pe_left|orMux:or1|out[27]~27                                     ; 1                 ; 6       ;
;      - processingElement:gen_left[0].u_pe_left|regChain:r1|regX:gen_reg[0].u_reg|q_out[27]~feeder       ; 1                 ; 6       ;
; b_in_1[28]                                                                                              ;                   ;         ;
;      - processingElement:gen_left[0].u_pe_left|orMux:or1|out[28]~28                                     ; 0                 ; 6       ;
;      - processingElement:gen_left[0].u_pe_left|regChain:r1|regX:gen_reg[0].u_reg|q_out[28]              ; 0                 ; 6       ;
; b_in_1[29]                                                                                              ;                   ;         ;
;      - processingElement:gen_left[0].u_pe_left|orMux:or1|out[29]~29                                     ; 0                 ; 6       ;
;      - processingElement:gen_left[0].u_pe_left|regChain:r1|regX:gen_reg[0].u_reg|q_out[29]~feeder       ; 0                 ; 6       ;
; b_in_1[30]                                                                                              ;                   ;         ;
;      - processingElement:gen_left[0].u_pe_left|orMux:or1|out[30]~30                                     ; 1                 ; 6       ;
;      - processingElement:gen_left[0].u_pe_left|regChain:r1|regX:gen_reg[0].u_reg|q_out[30]~feeder       ; 1                 ; 6       ;
; b_in_1[31]                                                                                              ;                   ;         ;
;      - processingElement:gen_left[0].u_pe_left|orMux:or1|out[31]~31                                     ; 0                 ; 6       ;
;      - processingElement:gen_left[0].u_pe_left|regChain:r1|regX:gen_reg[0].u_reg|q_out[31]~feeder       ; 0                 ; 6       ;
; a_in[18]                                                                                                ;                   ;         ;
;      - processingElement:gen_left[0].u_pe_left|mult:m1|lpm_mult:Mult0|mult_7dt:auto_generated|mac_mult7 ; 0                 ; 6       ;
;      - processingElement:gen_left[0].u_pe_left|mult:m1|lpm_mult:Mult0|mult_7dt:auto_generated|mac_mult5 ; 0                 ; 6       ;
;      - processingElement:gen_left[0].u_pe_left|regChain:r34|regX:gen_reg[0].u_reg|q_out[18]~feeder      ; 0                 ; 6       ;
; a_in[19]                                                                                                ;                   ;         ;
;      - processingElement:gen_left[0].u_pe_left|mult:m1|lpm_mult:Mult0|mult_7dt:auto_generated|mac_mult7 ; 0                 ; 6       ;
;      - processingElement:gen_left[0].u_pe_left|mult:m1|lpm_mult:Mult0|mult_7dt:auto_generated|mac_mult5 ; 0                 ; 6       ;
;      - processingElement:gen_left[0].u_pe_left|regChain:r34|regX:gen_reg[0].u_reg|q_out[19]~feeder      ; 0                 ; 6       ;
; a_in[20]                                                                                                ;                   ;         ;
;      - processingElement:gen_left[0].u_pe_left|mult:m1|lpm_mult:Mult0|mult_7dt:auto_generated|mac_mult7 ; 0                 ; 6       ;
;      - processingElement:gen_left[0].u_pe_left|mult:m1|lpm_mult:Mult0|mult_7dt:auto_generated|mac_mult5 ; 0                 ; 6       ;
;      - processingElement:gen_left[0].u_pe_left|regChain:r34|regX:gen_reg[0].u_reg|q_out[20]~feeder      ; 0                 ; 6       ;
; a_in[21]                                                                                                ;                   ;         ;
;      - processingElement:gen_left[0].u_pe_left|mult:m1|lpm_mult:Mult0|mult_7dt:auto_generated|mac_mult7 ; 0                 ; 6       ;
;      - processingElement:gen_left[0].u_pe_left|mult:m1|lpm_mult:Mult0|mult_7dt:auto_generated|mac_mult5 ; 0                 ; 6       ;
;      - processingElement:gen_left[0].u_pe_left|regChain:r34|regX:gen_reg[0].u_reg|q_out[21]~feeder      ; 0                 ; 6       ;
; a_in[22]                                                                                                ;                   ;         ;
;      - processingElement:gen_left[0].u_pe_left|mult:m1|lpm_mult:Mult0|mult_7dt:auto_generated|mac_mult7 ; 0                 ; 6       ;
;      - processingElement:gen_left[0].u_pe_left|mult:m1|lpm_mult:Mult0|mult_7dt:auto_generated|mac_mult5 ; 0                 ; 6       ;
;      - processingElement:gen_left[0].u_pe_left|regChain:r34|regX:gen_reg[0].u_reg|q_out[22]~feeder      ; 0                 ; 6       ;
; a_in[23]                                                                                                ;                   ;         ;
;      - processingElement:gen_left[0].u_pe_left|regChain:r34|regX:gen_reg[0].u_reg|q_out[23]             ; 1                 ; 6       ;
;      - processingElement:gen_left[0].u_pe_left|mult:m1|lpm_mult:Mult0|mult_7dt:auto_generated|mac_mult7 ; 1                 ; 6       ;
;      - processingElement:gen_left[0].u_pe_left|mult:m1|lpm_mult:Mult0|mult_7dt:auto_generated|mac_mult5 ; 1                 ; 6       ;
; a_in[24]                                                                                                ;                   ;         ;
;      - processingElement:gen_left[0].u_pe_left|mult:m1|lpm_mult:Mult0|mult_7dt:auto_generated|mac_mult7 ; 1                 ; 6       ;
;      - processingElement:gen_left[0].u_pe_left|mult:m1|lpm_mult:Mult0|mult_7dt:auto_generated|mac_mult5 ; 1                 ; 6       ;
;      - processingElement:gen_left[0].u_pe_left|regChain:r34|regX:gen_reg[0].u_reg|q_out[24]~feeder      ; 1                 ; 6       ;
; a_in[25]                                                                                                ;                   ;         ;
;      - processingElement:gen_left[0].u_pe_left|regChain:r34|regX:gen_reg[0].u_reg|q_out[25]             ; 1                 ; 6       ;
;      - processingElement:gen_left[0].u_pe_left|mult:m1|lpm_mult:Mult0|mult_7dt:auto_generated|mac_mult7 ; 1                 ; 6       ;
;      - processingElement:gen_left[0].u_pe_left|mult:m1|lpm_mult:Mult0|mult_7dt:auto_generated|mac_mult5 ; 1                 ; 6       ;
; a_in[26]                                                                                                ;                   ;         ;
;      - processingElement:gen_left[0].u_pe_left|mult:m1|lpm_mult:Mult0|mult_7dt:auto_generated|mac_mult7 ; 1                 ; 6       ;
;      - processingElement:gen_left[0].u_pe_left|mult:m1|lpm_mult:Mult0|mult_7dt:auto_generated|mac_mult5 ; 1                 ; 6       ;
;      - processingElement:gen_left[0].u_pe_left|regChain:r34|regX:gen_reg[0].u_reg|q_out[26]~feeder      ; 1                 ; 6       ;
; a_in[27]                                                                                                ;                   ;         ;
;      - processingElement:gen_left[0].u_pe_left|regChain:r34|regX:gen_reg[0].u_reg|q_out[27]             ; 0                 ; 6       ;
;      - processingElement:gen_left[0].u_pe_left|mult:m1|lpm_mult:Mult0|mult_7dt:auto_generated|mac_mult7 ; 0                 ; 6       ;
;      - processingElement:gen_left[0].u_pe_left|mult:m1|lpm_mult:Mult0|mult_7dt:auto_generated|mac_mult5 ; 0                 ; 6       ;
; a_in[28]                                                                                                ;                   ;         ;
;      - processingElement:gen_left[0].u_pe_left|mult:m1|lpm_mult:Mult0|mult_7dt:auto_generated|mac_mult7 ; 0                 ; 6       ;
;      - processingElement:gen_left[0].u_pe_left|mult:m1|lpm_mult:Mult0|mult_7dt:auto_generated|mac_mult5 ; 0                 ; 6       ;
;      - processingElement:gen_left[0].u_pe_left|regChain:r34|regX:gen_reg[0].u_reg|q_out[28]~feeder      ; 0                 ; 6       ;
; a_in[29]                                                                                                ;                   ;         ;
;      - processingElement:gen_left[0].u_pe_left|mult:m1|lpm_mult:Mult0|mult_7dt:auto_generated|mac_mult7 ; 0                 ; 6       ;
;      - processingElement:gen_left[0].u_pe_left|mult:m1|lpm_mult:Mult0|mult_7dt:auto_generated|mac_mult5 ; 0                 ; 6       ;
;      - processingElement:gen_left[0].u_pe_left|regChain:r34|regX:gen_reg[0].u_reg|q_out[29]~feeder      ; 0                 ; 6       ;
; a_in[30]                                                                                                ;                   ;         ;
;      - processingElement:gen_left[0].u_pe_left|regChain:r34|regX:gen_reg[0].u_reg|q_out[30]             ; 1                 ; 6       ;
;      - processingElement:gen_left[0].u_pe_left|mult:m1|lpm_mult:Mult0|mult_7dt:auto_generated|mac_mult7 ; 1                 ; 6       ;
;      - processingElement:gen_left[0].u_pe_left|mult:m1|lpm_mult:Mult0|mult_7dt:auto_generated|mac_mult5 ; 1                 ; 6       ;
; a_in[31]                                                                                                ;                   ;         ;
;      - processingElement:gen_left[0].u_pe_left|mult:m1|lpm_mult:Mult0|mult_7dt:auto_generated|mac_mult7 ; 0                 ; 6       ;
;      - processingElement:gen_left[0].u_pe_left|mult:m1|lpm_mult:Mult0|mult_7dt:auto_generated|mac_mult5 ; 0                 ; 6       ;
;      - processingElement:gen_left[0].u_pe_left|regChain:r34|regX:gen_reg[0].u_reg|q_out[31]~feeder      ; 0                 ; 6       ;
+---------------------------------------------------------------------------------------------------------+-------------------+---------+


+-----------------------------------------------------------------------------------------------------------------------------------------------------------------------------------------------------------------------------------------------------------------------------------------------------+
; Control Signals                                                                                                                                                                                                                                                                                     ;
+-------------------------------------------------------------------------------------------------------------------------------------------------------------------------+-------------------+---------+--------------+--------+----------------------+------------------+---------------------------+
; Name                                                                                                                                                                    ; Location          ; Fan-Out ; Usage        ; Global ; Global Resource Used ; Global Line Name ; Enable Signal Source Name ;
+-------------------------------------------------------------------------------------------------------------------------------------------------------------------------+-------------------+---------+--------------+--------+----------------------+------------------+---------------------------+
; beta                                                                                                                                                                    ; PIN_AB15          ; 5       ; Clock enable ; no     ; --                   ; --               ; --                        ;
; clk                                                                                                                                                                     ; PIN_G1            ; 755     ; Clock        ; yes    ; Global Clock         ; GCLK2            ; --                        ;
; processingElement:gen_left[0].u_pe_left|dffMy:d2|q_out                                                                                                                  ; FF_X28_Y8_N11     ; 5       ; Clock enable ; no     ; --                   ; --               ; --                        ;
; processingElement:gen_left[0].u_pe_left|regChain:r1|regX:gen_reg[1].u_reg|altshift_taps:q_out_rtl_0|shift_taps_dkm:auto_generated|cntr_r8h:cntr3|counter_comb_bita1~0   ; LCCOMB_X14_Y7_N22 ; 3       ; Clock enable ; no     ; --                   ; --               ; --                        ;
; processingElement:gen_left[0].u_pe_left|regChain:r1|regX:gen_reg[1].u_reg|altshift_taps:q_out_rtl_0|shift_taps_dkm:auto_generated|dffe4                                 ; FF_X14_Y7_N11     ; 1       ; Async. clear ; no     ; --                   ; --               ; --                        ;
; processingElement:gen_left[1].u_pe_left|dffMy:d2|q_out                                                                                                                  ; FF_X28_Y8_N1      ; 5       ; Clock enable ; no     ; --                   ; --               ; --                        ;
; processingElement:gen_right[2].u_pe_right|dffMy:d2|q_out                                                                                                                ; FF_X33_Y9_N29     ; 4       ; Clock enable ; no     ; --                   ; --               ; --                        ;
; processingElement:gen_right[3].u_pe_right|regChain:r2|regX:gen_reg[0].u_reg|altshift_taps:q_out_rtl_0|shift_taps_2mm:auto_generated|cntr_p8h:cntr5|counter_comb_bita0~0 ; LCCOMB_X19_Y28_N2 ; 2       ; Clock enable ; no     ; --                   ; --               ; --                        ;
; processingElement:gen_right[3].u_pe_right|regChain:r2|regX:gen_reg[0].u_reg|altshift_taps:q_out_rtl_0|shift_taps_2mm:auto_generated|dffe6                               ; FF_X19_Y28_N9     ; 4       ; Async. clear ; yes    ; Global Clock         ; GCLK13           ; --                        ;
; reset                                                                                                                                                                   ; PIN_T2            ; 745     ; Async. clear ; yes    ; Global Clock         ; GCLK4            ; --                        ;
+-------------------------------------------------------------------------------------------------------------------------------------------------------------------------+-------------------+---------+--------------+--------+----------------------+------------------+---------------------------+


+----------------------------------------------------------------------------------------------------------------------------------------------------------------------------------------------------------------------------------------------------------------------------------+
; Global & Other Fast Signals                                                                                                                                                                                                                                                      ;
+-------------------------------------------------------------------------------------------------------------------------------------------+---------------+---------+--------------------------------------+----------------------+------------------+---------------------------+
; Name                                                                                                                                      ; Location      ; Fan-Out ; Fan-Out Using Intentional Clock Skew ; Global Resource Used ; Global Line Name ; Enable Signal Source Name ;
+-------------------------------------------------------------------------------------------------------------------------------------------+---------------+---------+--------------------------------------+----------------------+------------------+---------------------------+
; clk                                                                                                                                       ; PIN_G1        ; 755     ; 65                                   ; Global Clock         ; GCLK2            ; --                        ;
; processingElement:gen_right[3].u_pe_right|regChain:r2|regX:gen_reg[0].u_reg|altshift_taps:q_out_rtl_0|shift_taps_2mm:auto_generated|dffe6 ; FF_X19_Y28_N9 ; 4       ; 0                                    ; Global Clock         ; GCLK13           ; --                        ;
; reset                                                                                                                                     ; PIN_T2        ; 745     ; 0                                    ; Global Clock         ; GCLK4            ; --                        ;
+-------------------------------------------------------------------------------------------------------------------------------------------+---------------+---------+--------------------------------------+----------------------+------------------+---------------------------+


+----------------------------------------------------------------------------------------------------------------------------------------------------------------------------------------------------------------------------------------------------------------------------------------------------------------------------------------------------------------------------------------------------------------------------------------------------------------------------------------------------------------------------------------------------------------------------------------------------------------------------------------------------------------------------------------------------------------------------------------------------+
; Fitter RAM Summary                                                                                                                                                                                                                                                                                                                                                                                                                                                                                                                                                                                                                                                                                                                                 ;
+----------------------------------------------------------------------------------------------------------------------------------------------------------------------------+------+------------------+--------------+--------------+--------------+--------------+--------------+------------------------+-------------------------+------------------------+-------------------------+------+-----------------------------+-----------------------------+-----------------------------+-----------------------------+---------------------+------+------+------------------------------------------------------------+----------------------+------------------------+------------------------+----------+------------------------+---------------+
; Name                                                                                                                                                                       ; Type ; Mode             ; Clock Mode   ; Port A Depth ; Port A Width ; Port B Depth ; Port B Width ; Port A Input Registers ; Port A Output Registers ; Port B Input Registers ; Port B Output Registers ; Size ; Implementation Port A Depth ; Implementation Port A Width ; Implementation Port B Depth ; Implementation Port B Width ; Implementation Bits ; M9Ks ; MIF  ; Location                                                   ; Mixed Width RDW Mode ; Port A RDW Mode        ; Port B RDW Mode        ; ECC Mode ; ECC Pipeline Registers ; Fits in MLABs ;
+----------------------------------------------------------------------------------------------------------------------------------------------------------------------------+------+------------------+--------------+--------------+--------------+--------------+--------------+------------------------+-------------------------+------------------------+-------------------------+------+-----------------------------+-----------------------------+-----------------------------+-----------------------------+---------------------+------+------+------------------------------------------------------------+----------------------+------------------------+------------------------+----------+------------------------+---------------+
; processingElement:gen_left[0].u_pe_left|regChain:r1|regX:gen_reg[1].u_reg|altshift_taps:q_out_rtl_0|shift_taps_dkm:auto_generated|altsyncram_o1b1:altsyncram2|ALTSYNCRAM   ; AUTO ; Simple Dual Port ; Single Clock ; 2            ; 32           ; 2            ; 32           ; yes                    ; no                      ; yes                    ; yes                     ; 64   ; 2                           ; 32                          ; 2                           ; 32                          ; 64                  ; 1    ; None ; M9K_X13_Y7_N0                                              ; Old data             ; New data with NBE Read ; New data with NBE Read ; Off      ; No                     ; No - Unknown  ;
; processingElement:gen_right[3].u_pe_right|regChain:r2|regX:gen_reg[0].u_reg|altshift_taps:q_out_rtl_0|shift_taps_2mm:auto_generated|altsyncram_9c61:altsyncram4|ALTSYNCRAM ; AUTO ; Simple Dual Port ; Single Clock ; 3            ; 128          ; 3            ; 128          ; yes                    ; no                      ; yes                    ; yes                     ; 384  ; 3                           ; 128                         ; 3                           ; 128                         ; 384                 ; 4    ; None ; M9K_X25_Y7_N0, M9K_X25_Y6_N0, M9K_X13_Y3_N0, M9K_X13_Y9_N0 ; Don't care           ; New data with NBE Read ; New data with NBE Read ; Off      ; No                     ; No - Unknown  ;
+----------------------------------------------------------------------------------------------------------------------------------------------------------------------------+------+------------------+--------------+--------------+--------------+--------------+--------------+------------------------+-------------------------+------------------------+-------------------------+------+-----------------------------+-----------------------------+-----------------------------+-----------------------------+---------------------+------+------+------------------------------------------------------------+----------------------+------------------------+------------------------+----------+------------------------+---------------+
Note: Fitter may spread logical memories into multiple blocks to improve timing. The actual required RAM blocks can be found in the Fitter Resource Usage section.


+-----------------------------------------------------------------------------------------------+
; Fitter DSP Block Usage Summary                                                                ;
+---------------------------------------+-------------+---------------------+-------------------+
; Statistic                             ; Number Used ; Available per Block ; Maximum Available ;
+---------------------------------------+-------------+---------------------+-------------------+
; Simple Multipliers (9-bit)            ; 0           ; 2                   ; 112               ;
; Simple Multipliers (18-bit)           ; 16          ; 1                   ; 56                ;
; Embedded Multiplier Blocks            ; 16          ; --                  ; 56                ;
; Embedded Multiplier 9-bit elements    ; 32          ; 2                   ; 112               ;
; Signed Embedded Multipliers           ; 0           ; --                  ; --                ;
; Unsigned Embedded Multipliers         ; 16          ; --                  ; --                ;
; Mixed Sign Embedded Multipliers       ; 0           ; --                  ; --                ;
; Variable Sign Embedded Multipliers    ; 0           ; --                  ; --                ;
; Dedicated Input Shift Register Chains ; 0           ; --                  ; --                ;
+---------------------------------------+-------------+---------------------+-------------------+


+------------------------------------------------------------------------------------------------------------------------------------------------------------------------------------------------------------------------------------------------------------------------------------------------------+
; DSP Block Details                                                                                                                                                                                                                                                                                    ;
+-------------------------------------------------------------------------------------------------------+----------------------------+--------------------+---------------------+--------------------------------+-----------------------+-----------------------+-------------------+-----------------+
; Name                                                                                                  ; Mode                       ; Location           ; Sign Representation ; Has Input Shift Register Chain ; Data A Input Register ; Data B Input Register ; Pipeline Register ; Output Register ;
+-------------------------------------------------------------------------------------------------------+----------------------------+--------------------+---------------------+--------------------------------+-----------------------+-----------------------+-------------------+-----------------+
; processingElement:gen_right[3].u_pe_right|mult:m1|lpm_mult:Mult0|mult_7dt:auto_generated|w513w[0]     ; Simple Multiplier (18-bit) ; DSPOUT_X34_Y11_N2  ;                     ; No                             ;                       ;                       ;                   ; no              ;
;    processingElement:gen_right[3].u_pe_right|mult:m1|lpm_mult:Mult0|mult_7dt:auto_generated|mac_mult1 ;                            ; DSPMULT_X34_Y11_N0 ; Unsigned            ;                                ; yes                   ; no                    ; no                ;                 ;
; processingElement:gen_right[3].u_pe_right|mult:m1|lpm_mult:Mult0|mult_7dt:auto_generated|mac_out4     ; Simple Multiplier (18-bit) ; DSPOUT_X34_Y10_N2  ;                     ; No                             ;                       ;                       ;                   ; no              ;
;    processingElement:gen_right[3].u_pe_right|mult:m1|lpm_mult:Mult0|mult_7dt:auto_generated|mac_mult3 ;                            ; DSPMULT_X34_Y10_N0 ; Unsigned            ;                                ; yes                   ; no                    ; no                ;                 ;
; processingElement:gen_right[3].u_pe_right|mult:m1|lpm_mult:Mult0|mult_7dt:auto_generated|mac_out6     ; Simple Multiplier (18-bit) ; DSPOUT_X34_Y12_N2  ;                     ; No                             ;                       ;                       ;                   ; no              ;
;    processingElement:gen_right[3].u_pe_right|mult:m1|lpm_mult:Mult0|mult_7dt:auto_generated|mac_mult5 ;                            ; DSPMULT_X34_Y12_N0 ; Unsigned            ;                                ; no                    ; yes                   ; no                ;                 ;
; processingElement:gen_right[3].u_pe_right|mult:m1|lpm_mult:Mult0|mult_7dt:auto_generated|mac_out8     ; Simple Multiplier (18-bit) ; DSPOUT_X34_Y9_N2   ;                     ; No                             ;                       ;                       ;                   ; no              ;
;    processingElement:gen_right[3].u_pe_right|mult:m1|lpm_mult:Mult0|mult_7dt:auto_generated|mac_mult7 ;                            ; DSPMULT_X34_Y9_N0  ; Unsigned            ;                                ; yes                   ; no                    ; no                ;                 ;
; processingElement:gen_right[2].u_pe_right|mult:m1|lpm_mult:Mult0|mult_7dt:auto_generated|w513w[0]     ; Simple Multiplier (18-bit) ; DSPOUT_X34_Y8_N2   ;                     ; No                             ;                       ;                       ;                   ; no              ;
;    processingElement:gen_right[2].u_pe_right|mult:m1|lpm_mult:Mult0|mult_7dt:auto_generated|mac_mult1 ;                            ; DSPMULT_X34_Y8_N0  ; Unsigned            ;                                ; yes                   ; no                    ; no                ;                 ;
; processingElement:gen_right[2].u_pe_right|mult:m1|lpm_mult:Mult0|mult_7dt:auto_generated|mac_out4     ; Simple Multiplier (18-bit) ; DSPOUT_X34_Y6_N2   ;                     ; No                             ;                       ;                       ;                   ; no              ;
;    processingElement:gen_right[2].u_pe_right|mult:m1|lpm_mult:Mult0|mult_7dt:auto_generated|mac_mult3 ;                            ; DSPMULT_X34_Y6_N0  ; Unsigned            ;                                ; yes                   ; no                    ; no                ;                 ;
; processingElement:gen_right[2].u_pe_right|mult:m1|lpm_mult:Mult0|mult_7dt:auto_generated|mac_out6     ; Simple Multiplier (18-bit) ; DSPOUT_X34_Y7_N2   ;                     ; No                             ;                       ;                       ;                   ; no              ;
;    processingElement:gen_right[2].u_pe_right|mult:m1|lpm_mult:Mult0|mult_7dt:auto_generated|mac_mult5 ;                            ; DSPMULT_X34_Y7_N0  ; Unsigned            ;                                ; no                    ; yes                   ; no                ;                 ;
; processingElement:gen_right[2].u_pe_right|mult:m1|lpm_mult:Mult0|mult_7dt:auto_generated|mac_out8     ; Simple Multiplier (18-bit) ; DSPOUT_X34_Y5_N2   ;                     ; No                             ;                       ;                       ;                   ; no              ;
;    processingElement:gen_right[2].u_pe_right|mult:m1|lpm_mult:Mult0|mult_7dt:auto_generated|mac_mult7 ;                            ; DSPMULT_X34_Y5_N0  ; Unsigned            ;                                ; yes                   ; no                    ; no                ;                 ;
; processingElement:gen_left[1].u_pe_left|mult:m1|lpm_mult:Mult0|mult_7dt:auto_generated|w513w[0]       ; Simple Multiplier (18-bit) ; DSPOUT_X18_Y4_N2   ;                     ; No                             ;                       ;                       ;                   ; no              ;
;    processingElement:gen_left[1].u_pe_left|mult:m1|lpm_mult:Mult0|mult_7dt:auto_generated|mac_mult1   ;                            ; DSPMULT_X18_Y4_N0  ; Unsigned            ;                                ; yes                   ; no                    ; no                ;                 ;
; processingElement:gen_left[1].u_pe_left|mult:m1|lpm_mult:Mult0|mult_7dt:auto_generated|mac_out4       ; Simple Multiplier (18-bit) ; DSPOUT_X18_Y3_N2   ;                     ; No                             ;                       ;                       ;                   ; no              ;
;    processingElement:gen_left[1].u_pe_left|mult:m1|lpm_mult:Mult0|mult_7dt:auto_generated|mac_mult3   ;                            ; DSPMULT_X18_Y3_N0  ; Unsigned            ;                                ; yes                   ; no                    ; no                ;                 ;
; processingElement:gen_left[1].u_pe_left|mult:m1|lpm_mult:Mult0|mult_7dt:auto_generated|mac_out6       ; Simple Multiplier (18-bit) ; DSPOUT_X18_Y2_N2   ;                     ; No                             ;                       ;                       ;                   ; no              ;
;    processingElement:gen_left[1].u_pe_left|mult:m1|lpm_mult:Mult0|mult_7dt:auto_generated|mac_mult5   ;                            ; DSPMULT_X18_Y2_N0  ; Unsigned            ;                                ; no                    ; yes                   ; no                ;                 ;
; processingElement:gen_left[1].u_pe_left|mult:m1|lpm_mult:Mult0|mult_7dt:auto_generated|mac_out8       ; Simple Multiplier (18-bit) ; DSPOUT_X18_Y1_N2   ;                     ; No                             ;                       ;                       ;                   ; no              ;
;    processingElement:gen_left[1].u_pe_left|mult:m1|lpm_mult:Mult0|mult_7dt:auto_generated|mac_mult7   ;                            ; DSPMULT_X18_Y1_N0  ; Unsigned            ;                                ; yes                   ; no                    ; no                ;                 ;
; processingElement:gen_left[0].u_pe_left|mult:m1|lpm_mult:Mult0|mult_7dt:auto_generated|w513w[0]       ; Simple Multiplier (18-bit) ; DSPOUT_X18_Y10_N2  ;                     ; No                             ;                       ;                       ;                   ; no              ;
;    processingElement:gen_left[0].u_pe_left|mult:m1|lpm_mult:Mult0|mult_7dt:auto_generated|mac_mult1   ;                            ; DSPMULT_X18_Y10_N0 ; Unsigned            ;                                ; yes                   ; no                    ; no                ;                 ;
; processingElement:gen_left[0].u_pe_left|mult:m1|lpm_mult:Mult0|mult_7dt:auto_generated|mac_out4       ; Simple Multiplier (18-bit) ; DSPOUT_X18_Y9_N2   ;                     ; No                             ;                       ;                       ;                   ; no              ;
;    processingElement:gen_left[0].u_pe_left|mult:m1|lpm_mult:Mult0|mult_7dt:auto_generated|mac_mult3   ;                            ; DSPMULT_X18_Y9_N0  ; Unsigned            ;                                ; yes                   ; no                    ; no                ;                 ;
; processingElement:gen_left[0].u_pe_left|mult:m1|lpm_mult:Mult0|mult_7dt:auto_generated|mac_out6       ; Simple Multiplier (18-bit) ; DSPOUT_X18_Y8_N2   ;                     ; No                             ;                       ;                       ;                   ; no              ;
;    processingElement:gen_left[0].u_pe_left|mult:m1|lpm_mult:Mult0|mult_7dt:auto_generated|mac_mult5   ;                            ; DSPMULT_X18_Y8_N0  ; Unsigned            ;                                ; no                    ; yes                   ; no                ;                 ;
; processingElement:gen_left[0].u_pe_left|mult:m1|lpm_mult:Mult0|mult_7dt:auto_generated|mac_out8       ; Simple Multiplier (18-bit) ; DSPOUT_X18_Y7_N2   ;                     ; No                             ;                       ;                       ;                   ; no              ;
;    processingElement:gen_left[0].u_pe_left|mult:m1|lpm_mult:Mult0|mult_7dt:auto_generated|mac_mult7   ;                            ; DSPMULT_X18_Y7_N0  ; Unsigned            ;                                ; yes                   ; no                    ; no                ;                 ;
+-------------------------------------------------------------------------------------------------------+----------------------------+--------------------+---------------------+--------------------------------+-----------------------+-----------------------+-------------------+-----------------+


+------------------------------------------------+
; Routing Usage Summary                          ;
+-----------------------+------------------------+
; Routing Resource Type ; Usage                  ;
+-----------------------+------------------------+
; Block interconnects   ; 2,341 / 47,787 ( 5 % ) ;
; C16 interconnects     ; 169 / 1,804 ( 9 % )    ;
; C4 interconnects      ; 1,614 / 31,272 ( 5 % ) ;
; Direct links          ; 276 / 47,787 ( < 1 % ) ;
; Global clocks         ; 3 / 20 ( 15 % )        ;
; Local interconnects   ; 232 / 15,408 ( 2 % )   ;
; R24 interconnects     ; 128 / 1,775 ( 7 % )    ;
; R4 interconnects      ; 2,225 / 41,310 ( 5 % ) ;
+-----------------------+------------------------+


+-----------------------------------------------------------------------------+
; LAB Logic Elements                                                          ;
+---------------------------------------------+-------------------------------+
; Number of Logic Elements  (Average = 10.05) ; Number of LABs  (Total = 112) ;
+---------------------------------------------+-------------------------------+
; 1                                           ; 4                             ;
; 2                                           ; 5                             ;
; 3                                           ; 4                             ;
; 4                                           ; 4                             ;
; 5                                           ; 6                             ;
; 6                                           ; 13                            ;
; 7                                           ; 8                             ;
; 8                                           ; 6                             ;
; 9                                           ; 9                             ;
; 10                                          ; 3                             ;
; 11                                          ; 3                             ;
; 12                                          ; 2                             ;
; 13                                          ; 1                             ;
; 14                                          ; 1                             ;
; 15                                          ; 11                            ;
; 16                                          ; 32                            ;
+---------------------------------------------+-------------------------------+


+--------------------------------------------------------------------+
; LAB-wide Signals                                                   ;
+------------------------------------+-------------------------------+
; LAB-wide Signals  (Average = 1.54) ; Number of LABs  (Total = 112) ;
+------------------------------------+-------------------------------+
; 1 Async. clear                     ; 86                            ;
; 1 Clock                            ; 87                            ;
+------------------------------------+-------------------------------+


+------------------------------------------------------------------------------+
; LAB Signals Sourced                                                          ;
+----------------------------------------------+-------------------------------+
; Number of Signals Sourced  (Average = 15.83) ; Number of LABs  (Total = 112) ;
+----------------------------------------------+-------------------------------+
; 0                                            ; 0                             ;
; 1                                            ; 1                             ;
; 2                                            ; 3                             ;
; 3                                            ; 2                             ;
; 4                                            ; 4                             ;
; 5                                            ; 2                             ;
; 6                                            ; 2                             ;
; 7                                            ; 1                             ;
; 8                                            ; 5                             ;
; 9                                            ; 9                             ;
; 10                                           ; 6                             ;
; 11                                           ; 7                             ;
; 12                                           ; 9                             ;
; 13                                           ; 2                             ;
; 14                                           ; 3                             ;
; 15                                           ; 6                             ;
; 16                                           ; 12                            ;
; 17                                           ; 1                             ;
; 18                                           ; 5                             ;
; 19                                           ; 3                             ;
; 20                                           ; 1                             ;
; 21                                           ; 1                             ;
; 22                                           ; 1                             ;
; 23                                           ; 0                             ;
; 24                                           ; 1                             ;
; 25                                           ; 3                             ;
; 26                                           ; 2                             ;
; 27                                           ; 0                             ;
; 28                                           ; 1                             ;
; 29                                           ; 2                             ;
; 30                                           ; 4                             ;
; 31                                           ; 1                             ;
; 32                                           ; 12                            ;
+----------------------------------------------+-------------------------------+


+---------------------------------------------------------------------------------+
; LAB Signals Sourced Out                                                         ;
+-------------------------------------------------+-------------------------------+
; Number of Signals Sourced Out  (Average = 8.64) ; Number of LABs  (Total = 112) ;
+-------------------------------------------------+-------------------------------+
; 0                                               ; 0                             ;
; 1                                               ; 6                             ;
; 2                                               ; 9                             ;
; 3                                               ; 19                            ;
; 4                                               ; 11                            ;
; 5                                               ; 1                             ;
; 6                                               ; 3                             ;
; 7                                               ; 3                             ;
; 8                                               ; 4                             ;
; 9                                               ; 13                            ;
; 10                                              ; 2                             ;
; 11                                              ; 2                             ;
; 12                                              ; 3                             ;
; 13                                              ; 1                             ;
; 14                                              ; 0                             ;
; 15                                              ; 8                             ;
; 16                                              ; 24                            ;
; 17                                              ; 0                             ;
; 18                                              ; 2                             ;
; 19                                              ; 1                             ;
+-------------------------------------------------+-------------------------------+


+------------------------------------------------------------------------------+
; LAB Distinct Inputs                                                          ;
+----------------------------------------------+-------------------------------+
; Number of Distinct Inputs  (Average = 15.54) ; Number of LABs  (Total = 112) ;
+----------------------------------------------+-------------------------------+
; 0                                            ; 0                             ;
; 1                                            ; 1                             ;
; 2                                            ; 2                             ;
; 3                                            ; 24                            ;
; 4                                            ; 15                            ;
; 5                                            ; 0                             ;
; 6                                            ; 2                             ;
; 7                                            ; 3                             ;
; 8                                            ; 0                             ;
; 9                                            ; 1                             ;
; 10                                           ; 0                             ;
; 11                                           ; 0                             ;
; 12                                           ; 4                             ;
; 13                                           ; 3                             ;
; 14                                           ; 1                             ;
; 15                                           ; 0                             ;
; 16                                           ; 4                             ;
; 17                                           ; 4                             ;
; 18                                           ; 7                             ;
; 19                                           ; 3                             ;
; 20                                           ; 4                             ;
; 21                                           ; 1                             ;
; 22                                           ; 1                             ;
; 23                                           ; 2                             ;
; 24                                           ; 1                             ;
; 25                                           ; 0                             ;
; 26                                           ; 1                             ;
; 27                                           ; 0                             ;
; 28                                           ; 1                             ;
; 29                                           ; 2                             ;
; 30                                           ; 3                             ;
; 31                                           ; 0                             ;
; 32                                           ; 0                             ;
; 33                                           ; 11                            ;
; 34                                           ; 1                             ;
; 35                                           ; 9                             ;
; 36                                           ; 0                             ;
; 37                                           ; 0                             ;
; 38                                           ; 1                             ;
+----------------------------------------------+-------------------------------+


+------------------------------------------+
; I/O Rules Summary                        ;
+----------------------------------+-------+
; I/O Rules Statistic              ; Total ;
+----------------------------------+-------+
; Total I/O Rules                  ; 30    ;
; Number of I/O Rules Passed       ; 9     ;
; Number of I/O Rules Failed       ; 0     ;
; Number of I/O Rules Unchecked    ; 0     ;
; Number of I/O Rules Inapplicable ; 21    ;
+----------------------------------+-------+


+-----------------------------------------------------------------------------------------------------------------------------------------------------------------------------------------------------------------------------------------------------------------------------------------------------+
; I/O Rules Details                                                                                                                                                                                                                                                                                   ;
+--------------+-----------+-----------------------------------+------------------------------------------------------------------------------------------------------+----------+--------------------------------------------------------------------------+---------------------+-------------------+
; Status       ; ID        ; Category                          ; Rule Description                                                                                     ; Severity ; Information                                                              ; Area                ; Extra Information ;
+--------------+-----------+-----------------------------------+------------------------------------------------------------------------------------------------------+----------+--------------------------------------------------------------------------+---------------------+-------------------+
; Inapplicable ; IO_000002 ; Capacity Checks                   ; Number of clocks in an I/O bank should not exceed the number of clocks available.                    ; Critical ; No Global Signal assignments found.                                      ; I/O                 ;                   ;
; Inapplicable ; IO_000001 ; Capacity Checks                   ; Number of pins in an I/O bank should not exceed the number of locations available.                   ; Critical ; No Location assignments found.                                           ; I/O                 ;                   ;
; Inapplicable ; IO_000003 ; Capacity Checks                   ; Number of pins in a Vrefgroup should not exceed the number of locations available.                   ; Critical ; No Location assignments found.                                           ; I/O                 ;                   ;
; Inapplicable ; IO_000004 ; Voltage Compatibility Checks      ; The I/O bank should support the requested VCCIO.                                                     ; Critical ; No IOBANK_VCCIO assignments found.                                       ; I/O                 ;                   ;
; Inapplicable ; IO_000005 ; Voltage Compatibility Checks      ; The I/O bank should not have competing VREF values.                                                  ; Critical ; No VREF I/O Standard assignments found.                                  ; I/O                 ;                   ;
; Pass         ; IO_000006 ; Voltage Compatibility Checks      ; The I/O bank should not have competing VCCIO values.                                                 ; Critical ; 0 such failures found.                                                   ; I/O                 ;                   ;
; Inapplicable ; IO_000007 ; Valid Location Checks             ; Checks for unavailable locations.                                                                    ; Critical ; No Location assignments found.                                           ; I/O                 ;                   ;
; Inapplicable ; IO_000008 ; Valid Location Checks             ; Checks for reserved locations.                                                                       ; Critical ; No reserved LogicLock region found.                                      ; I/O                 ;                   ;
; Inapplicable ; IO_000047 ; I/O Properties Checks for One I/O ; On Chip Termination and Slew Rate should not be used at the same time.                               ; Critical ; No Slew Rate assignments found.                                          ; I/O                 ;                   ;
; Inapplicable ; IO_000046 ; I/O Properties Checks for One I/O ; The location should support the requested Slew Rate value.                                           ; Critical ; No Slew Rate assignments found.                                          ; I/O                 ;                   ;
; Inapplicable ; IO_000045 ; I/O Properties Checks for One I/O ; The I/O standard should support the requested Slew Rate value.                                       ; Critical ; No Slew Rate assignments found.                                          ; I/O                 ;                   ;
; Inapplicable ; IO_000027 ; I/O Properties Checks for One I/O ; Weak Pull Up and Bus Hold should not be used at the same time.                                       ; Critical ; No Enable Bus-Hold Circuitry or Weak Pull-Up Resistor assignments found. ; I/O                 ;                   ;
; Inapplicable ; IO_000026 ; I/O Properties Checks for One I/O ; On Chip Termination and Current Strength should not be used at the same time.                        ; Critical ; No Current Strength assignments found.                                   ; I/O                 ;                   ;
; Pass         ; IO_000024 ; I/O Properties Checks for One I/O ; The I/O direction should support the On Chip Termination value.                                      ; Critical ; 0 such failures found.                                                   ; I/O                 ;                   ;
; Inapplicable ; IO_000023 ; I/O Properties Checks for One I/O ; The I/O standard should support the Open Drain value.                                                ; Critical ; No open drain assignments found.                                         ; I/O                 ;                   ;
; Inapplicable ; IO_000022 ; I/O Properties Checks for One I/O ; The I/O standard should support the requested Bus Hold value.                                        ; Critical ; No Enable Bus-Hold Circuitry assignments found.                          ; I/O                 ;                   ;
; Inapplicable ; IO_000021 ; I/O Properties Checks for One I/O ; The I/O standard should support the requested Weak Pull Up value.                                    ; Critical ; No Weak Pull-Up Resistor assignments found.                              ; I/O                 ;                   ;
; Pass         ; IO_000020 ; I/O Properties Checks for One I/O ; The I/O standard should support the requested PCI Clamp Diode.                                       ; Critical ; 0 such failures found.                                                   ; I/O                 ;                   ;
; Pass         ; IO_000019 ; I/O Properties Checks for One I/O ; The I/O standard should support the requested On Chip Termination value.                             ; Critical ; 0 such failures found.                                                   ; I/O                 ;                   ;
; Inapplicable ; IO_000018 ; I/O Properties Checks for One I/O ; The I/O standard should support the requested Current Strength.                                      ; Critical ; No Current Strength assignments found.                                   ; I/O                 ;                   ;
; Pass         ; IO_000015 ; I/O Properties Checks for One I/O ; The location should support the requested PCI Clamp Diode.                                           ; Critical ; 0 such failures found.                                                   ; I/O                 ;                   ;
; Inapplicable ; IO_000014 ; I/O Properties Checks for One I/O ; The location should support the requested Weak Pull Up value.                                        ; Critical ; No Weak Pull-Up Resistor assignments found.                              ; I/O                 ;                   ;
; Inapplicable ; IO_000013 ; I/O Properties Checks for One I/O ; The location should support the requested Bus Hold value.                                            ; Critical ; No Enable Bus-Hold Circuitry assignments found.                          ; I/O                 ;                   ;
; Pass         ; IO_000012 ; I/O Properties Checks for One I/O ; The location should support the requested On Chip Termination value.                                 ; Critical ; 0 such failures found.                                                   ; I/O                 ;                   ;
; Inapplicable ; IO_000011 ; I/O Properties Checks for One I/O ; The location should support the requested Current Strength.                                          ; Critical ; No Current Strength assignments found.                                   ; I/O                 ;                   ;
; Pass         ; IO_000010 ; I/O Properties Checks for One I/O ; The location should support the requested I/O direction.                                             ; Critical ; 0 such failures found.                                                   ; I/O                 ;                   ;
; Pass         ; IO_000009 ; I/O Properties Checks for One I/O ; The location should support the requested I/O standard.                                              ; Critical ; 0 such failures found.                                                   ; I/O                 ;                   ;
; Pass         ; IO_000033 ; Electromigration Checks           ; Current density for consecutive I/Os should not exceed 240mA for row I/Os and 240mA for column I/Os. ; Critical ; 0 such failures found.                                                   ; I/O                 ;                   ;
; Inapplicable ; IO_000034 ; SI Related Distance Checks        ; Single-ended outputs should be 5 LAB row(s) away from a differential I/O.                            ; High     ; No Differential I/O Standard assignments found.                          ; I/O                 ;                   ;
; Inapplicable ; IO_000042 ; SI Related SSO Limit Checks       ; No more than 20 outputs are allowed in a VREF group when VREF is being read from.                    ; High     ; No VREF I/O Standard assignments found.                                  ; I/O                 ;                   ;
; ----         ; ----      ; Disclaimer                        ; OCT rules are checked but not reported.                                                              ; None     ; ----                                                                     ; On Chip Termination ;                   ;
+--------------+-----------+-----------------------------------+------------------------------------------------------------------------------------------------------+----------+--------------------------------------------------------------------------+---------------------+-------------------+


+--------------------------------------------------------------------------------------------------------------------------------------------------------------------------------------------------------------------------------------------------------------------------------------------------------------------------------------------------------------------------------------------------------------------------------------------------------------------------+
; I/O Rules Matrix                                                                                                                                                                                                                                                                                                                                                                                                                                                         ;
+--------------------+--------------+--------------+--------------+--------------+--------------+-----------+--------------+--------------+--------------+--------------+--------------+--------------+--------------+--------------+--------------+--------------+--------------+--------------+--------------+--------------+--------------+--------------+--------------+--------------+--------------+-----------+-----------+-----------+--------------+--------------+
; Pin/Rules          ; IO_000002    ; IO_000001    ; IO_000003    ; IO_000004    ; IO_000005    ; IO_000006 ; IO_000007    ; IO_000008    ; IO_000047    ; IO_000046    ; IO_000045    ; IO_000027    ; IO_000026    ; IO_000024    ; IO_000023    ; IO_000022    ; IO_000021    ; IO_000020    ; IO_000019    ; IO_000018    ; IO_000015    ; IO_000014    ; IO_000013    ; IO_000012    ; IO_000011    ; IO_000010 ; IO_000009 ; IO_000033 ; IO_000034    ; IO_000042    ;
+--------------------+--------------+--------------+--------------+--------------+--------------+-----------+--------------+--------------+--------------+--------------+--------------+--------------+--------------+--------------+--------------+--------------+--------------+--------------+--------------+--------------+--------------+--------------+--------------+--------------+--------------+-----------+-----------+-----------+--------------+--------------+
; Total Pass         ; 0            ; 0            ; 0            ; 0            ; 0            ; 234       ; 0            ; 0            ; 0            ; 0            ; 0            ; 0            ; 0            ; 68           ; 0            ; 0            ; 0            ; 166          ; 68           ; 0            ; 166          ; 0            ; 0            ; 68           ; 0            ; 234       ; 234       ; 234       ; 0            ; 0            ;
; Total Unchecked    ; 0            ; 0            ; 0            ; 0            ; 0            ; 0         ; 0            ; 0            ; 0            ; 0            ; 0            ; 0            ; 0            ; 0            ; 0            ; 0            ; 0            ; 0            ; 0            ; 0            ; 0            ; 0            ; 0            ; 0            ; 0            ; 0         ; 0         ; 0         ; 0            ; 0            ;
; Total Inapplicable ; 234          ; 234          ; 234          ; 234          ; 234          ; 0         ; 234          ; 234          ; 234          ; 234          ; 234          ; 234          ; 234          ; 166          ; 234          ; 234          ; 234          ; 68           ; 166          ; 234          ; 68           ; 234          ; 234          ; 166          ; 234          ; 0         ; 0         ; 0         ; 234          ; 234          ;
; Total Fail         ; 0            ; 0            ; 0            ; 0            ; 0            ; 0         ; 0            ; 0            ; 0            ; 0            ; 0            ; 0            ; 0            ; 0            ; 0            ; 0            ; 0            ; 0            ; 0            ; 0            ; 0            ; 0            ; 0            ; 0            ; 0            ; 0         ; 0         ; 0         ; 0            ; 0            ;
; c_out[0]           ; Inapplicable ; Inapplicable ; Inapplicable ; Inapplicable ; Inapplicable ; Pass      ; Inapplicable ; Inapplicable ; Inapplicable ; Inapplicable ; Inapplicable ; Inapplicable ; Inapplicable ; Pass         ; Inapplicable ; Inapplicable ; Inapplicable ; Inapplicable ; Pass         ; Inapplicable ; Inapplicable ; Inapplicable ; Inapplicable ; Pass         ; Inapplicable ; Pass      ; Pass      ; Pass      ; Inapplicable ; Inapplicable ;
; c_out[1]           ; Inapplicable ; Inapplicable ; Inapplicable ; Inapplicable ; Inapplicable ; Pass      ; Inapplicable ; Inapplicable ; Inapplicable ; Inapplicable ; Inapplicable ; Inapplicable ; Inapplicable ; Pass         ; Inapplicable ; Inapplicable ; Inapplicable ; Inapplicable ; Pass         ; Inapplicable ; Inapplicable ; Inapplicable ; Inapplicable ; Pass         ; Inapplicable ; Pass      ; Pass      ; Pass      ; Inapplicable ; Inapplicable ;
; c_out[2]           ; Inapplicable ; Inapplicable ; Inapplicable ; Inapplicable ; Inapplicable ; Pass      ; Inapplicable ; Inapplicable ; Inapplicable ; Inapplicable ; Inapplicable ; Inapplicable ; Inapplicable ; Pass         ; Inapplicable ; Inapplicable ; Inapplicable ; Inapplicable ; Pass         ; Inapplicable ; Inapplicable ; Inapplicable ; Inapplicable ; Pass         ; Inapplicable ; Pass      ; Pass      ; Pass      ; Inapplicable ; Inapplicable ;
; c_out[3]           ; Inapplicable ; Inapplicable ; Inapplicable ; Inapplicable ; Inapplicable ; Pass      ; Inapplicable ; Inapplicable ; Inapplicable ; Inapplicable ; Inapplicable ; Inapplicable ; Inapplicable ; Pass         ; Inapplicable ; Inapplicable ; Inapplicable ; Inapplicable ; Pass         ; Inapplicable ; Inapplicable ; Inapplicable ; Inapplicable ; Pass         ; Inapplicable ; Pass      ; Pass      ; Pass      ; Inapplicable ; Inapplicable ;
; c_out[4]           ; Inapplicable ; Inapplicable ; Inapplicable ; Inapplicable ; Inapplicable ; Pass      ; Inapplicable ; Inapplicable ; Inapplicable ; Inapplicable ; Inapplicable ; Inapplicable ; Inapplicable ; Pass         ; Inapplicable ; Inapplicable ; Inapplicable ; Inapplicable ; Pass         ; Inapplicable ; Inapplicable ; Inapplicable ; Inapplicable ; Pass         ; Inapplicable ; Pass      ; Pass      ; Pass      ; Inapplicable ; Inapplicable ;
; c_out[5]           ; Inapplicable ; Inapplicable ; Inapplicable ; Inapplicable ; Inapplicable ; Pass      ; Inapplicable ; Inapplicable ; Inapplicable ; Inapplicable ; Inapplicable ; Inapplicable ; Inapplicable ; Pass         ; Inapplicable ; Inapplicable ; Inapplicable ; Inapplicable ; Pass         ; Inapplicable ; Inapplicable ; Inapplicable ; Inapplicable ; Pass         ; Inapplicable ; Pass      ; Pass      ; Pass      ; Inapplicable ; Inapplicable ;
; c_out[6]           ; Inapplicable ; Inapplicable ; Inapplicable ; Inapplicable ; Inapplicable ; Pass      ; Inapplicable ; Inapplicable ; Inapplicable ; Inapplicable ; Inapplicable ; Inapplicable ; Inapplicable ; Pass         ; Inapplicable ; Inapplicable ; Inapplicable ; Inapplicable ; Pass         ; Inapplicable ; Inapplicable ; Inapplicable ; Inapplicable ; Pass         ; Inapplicable ; Pass      ; Pass      ; Pass      ; Inapplicable ; Inapplicable ;
; c_out[7]           ; Inapplicable ; Inapplicable ; Inapplicable ; Inapplicable ; Inapplicable ; Pass      ; Inapplicable ; Inapplicable ; Inapplicable ; Inapplicable ; Inapplicable ; Inapplicable ; Inapplicable ; Pass         ; Inapplicable ; Inapplicable ; Inapplicable ; Inapplicable ; Pass         ; Inapplicable ; Inapplicable ; Inapplicable ; Inapplicable ; Pass         ; Inapplicable ; Pass      ; Pass      ; Pass      ; Inapplicable ; Inapplicable ;
; c_out[8]           ; Inapplicable ; Inapplicable ; Inapplicable ; Inapplicable ; Inapplicable ; Pass      ; Inapplicable ; Inapplicable ; Inapplicable ; Inapplicable ; Inapplicable ; Inapplicable ; Inapplicable ; Pass         ; Inapplicable ; Inapplicable ; Inapplicable ; Inapplicable ; Pass         ; Inapplicable ; Inapplicable ; Inapplicable ; Inapplicable ; Pass         ; Inapplicable ; Pass      ; Pass      ; Pass      ; Inapplicable ; Inapplicable ;
; c_out[9]           ; Inapplicable ; Inapplicable ; Inapplicable ; Inapplicable ; Inapplicable ; Pass      ; Inapplicable ; Inapplicable ; Inapplicable ; Inapplicable ; Inapplicable ; Inapplicable ; Inapplicable ; Pass         ; Inapplicable ; Inapplicable ; Inapplicable ; Inapplicable ; Pass         ; Inapplicable ; Inapplicable ; Inapplicable ; Inapplicable ; Pass         ; Inapplicable ; Pass      ; Pass      ; Pass      ; Inapplicable ; Inapplicable ;
; c_out[10]          ; Inapplicable ; Inapplicable ; Inapplicable ; Inapplicable ; Inapplicable ; Pass      ; Inapplicable ; Inapplicable ; Inapplicable ; Inapplicable ; Inapplicable ; Inapplicable ; Inapplicable ; Pass         ; Inapplicable ; Inapplicable ; Inapplicable ; Inapplicable ; Pass         ; Inapplicable ; Inapplicable ; Inapplicable ; Inapplicable ; Pass         ; Inapplicable ; Pass      ; Pass      ; Pass      ; Inapplicable ; Inapplicable ;
; c_out[11]          ; Inapplicable ; Inapplicable ; Inapplicable ; Inapplicable ; Inapplicable ; Pass      ; Inapplicable ; Inapplicable ; Inapplicable ; Inapplicable ; Inapplicable ; Inapplicable ; Inapplicable ; Pass         ; Inapplicable ; Inapplicable ; Inapplicable ; Inapplicable ; Pass         ; Inapplicable ; Inapplicable ; Inapplicable ; Inapplicable ; Pass         ; Inapplicable ; Pass      ; Pass      ; Pass      ; Inapplicable ; Inapplicable ;
; c_out[12]          ; Inapplicable ; Inapplicable ; Inapplicable ; Inapplicable ; Inapplicable ; Pass      ; Inapplicable ; Inapplicable ; Inapplicable ; Inapplicable ; Inapplicable ; Inapplicable ; Inapplicable ; Pass         ; Inapplicable ; Inapplicable ; Inapplicable ; Inapplicable ; Pass         ; Inapplicable ; Inapplicable ; Inapplicable ; Inapplicable ; Pass         ; Inapplicable ; Pass      ; Pass      ; Pass      ; Inapplicable ; Inapplicable ;
; c_out[13]          ; Inapplicable ; Inapplicable ; Inapplicable ; Inapplicable ; Inapplicable ; Pass      ; Inapplicable ; Inapplicable ; Inapplicable ; Inapplicable ; Inapplicable ; Inapplicable ; Inapplicable ; Pass         ; Inapplicable ; Inapplicable ; Inapplicable ; Inapplicable ; Pass         ; Inapplicable ; Inapplicable ; Inapplicable ; Inapplicable ; Pass         ; Inapplicable ; Pass      ; Pass      ; Pass      ; Inapplicable ; Inapplicable ;
; c_out[14]          ; Inapplicable ; Inapplicable ; Inapplicable ; Inapplicable ; Inapplicable ; Pass      ; Inapplicable ; Inapplicable ; Inapplicable ; Inapplicable ; Inapplicable ; Inapplicable ; Inapplicable ; Pass         ; Inapplicable ; Inapplicable ; Inapplicable ; Inapplicable ; Pass         ; Inapplicable ; Inapplicable ; Inapplicable ; Inapplicable ; Pass         ; Inapplicable ; Pass      ; Pass      ; Pass      ; Inapplicable ; Inapplicable ;
; c_out[15]          ; Inapplicable ; Inapplicable ; Inapplicable ; Inapplicable ; Inapplicable ; Pass      ; Inapplicable ; Inapplicable ; Inapplicable ; Inapplicable ; Inapplicable ; Inapplicable ; Inapplicable ; Pass         ; Inapplicable ; Inapplicable ; Inapplicable ; Inapplicable ; Pass         ; Inapplicable ; Inapplicable ; Inapplicable ; Inapplicable ; Pass         ; Inapplicable ; Pass      ; Pass      ; Pass      ; Inapplicable ; Inapplicable ;
; c_out[16]          ; Inapplicable ; Inapplicable ; Inapplicable ; Inapplicable ; Inapplicable ; Pass      ; Inapplicable ; Inapplicable ; Inapplicable ; Inapplicable ; Inapplicable ; Inapplicable ; Inapplicable ; Pass         ; Inapplicable ; Inapplicable ; Inapplicable ; Inapplicable ; Pass         ; Inapplicable ; Inapplicable ; Inapplicable ; Inapplicable ; Pass         ; Inapplicable ; Pass      ; Pass      ; Pass      ; Inapplicable ; Inapplicable ;
; c_out[17]          ; Inapplicable ; Inapplicable ; Inapplicable ; Inapplicable ; Inapplicable ; Pass      ; Inapplicable ; Inapplicable ; Inapplicable ; Inapplicable ; Inapplicable ; Inapplicable ; Inapplicable ; Pass         ; Inapplicable ; Inapplicable ; Inapplicable ; Inapplicable ; Pass         ; Inapplicable ; Inapplicable ; Inapplicable ; Inapplicable ; Pass         ; Inapplicable ; Pass      ; Pass      ; Pass      ; Inapplicable ; Inapplicable ;
; c_out[18]          ; Inapplicable ; Inapplicable ; Inapplicable ; Inapplicable ; Inapplicable ; Pass      ; Inapplicable ; Inapplicable ; Inapplicable ; Inapplicable ; Inapplicable ; Inapplicable ; Inapplicable ; Pass         ; Inapplicable ; Inapplicable ; Inapplicable ; Inapplicable ; Pass         ; Inapplicable ; Inapplicable ; Inapplicable ; Inapplicable ; Pass         ; Inapplicable ; Pass      ; Pass      ; Pass      ; Inapplicable ; Inapplicable ;
; c_out[19]          ; Inapplicable ; Inapplicable ; Inapplicable ; Inapplicable ; Inapplicable ; Pass      ; Inapplicable ; Inapplicable ; Inapplicable ; Inapplicable ; Inapplicable ; Inapplicable ; Inapplicable ; Pass         ; Inapplicable ; Inapplicable ; Inapplicable ; Inapplicable ; Pass         ; Inapplicable ; Inapplicable ; Inapplicable ; Inapplicable ; Pass         ; Inapplicable ; Pass      ; Pass      ; Pass      ; Inapplicable ; Inapplicable ;
; c_out[20]          ; Inapplicable ; Inapplicable ; Inapplicable ; Inapplicable ; Inapplicable ; Pass      ; Inapplicable ; Inapplicable ; Inapplicable ; Inapplicable ; Inapplicable ; Inapplicable ; Inapplicable ; Pass         ; Inapplicable ; Inapplicable ; Inapplicable ; Inapplicable ; Pass         ; Inapplicable ; Inapplicable ; Inapplicable ; Inapplicable ; Pass         ; Inapplicable ; Pass      ; Pass      ; Pass      ; Inapplicable ; Inapplicable ;
; c_out[21]          ; Inapplicable ; Inapplicable ; Inapplicable ; Inapplicable ; Inapplicable ; Pass      ; Inapplicable ; Inapplicable ; Inapplicable ; Inapplicable ; Inapplicable ; Inapplicable ; Inapplicable ; Pass         ; Inapplicable ; Inapplicable ; Inapplicable ; Inapplicable ; Pass         ; Inapplicable ; Inapplicable ; Inapplicable ; Inapplicable ; Pass         ; Inapplicable ; Pass      ; Pass      ; Pass      ; Inapplicable ; Inapplicable ;
; c_out[22]          ; Inapplicable ; Inapplicable ; Inapplicable ; Inapplicable ; Inapplicable ; Pass      ; Inapplicable ; Inapplicable ; Inapplicable ; Inapplicable ; Inapplicable ; Inapplicable ; Inapplicable ; Pass         ; Inapplicable ; Inapplicable ; Inapplicable ; Inapplicable ; Pass         ; Inapplicable ; Inapplicable ; Inapplicable ; Inapplicable ; Pass         ; Inapplicable ; Pass      ; Pass      ; Pass      ; Inapplicable ; Inapplicable ;
; c_out[23]          ; Inapplicable ; Inapplicable ; Inapplicable ; Inapplicable ; Inapplicable ; Pass      ; Inapplicable ; Inapplicable ; Inapplicable ; Inapplicable ; Inapplicable ; Inapplicable ; Inapplicable ; Pass         ; Inapplicable ; Inapplicable ; Inapplicable ; Inapplicable ; Pass         ; Inapplicable ; Inapplicable ; Inapplicable ; Inapplicable ; Pass         ; Inapplicable ; Pass      ; Pass      ; Pass      ; Inapplicable ; Inapplicable ;
; c_out[24]          ; Inapplicable ; Inapplicable ; Inapplicable ; Inapplicable ; Inapplicable ; Pass      ; Inapplicable ; Inapplicable ; Inapplicable ; Inapplicable ; Inapplicable ; Inapplicable ; Inapplicable ; Pass         ; Inapplicable ; Inapplicable ; Inapplicable ; Inapplicable ; Pass         ; Inapplicable ; Inapplicable ; Inapplicable ; Inapplicable ; Pass         ; Inapplicable ; Pass      ; Pass      ; Pass      ; Inapplicable ; Inapplicable ;
; c_out[25]          ; Inapplicable ; Inapplicable ; Inapplicable ; Inapplicable ; Inapplicable ; Pass      ; Inapplicable ; Inapplicable ; Inapplicable ; Inapplicable ; Inapplicable ; Inapplicable ; Inapplicable ; Pass         ; Inapplicable ; Inapplicable ; Inapplicable ; Inapplicable ; Pass         ; Inapplicable ; Inapplicable ; Inapplicable ; Inapplicable ; Pass         ; Inapplicable ; Pass      ; Pass      ; Pass      ; Inapplicable ; Inapplicable ;
; c_out[26]          ; Inapplicable ; Inapplicable ; Inapplicable ; Inapplicable ; Inapplicable ; Pass      ; Inapplicable ; Inapplicable ; Inapplicable ; Inapplicable ; Inapplicable ; Inapplicable ; Inapplicable ; Pass         ; Inapplicable ; Inapplicable ; Inapplicable ; Inapplicable ; Pass         ; Inapplicable ; Inapplicable ; Inapplicable ; Inapplicable ; Pass         ; Inapplicable ; Pass      ; Pass      ; Pass      ; Inapplicable ; Inapplicable ;
; c_out[27]          ; Inapplicable ; Inapplicable ; Inapplicable ; Inapplicable ; Inapplicable ; Pass      ; Inapplicable ; Inapplicable ; Inapplicable ; Inapplicable ; Inapplicable ; Inapplicable ; Inapplicable ; Pass         ; Inapplicable ; Inapplicable ; Inapplicable ; Inapplicable ; Pass         ; Inapplicable ; Inapplicable ; Inapplicable ; Inapplicable ; Pass         ; Inapplicable ; Pass      ; Pass      ; Pass      ; Inapplicable ; Inapplicable ;
; c_out[28]          ; Inapplicable ; Inapplicable ; Inapplicable ; Inapplicable ; Inapplicable ; Pass      ; Inapplicable ; Inapplicable ; Inapplicable ; Inapplicable ; Inapplicable ; Inapplicable ; Inapplicable ; Pass         ; Inapplicable ; Inapplicable ; Inapplicable ; Inapplicable ; Pass         ; Inapplicable ; Inapplicable ; Inapplicable ; Inapplicable ; Pass         ; Inapplicable ; Pass      ; Pass      ; Pass      ; Inapplicable ; Inapplicable ;
; c_out[29]          ; Inapplicable ; Inapplicable ; Inapplicable ; Inapplicable ; Inapplicable ; Pass      ; Inapplicable ; Inapplicable ; Inapplicable ; Inapplicable ; Inapplicable ; Inapplicable ; Inapplicable ; Pass         ; Inapplicable ; Inapplicable ; Inapplicable ; Inapplicable ; Pass         ; Inapplicable ; Inapplicable ; Inapplicable ; Inapplicable ; Pass         ; Inapplicable ; Pass      ; Pass      ; Pass      ; Inapplicable ; Inapplicable ;
; c_out[30]          ; Inapplicable ; Inapplicable ; Inapplicable ; Inapplicable ; Inapplicable ; Pass      ; Inapplicable ; Inapplicable ; Inapplicable ; Inapplicable ; Inapplicable ; Inapplicable ; Inapplicable ; Pass         ; Inapplicable ; Inapplicable ; Inapplicable ; Inapplicable ; Pass         ; Inapplicable ; Inapplicable ; Inapplicable ; Inapplicable ; Pass         ; Inapplicable ; Pass      ; Pass      ; Pass      ; Inapplicable ; Inapplicable ;
; c_out[31]          ; Inapplicable ; Inapplicable ; Inapplicable ; Inapplicable ; Inapplicable ; Pass      ; Inapplicable ; Inapplicable ; Inapplicable ; Inapplicable ; Inapplicable ; Inapplicable ; Inapplicable ; Pass         ; Inapplicable ; Inapplicable ; Inapplicable ; Inapplicable ; Pass         ; Inapplicable ; Inapplicable ; Inapplicable ; Inapplicable ; Pass         ; Inapplicable ; Pass      ; Pass      ; Pass      ; Inapplicable ; Inapplicable ;
; c_out[32]          ; Inapplicable ; Inapplicable ; Inapplicable ; Inapplicable ; Inapplicable ; Pass      ; Inapplicable ; Inapplicable ; Inapplicable ; Inapplicable ; Inapplicable ; Inapplicable ; Inapplicable ; Pass         ; Inapplicable ; Inapplicable ; Inapplicable ; Inapplicable ; Pass         ; Inapplicable ; Inapplicable ; Inapplicable ; Inapplicable ; Pass         ; Inapplicable ; Pass      ; Pass      ; Pass      ; Inapplicable ; Inapplicable ;
; c_out[33]          ; Inapplicable ; Inapplicable ; Inapplicable ; Inapplicable ; Inapplicable ; Pass      ; Inapplicable ; Inapplicable ; Inapplicable ; Inapplicable ; Inapplicable ; Inapplicable ; Inapplicable ; Pass         ; Inapplicable ; Inapplicable ; Inapplicable ; Inapplicable ; Pass         ; Inapplicable ; Inapplicable ; Inapplicable ; Inapplicable ; Pass         ; Inapplicable ; Pass      ; Pass      ; Pass      ; Inapplicable ; Inapplicable ;
; c_out[34]          ; Inapplicable ; Inapplicable ; Inapplicable ; Inapplicable ; Inapplicable ; Pass      ; Inapplicable ; Inapplicable ; Inapplicable ; Inapplicable ; Inapplicable ; Inapplicable ; Inapplicable ; Pass         ; Inapplicable ; Inapplicable ; Inapplicable ; Inapplicable ; Pass         ; Inapplicable ; Inapplicable ; Inapplicable ; Inapplicable ; Pass         ; Inapplicable ; Pass      ; Pass      ; Pass      ; Inapplicable ; Inapplicable ;
; c_out[35]          ; Inapplicable ; Inapplicable ; Inapplicable ; Inapplicable ; Inapplicable ; Pass      ; Inapplicable ; Inapplicable ; Inapplicable ; Inapplicable ; Inapplicable ; Inapplicable ; Inapplicable ; Pass         ; Inapplicable ; Inapplicable ; Inapplicable ; Inapplicable ; Pass         ; Inapplicable ; Inapplicable ; Inapplicable ; Inapplicable ; Pass         ; Inapplicable ; Pass      ; Pass      ; Pass      ; Inapplicable ; Inapplicable ;
; c_out[36]          ; Inapplicable ; Inapplicable ; Inapplicable ; Inapplicable ; Inapplicable ; Pass      ; Inapplicable ; Inapplicable ; Inapplicable ; Inapplicable ; Inapplicable ; Inapplicable ; Inapplicable ; Pass         ; Inapplicable ; Inapplicable ; Inapplicable ; Inapplicable ; Pass         ; Inapplicable ; Inapplicable ; Inapplicable ; Inapplicable ; Pass         ; Inapplicable ; Pass      ; Pass      ; Pass      ; Inapplicable ; Inapplicable ;
; c_out[37]          ; Inapplicable ; Inapplicable ; Inapplicable ; Inapplicable ; Inapplicable ; Pass      ; Inapplicable ; Inapplicable ; Inapplicable ; Inapplicable ; Inapplicable ; Inapplicable ; Inapplicable ; Pass         ; Inapplicable ; Inapplicable ; Inapplicable ; Inapplicable ; Pass         ; Inapplicable ; Inapplicable ; Inapplicable ; Inapplicable ; Pass         ; Inapplicable ; Pass      ; Pass      ; Pass      ; Inapplicable ; Inapplicable ;
; c_out[38]          ; Inapplicable ; Inapplicable ; Inapplicable ; Inapplicable ; Inapplicable ; Pass      ; Inapplicable ; Inapplicable ; Inapplicable ; Inapplicable ; Inapplicable ; Inapplicable ; Inapplicable ; Pass         ; Inapplicable ; Inapplicable ; Inapplicable ; Inapplicable ; Pass         ; Inapplicable ; Inapplicable ; Inapplicable ; Inapplicable ; Pass         ; Inapplicable ; Pass      ; Pass      ; Pass      ; Inapplicable ; Inapplicable ;
; c_out[39]          ; Inapplicable ; Inapplicable ; Inapplicable ; Inapplicable ; Inapplicable ; Pass      ; Inapplicable ; Inapplicable ; Inapplicable ; Inapplicable ; Inapplicable ; Inapplicable ; Inapplicable ; Pass         ; Inapplicable ; Inapplicable ; Inapplicable ; Inapplicable ; Pass         ; Inapplicable ; Inapplicable ; Inapplicable ; Inapplicable ; Pass         ; Inapplicable ; Pass      ; Pass      ; Pass      ; Inapplicable ; Inapplicable ;
; c_out[40]          ; Inapplicable ; Inapplicable ; Inapplicable ; Inapplicable ; Inapplicable ; Pass      ; Inapplicable ; Inapplicable ; Inapplicable ; Inapplicable ; Inapplicable ; Inapplicable ; Inapplicable ; Pass         ; Inapplicable ; Inapplicable ; Inapplicable ; Inapplicable ; Pass         ; Inapplicable ; Inapplicable ; Inapplicable ; Inapplicable ; Pass         ; Inapplicable ; Pass      ; Pass      ; Pass      ; Inapplicable ; Inapplicable ;
; c_out[41]          ; Inapplicable ; Inapplicable ; Inapplicable ; Inapplicable ; Inapplicable ; Pass      ; Inapplicable ; Inapplicable ; Inapplicable ; Inapplicable ; Inapplicable ; Inapplicable ; Inapplicable ; Pass         ; Inapplicable ; Inapplicable ; Inapplicable ; Inapplicable ; Pass         ; Inapplicable ; Inapplicable ; Inapplicable ; Inapplicable ; Pass         ; Inapplicable ; Pass      ; Pass      ; Pass      ; Inapplicable ; Inapplicable ;
; c_out[42]          ; Inapplicable ; Inapplicable ; Inapplicable ; Inapplicable ; Inapplicable ; Pass      ; Inapplicable ; Inapplicable ; Inapplicable ; Inapplicable ; Inapplicable ; Inapplicable ; Inapplicable ; Pass         ; Inapplicable ; Inapplicable ; Inapplicable ; Inapplicable ; Pass         ; Inapplicable ; Inapplicable ; Inapplicable ; Inapplicable ; Pass         ; Inapplicable ; Pass      ; Pass      ; Pass      ; Inapplicable ; Inapplicable ;
; c_out[43]          ; Inapplicable ; Inapplicable ; Inapplicable ; Inapplicable ; Inapplicable ; Pass      ; Inapplicable ; Inapplicable ; Inapplicable ; Inapplicable ; Inapplicable ; Inapplicable ; Inapplicable ; Pass         ; Inapplicable ; Inapplicable ; Inapplicable ; Inapplicable ; Pass         ; Inapplicable ; Inapplicable ; Inapplicable ; Inapplicable ; Pass         ; Inapplicable ; Pass      ; Pass      ; Pass      ; Inapplicable ; Inapplicable ;
; c_out[44]          ; Inapplicable ; Inapplicable ; Inapplicable ; Inapplicable ; Inapplicable ; Pass      ; Inapplicable ; Inapplicable ; Inapplicable ; Inapplicable ; Inapplicable ; Inapplicable ; Inapplicable ; Pass         ; Inapplicable ; Inapplicable ; Inapplicable ; Inapplicable ; Pass         ; Inapplicable ; Inapplicable ; Inapplicable ; Inapplicable ; Pass         ; Inapplicable ; Pass      ; Pass      ; Pass      ; Inapplicable ; Inapplicable ;
; c_out[45]          ; Inapplicable ; Inapplicable ; Inapplicable ; Inapplicable ; Inapplicable ; Pass      ; Inapplicable ; Inapplicable ; Inapplicable ; Inapplicable ; Inapplicable ; Inapplicable ; Inapplicable ; Pass         ; Inapplicable ; Inapplicable ; Inapplicable ; Inapplicable ; Pass         ; Inapplicable ; Inapplicable ; Inapplicable ; Inapplicable ; Pass         ; Inapplicable ; Pass      ; Pass      ; Pass      ; Inapplicable ; Inapplicable ;
; c_out[46]          ; Inapplicable ; Inapplicable ; Inapplicable ; Inapplicable ; Inapplicable ; Pass      ; Inapplicable ; Inapplicable ; Inapplicable ; Inapplicable ; Inapplicable ; Inapplicable ; Inapplicable ; Pass         ; Inapplicable ; Inapplicable ; Inapplicable ; Inapplicable ; Pass         ; Inapplicable ; Inapplicable ; Inapplicable ; Inapplicable ; Pass         ; Inapplicable ; Pass      ; Pass      ; Pass      ; Inapplicable ; Inapplicable ;
; c_out[47]          ; Inapplicable ; Inapplicable ; Inapplicable ; Inapplicable ; Inapplicable ; Pass      ; Inapplicable ; Inapplicable ; Inapplicable ; Inapplicable ; Inapplicable ; Inapplicable ; Inapplicable ; Pass         ; Inapplicable ; Inapplicable ; Inapplicable ; Inapplicable ; Pass         ; Inapplicable ; Inapplicable ; Inapplicable ; Inapplicable ; Pass         ; Inapplicable ; Pass      ; Pass      ; Pass      ; Inapplicable ; Inapplicable ;
; c_out[48]          ; Inapplicable ; Inapplicable ; Inapplicable ; Inapplicable ; Inapplicable ; Pass      ; Inapplicable ; Inapplicable ; Inapplicable ; Inapplicable ; Inapplicable ; Inapplicable ; Inapplicable ; Pass         ; Inapplicable ; Inapplicable ; Inapplicable ; Inapplicable ; Pass         ; Inapplicable ; Inapplicable ; Inapplicable ; Inapplicable ; Pass         ; Inapplicable ; Pass      ; Pass      ; Pass      ; Inapplicable ; Inapplicable ;
; c_out[49]          ; Inapplicable ; Inapplicable ; Inapplicable ; Inapplicable ; Inapplicable ; Pass      ; Inapplicable ; Inapplicable ; Inapplicable ; Inapplicable ; Inapplicable ; Inapplicable ; Inapplicable ; Pass         ; Inapplicable ; Inapplicable ; Inapplicable ; Inapplicable ; Pass         ; Inapplicable ; Inapplicable ; Inapplicable ; Inapplicable ; Pass         ; Inapplicable ; Pass      ; Pass      ; Pass      ; Inapplicable ; Inapplicable ;
; c_out[50]          ; Inapplicable ; Inapplicable ; Inapplicable ; Inapplicable ; Inapplicable ; Pass      ; Inapplicable ; Inapplicable ; Inapplicable ; Inapplicable ; Inapplicable ; Inapplicable ; Inapplicable ; Pass         ; Inapplicable ; Inapplicable ; Inapplicable ; Inapplicable ; Pass         ; Inapplicable ; Inapplicable ; Inapplicable ; Inapplicable ; Pass         ; Inapplicable ; Pass      ; Pass      ; Pass      ; Inapplicable ; Inapplicable ;
; c_out[51]          ; Inapplicable ; Inapplicable ; Inapplicable ; Inapplicable ; Inapplicable ; Pass      ; Inapplicable ; Inapplicable ; Inapplicable ; Inapplicable ; Inapplicable ; Inapplicable ; Inapplicable ; Pass         ; Inapplicable ; Inapplicable ; Inapplicable ; Inapplicable ; Pass         ; Inapplicable ; Inapplicable ; Inapplicable ; Inapplicable ; Pass         ; Inapplicable ; Pass      ; Pass      ; Pass      ; Inapplicable ; Inapplicable ;
; c_out[52]          ; Inapplicable ; Inapplicable ; Inapplicable ; Inapplicable ; Inapplicable ; Pass      ; Inapplicable ; Inapplicable ; Inapplicable ; Inapplicable ; Inapplicable ; Inapplicable ; Inapplicable ; Pass         ; Inapplicable ; Inapplicable ; Inapplicable ; Inapplicable ; Pass         ; Inapplicable ; Inapplicable ; Inapplicable ; Inapplicable ; Pass         ; Inapplicable ; Pass      ; Pass      ; Pass      ; Inapplicable ; Inapplicable ;
; c_out[53]          ; Inapplicable ; Inapplicable ; Inapplicable ; Inapplicable ; Inapplicable ; Pass      ; Inapplicable ; Inapplicable ; Inapplicable ; Inapplicable ; Inapplicable ; Inapplicable ; Inapplicable ; Pass         ; Inapplicable ; Inapplicable ; Inapplicable ; Inapplicable ; Pass         ; Inapplicable ; Inapplicable ; Inapplicable ; Inapplicable ; Pass         ; Inapplicable ; Pass      ; Pass      ; Pass      ; Inapplicable ; Inapplicable ;
; c_out[54]          ; Inapplicable ; Inapplicable ; Inapplicable ; Inapplicable ; Inapplicable ; Pass      ; Inapplicable ; Inapplicable ; Inapplicable ; Inapplicable ; Inapplicable ; Inapplicable ; Inapplicable ; Pass         ; Inapplicable ; Inapplicable ; Inapplicable ; Inapplicable ; Pass         ; Inapplicable ; Inapplicable ; Inapplicable ; Inapplicable ; Pass         ; Inapplicable ; Pass      ; Pass      ; Pass      ; Inapplicable ; Inapplicable ;
; c_out[55]          ; Inapplicable ; Inapplicable ; Inapplicable ; Inapplicable ; Inapplicable ; Pass      ; Inapplicable ; Inapplicable ; Inapplicable ; Inapplicable ; Inapplicable ; Inapplicable ; Inapplicable ; Pass         ; Inapplicable ; Inapplicable ; Inapplicable ; Inapplicable ; Pass         ; Inapplicable ; Inapplicable ; Inapplicable ; Inapplicable ; Pass         ; Inapplicable ; Pass      ; Pass      ; Pass      ; Inapplicable ; Inapplicable ;
; c_out[56]          ; Inapplicable ; Inapplicable ; Inapplicable ; Inapplicable ; Inapplicable ; Pass      ; Inapplicable ; Inapplicable ; Inapplicable ; Inapplicable ; Inapplicable ; Inapplicable ; Inapplicable ; Pass         ; Inapplicable ; Inapplicable ; Inapplicable ; Inapplicable ; Pass         ; Inapplicable ; Inapplicable ; Inapplicable ; Inapplicable ; Pass         ; Inapplicable ; Pass      ; Pass      ; Pass      ; Inapplicable ; Inapplicable ;
; c_out[57]          ; Inapplicable ; Inapplicable ; Inapplicable ; Inapplicable ; Inapplicable ; Pass      ; Inapplicable ; Inapplicable ; Inapplicable ; Inapplicable ; Inapplicable ; Inapplicable ; Inapplicable ; Pass         ; Inapplicable ; Inapplicable ; Inapplicable ; Inapplicable ; Pass         ; Inapplicable ; Inapplicable ; Inapplicable ; Inapplicable ; Pass         ; Inapplicable ; Pass      ; Pass      ; Pass      ; Inapplicable ; Inapplicable ;
; c_out[58]          ; Inapplicable ; Inapplicable ; Inapplicable ; Inapplicable ; Inapplicable ; Pass      ; Inapplicable ; Inapplicable ; Inapplicable ; Inapplicable ; Inapplicable ; Inapplicable ; Inapplicable ; Pass         ; Inapplicable ; Inapplicable ; Inapplicable ; Inapplicable ; Pass         ; Inapplicable ; Inapplicable ; Inapplicable ; Inapplicable ; Pass         ; Inapplicable ; Pass      ; Pass      ; Pass      ; Inapplicable ; Inapplicable ;
; c_out[59]          ; Inapplicable ; Inapplicable ; Inapplicable ; Inapplicable ; Inapplicable ; Pass      ; Inapplicable ; Inapplicable ; Inapplicable ; Inapplicable ; Inapplicable ; Inapplicable ; Inapplicable ; Pass         ; Inapplicable ; Inapplicable ; Inapplicable ; Inapplicable ; Pass         ; Inapplicable ; Inapplicable ; Inapplicable ; Inapplicable ; Pass         ; Inapplicable ; Pass      ; Pass      ; Pass      ; Inapplicable ; Inapplicable ;
; c_out[60]          ; Inapplicable ; Inapplicable ; Inapplicable ; Inapplicable ; Inapplicable ; Pass      ; Inapplicable ; Inapplicable ; Inapplicable ; Inapplicable ; Inapplicable ; Inapplicable ; Inapplicable ; Pass         ; Inapplicable ; Inapplicable ; Inapplicable ; Inapplicable ; Pass         ; Inapplicable ; Inapplicable ; Inapplicable ; Inapplicable ; Pass         ; Inapplicable ; Pass      ; Pass      ; Pass      ; Inapplicable ; Inapplicable ;
; c_out[61]          ; Inapplicable ; Inapplicable ; Inapplicable ; Inapplicable ; Inapplicable ; Pass      ; Inapplicable ; Inapplicable ; Inapplicable ; Inapplicable ; Inapplicable ; Inapplicable ; Inapplicable ; Pass         ; Inapplicable ; Inapplicable ; Inapplicable ; Inapplicable ; Pass         ; Inapplicable ; Inapplicable ; Inapplicable ; Inapplicable ; Pass         ; Inapplicable ; Pass      ; Pass      ; Pass      ; Inapplicable ; Inapplicable ;
; c_out[62]          ; Inapplicable ; Inapplicable ; Inapplicable ; Inapplicable ; Inapplicable ; Pass      ; Inapplicable ; Inapplicable ; Inapplicable ; Inapplicable ; Inapplicable ; Inapplicable ; Inapplicable ; Pass         ; Inapplicable ; Inapplicable ; Inapplicable ; Inapplicable ; Pass         ; Inapplicable ; Inapplicable ; Inapplicable ; Inapplicable ; Pass         ; Inapplicable ; Pass      ; Pass      ; Pass      ; Inapplicable ; Inapplicable ;
; c_out[63]          ; Inapplicable ; Inapplicable ; Inapplicable ; Inapplicable ; Inapplicable ; Pass      ; Inapplicable ; Inapplicable ; Inapplicable ; Inapplicable ; Inapplicable ; Inapplicable ; Inapplicable ; Pass         ; Inapplicable ; Inapplicable ; Inapplicable ; Inapplicable ; Pass         ; Inapplicable ; Inapplicable ; Inapplicable ; Inapplicable ; Pass         ; Inapplicable ; Pass      ; Pass      ; Pass      ; Inapplicable ; Inapplicable ;
; c_out[64]          ; Inapplicable ; Inapplicable ; Inapplicable ; Inapplicable ; Inapplicable ; Pass      ; Inapplicable ; Inapplicable ; Inapplicable ; Inapplicable ; Inapplicable ; Inapplicable ; Inapplicable ; Pass         ; Inapplicable ; Inapplicable ; Inapplicable ; Inapplicable ; Pass         ; Inapplicable ; Inapplicable ; Inapplicable ; Inapplicable ; Pass         ; Inapplicable ; Pass      ; Pass      ; Pass      ; Inapplicable ; Inapplicable ;
; c_out[65]          ; Inapplicable ; Inapplicable ; Inapplicable ; Inapplicable ; Inapplicable ; Pass      ; Inapplicable ; Inapplicable ; Inapplicable ; Inapplicable ; Inapplicable ; Inapplicable ; Inapplicable ; Pass         ; Inapplicable ; Inapplicable ; Inapplicable ; Inapplicable ; Pass         ; Inapplicable ; Inapplicable ; Inapplicable ; Inapplicable ; Pass         ; Inapplicable ; Pass      ; Pass      ; Pass      ; Inapplicable ; Inapplicable ;
; valid              ; Inapplicable ; Inapplicable ; Inapplicable ; Inapplicable ; Inapplicable ; Pass      ; Inapplicable ; Inapplicable ; Inapplicable ; Inapplicable ; Inapplicable ; Inapplicable ; Inapplicable ; Pass         ; Inapplicable ; Inapplicable ; Inapplicable ; Inapplicable ; Pass         ; Inapplicable ; Inapplicable ; Inapplicable ; Inapplicable ; Pass         ; Inapplicable ; Pass      ; Pass      ; Pass      ; Inapplicable ; Inapplicable ;
; done               ; Inapplicable ; Inapplicable ; Inapplicable ; Inapplicable ; Inapplicable ; Pass      ; Inapplicable ; Inapplicable ; Inapplicable ; Inapplicable ; Inapplicable ; Inapplicable ; Inapplicable ; Pass         ; Inapplicable ; Inapplicable ; Inapplicable ; Inapplicable ; Pass         ; Inapplicable ; Inapplicable ; Inapplicable ; Inapplicable ; Pass         ; Inapplicable ; Pass      ; Pass      ; Pass      ; Inapplicable ; Inapplicable ;
; clk                ; Inapplicable ; Inapplicable ; Inapplicable ; Inapplicable ; Inapplicable ; Pass      ; Inapplicable ; Inapplicable ; Inapplicable ; Inapplicable ; Inapplicable ; Inapplicable ; Inapplicable ; Inapplicable ; Inapplicable ; Inapplicable ; Inapplicable ; Pass         ; Inapplicable ; Inapplicable ; Pass         ; Inapplicable ; Inapplicable ; Inapplicable ; Inapplicable ; Pass      ; Pass      ; Pass      ; Inapplicable ; Inapplicable ;
; reset              ; Inapplicable ; Inapplicable ; Inapplicable ; Inapplicable ; Inapplicable ; Pass      ; Inapplicable ; Inapplicable ; Inapplicable ; Inapplicable ; Inapplicable ; Inapplicable ; Inapplicable ; Inapplicable ; Inapplicable ; Inapplicable ; Inapplicable ; Pass         ; Inapplicable ; Inapplicable ; Pass         ; Inapplicable ; Inapplicable ; Inapplicable ; Inapplicable ; Pass      ; Pass      ; Pass      ; Inapplicable ; Inapplicable ;
; b_in_3[0]          ; Inapplicable ; Inapplicable ; Inapplicable ; Inapplicable ; Inapplicable ; Pass      ; Inapplicable ; Inapplicable ; Inapplicable ; Inapplicable ; Inapplicable ; Inapplicable ; Inapplicable ; Inapplicable ; Inapplicable ; Inapplicable ; Inapplicable ; Pass         ; Inapplicable ; Inapplicable ; Pass         ; Inapplicable ; Inapplicable ; Inapplicable ; Inapplicable ; Pass      ; Pass      ; Pass      ; Inapplicable ; Inapplicable ;
; b_in_3[1]          ; Inapplicable ; Inapplicable ; Inapplicable ; Inapplicable ; Inapplicable ; Pass      ; Inapplicable ; Inapplicable ; Inapplicable ; Inapplicable ; Inapplicable ; Inapplicable ; Inapplicable ; Inapplicable ; Inapplicable ; Inapplicable ; Inapplicable ; Pass         ; Inapplicable ; Inapplicable ; Pass         ; Inapplicable ; Inapplicable ; Inapplicable ; Inapplicable ; Pass      ; Pass      ; Pass      ; Inapplicable ; Inapplicable ;
; b_in_3[2]          ; Inapplicable ; Inapplicable ; Inapplicable ; Inapplicable ; Inapplicable ; Pass      ; Inapplicable ; Inapplicable ; Inapplicable ; Inapplicable ; Inapplicable ; Inapplicable ; Inapplicable ; Inapplicable ; Inapplicable ; Inapplicable ; Inapplicable ; Pass         ; Inapplicable ; Inapplicable ; Pass         ; Inapplicable ; Inapplicable ; Inapplicable ; Inapplicable ; Pass      ; Pass      ; Pass      ; Inapplicable ; Inapplicable ;
; b_in_3[3]          ; Inapplicable ; Inapplicable ; Inapplicable ; Inapplicable ; Inapplicable ; Pass      ; Inapplicable ; Inapplicable ; Inapplicable ; Inapplicable ; Inapplicable ; Inapplicable ; Inapplicable ; Inapplicable ; Inapplicable ; Inapplicable ; Inapplicable ; Pass         ; Inapplicable ; Inapplicable ; Pass         ; Inapplicable ; Inapplicable ; Inapplicable ; Inapplicable ; Pass      ; Pass      ; Pass      ; Inapplicable ; Inapplicable ;
; b_in_3[4]          ; Inapplicable ; Inapplicable ; Inapplicable ; Inapplicable ; Inapplicable ; Pass      ; Inapplicable ; Inapplicable ; Inapplicable ; Inapplicable ; Inapplicable ; Inapplicable ; Inapplicable ; Inapplicable ; Inapplicable ; Inapplicable ; Inapplicable ; Pass         ; Inapplicable ; Inapplicable ; Pass         ; Inapplicable ; Inapplicable ; Inapplicable ; Inapplicable ; Pass      ; Pass      ; Pass      ; Inapplicable ; Inapplicable ;
; b_in_3[5]          ; Inapplicable ; Inapplicable ; Inapplicable ; Inapplicable ; Inapplicable ; Pass      ; Inapplicable ; Inapplicable ; Inapplicable ; Inapplicable ; Inapplicable ; Inapplicable ; Inapplicable ; Inapplicable ; Inapplicable ; Inapplicable ; Inapplicable ; Pass         ; Inapplicable ; Inapplicable ; Pass         ; Inapplicable ; Inapplicable ; Inapplicable ; Inapplicable ; Pass      ; Pass      ; Pass      ; Inapplicable ; Inapplicable ;
; b_in_3[6]          ; Inapplicable ; Inapplicable ; Inapplicable ; Inapplicable ; Inapplicable ; Pass      ; Inapplicable ; Inapplicable ; Inapplicable ; Inapplicable ; Inapplicable ; Inapplicable ; Inapplicable ; Inapplicable ; Inapplicable ; Inapplicable ; Inapplicable ; Pass         ; Inapplicable ; Inapplicable ; Pass         ; Inapplicable ; Inapplicable ; Inapplicable ; Inapplicable ; Pass      ; Pass      ; Pass      ; Inapplicable ; Inapplicable ;
; b_in_3[7]          ; Inapplicable ; Inapplicable ; Inapplicable ; Inapplicable ; Inapplicable ; Pass      ; Inapplicable ; Inapplicable ; Inapplicable ; Inapplicable ; Inapplicable ; Inapplicable ; Inapplicable ; Inapplicable ; Inapplicable ; Inapplicable ; Inapplicable ; Pass         ; Inapplicable ; Inapplicable ; Pass         ; Inapplicable ; Inapplicable ; Inapplicable ; Inapplicable ; Pass      ; Pass      ; Pass      ; Inapplicable ; Inapplicable ;
; b_in_3[8]          ; Inapplicable ; Inapplicable ; Inapplicable ; Inapplicable ; Inapplicable ; Pass      ; Inapplicable ; Inapplicable ; Inapplicable ; Inapplicable ; Inapplicable ; Inapplicable ; Inapplicable ; Inapplicable ; Inapplicable ; Inapplicable ; Inapplicable ; Pass         ; Inapplicable ; Inapplicable ; Pass         ; Inapplicable ; Inapplicable ; Inapplicable ; Inapplicable ; Pass      ; Pass      ; Pass      ; Inapplicable ; Inapplicable ;
; b_in_3[9]          ; Inapplicable ; Inapplicable ; Inapplicable ; Inapplicable ; Inapplicable ; Pass      ; Inapplicable ; Inapplicable ; Inapplicable ; Inapplicable ; Inapplicable ; Inapplicable ; Inapplicable ; Inapplicable ; Inapplicable ; Inapplicable ; Inapplicable ; Pass         ; Inapplicable ; Inapplicable ; Pass         ; Inapplicable ; Inapplicable ; Inapplicable ; Inapplicable ; Pass      ; Pass      ; Pass      ; Inapplicable ; Inapplicable ;
; b_in_3[10]         ; Inapplicable ; Inapplicable ; Inapplicable ; Inapplicable ; Inapplicable ; Pass      ; Inapplicable ; Inapplicable ; Inapplicable ; Inapplicable ; Inapplicable ; Inapplicable ; Inapplicable ; Inapplicable ; Inapplicable ; Inapplicable ; Inapplicable ; Pass         ; Inapplicable ; Inapplicable ; Pass         ; Inapplicable ; Inapplicable ; Inapplicable ; Inapplicable ; Pass      ; Pass      ; Pass      ; Inapplicable ; Inapplicable ;
; b_in_3[11]         ; Inapplicable ; Inapplicable ; Inapplicable ; Inapplicable ; Inapplicable ; Pass      ; Inapplicable ; Inapplicable ; Inapplicable ; Inapplicable ; Inapplicable ; Inapplicable ; Inapplicable ; Inapplicable ; Inapplicable ; Inapplicable ; Inapplicable ; Pass         ; Inapplicable ; Inapplicable ; Pass         ; Inapplicable ; Inapplicable ; Inapplicable ; Inapplicable ; Pass      ; Pass      ; Pass      ; Inapplicable ; Inapplicable ;
; b_in_3[12]         ; Inapplicable ; Inapplicable ; Inapplicable ; Inapplicable ; Inapplicable ; Pass      ; Inapplicable ; Inapplicable ; Inapplicable ; Inapplicable ; Inapplicable ; Inapplicable ; Inapplicable ; Inapplicable ; Inapplicable ; Inapplicable ; Inapplicable ; Pass         ; Inapplicable ; Inapplicable ; Pass         ; Inapplicable ; Inapplicable ; Inapplicable ; Inapplicable ; Pass      ; Pass      ; Pass      ; Inapplicable ; Inapplicable ;
; b_in_3[13]         ; Inapplicable ; Inapplicable ; Inapplicable ; Inapplicable ; Inapplicable ; Pass      ; Inapplicable ; Inapplicable ; Inapplicable ; Inapplicable ; Inapplicable ; Inapplicable ; Inapplicable ; Inapplicable ; Inapplicable ; Inapplicable ; Inapplicable ; Pass         ; Inapplicable ; Inapplicable ; Pass         ; Inapplicable ; Inapplicable ; Inapplicable ; Inapplicable ; Pass      ; Pass      ; Pass      ; Inapplicable ; Inapplicable ;
; b_in_3[14]         ; Inapplicable ; Inapplicable ; Inapplicable ; Inapplicable ; Inapplicable ; Pass      ; Inapplicable ; Inapplicable ; Inapplicable ; Inapplicable ; Inapplicable ; Inapplicable ; Inapplicable ; Inapplicable ; Inapplicable ; Inapplicable ; Inapplicable ; Pass         ; Inapplicable ; Inapplicable ; Pass         ; Inapplicable ; Inapplicable ; Inapplicable ; Inapplicable ; Pass      ; Pass      ; Pass      ; Inapplicable ; Inapplicable ;
; b_in_3[15]         ; Inapplicable ; Inapplicable ; Inapplicable ; Inapplicable ; Inapplicable ; Pass      ; Inapplicable ; Inapplicable ; Inapplicable ; Inapplicable ; Inapplicable ; Inapplicable ; Inapplicable ; Inapplicable ; Inapplicable ; Inapplicable ; Inapplicable ; Pass         ; Inapplicable ; Inapplicable ; Pass         ; Inapplicable ; Inapplicable ; Inapplicable ; Inapplicable ; Pass      ; Pass      ; Pass      ; Inapplicable ; Inapplicable ;
; b_in_3[16]         ; Inapplicable ; Inapplicable ; Inapplicable ; Inapplicable ; Inapplicable ; Pass      ; Inapplicable ; Inapplicable ; Inapplicable ; Inapplicable ; Inapplicable ; Inapplicable ; Inapplicable ; Inapplicable ; Inapplicable ; Inapplicable ; Inapplicable ; Pass         ; Inapplicable ; Inapplicable ; Pass         ; Inapplicable ; Inapplicable ; Inapplicable ; Inapplicable ; Pass      ; Pass      ; Pass      ; Inapplicable ; Inapplicable ;
; b_in_3[17]         ; Inapplicable ; Inapplicable ; Inapplicable ; Inapplicable ; Inapplicable ; Pass      ; Inapplicable ; Inapplicable ; Inapplicable ; Inapplicable ; Inapplicable ; Inapplicable ; Inapplicable ; Inapplicable ; Inapplicable ; Inapplicable ; Inapplicable ; Pass         ; Inapplicable ; Inapplicable ; Pass         ; Inapplicable ; Inapplicable ; Inapplicable ; Inapplicable ; Pass      ; Pass      ; Pass      ; Inapplicable ; Inapplicable ;
; b_in_3[18]         ; Inapplicable ; Inapplicable ; Inapplicable ; Inapplicable ; Inapplicable ; Pass      ; Inapplicable ; Inapplicable ; Inapplicable ; Inapplicable ; Inapplicable ; Inapplicable ; Inapplicable ; Inapplicable ; Inapplicable ; Inapplicable ; Inapplicable ; Pass         ; Inapplicable ; Inapplicable ; Pass         ; Inapplicable ; Inapplicable ; Inapplicable ; Inapplicable ; Pass      ; Pass      ; Pass      ; Inapplicable ; Inapplicable ;
; b_in_3[19]         ; Inapplicable ; Inapplicable ; Inapplicable ; Inapplicable ; Inapplicable ; Pass      ; Inapplicable ; Inapplicable ; Inapplicable ; Inapplicable ; Inapplicable ; Inapplicable ; Inapplicable ; Inapplicable ; Inapplicable ; Inapplicable ; Inapplicable ; Pass         ; Inapplicable ; Inapplicable ; Pass         ; Inapplicable ; Inapplicable ; Inapplicable ; Inapplicable ; Pass      ; Pass      ; Pass      ; Inapplicable ; Inapplicable ;
; b_in_3[20]         ; Inapplicable ; Inapplicable ; Inapplicable ; Inapplicable ; Inapplicable ; Pass      ; Inapplicable ; Inapplicable ; Inapplicable ; Inapplicable ; Inapplicable ; Inapplicable ; Inapplicable ; Inapplicable ; Inapplicable ; Inapplicable ; Inapplicable ; Pass         ; Inapplicable ; Inapplicable ; Pass         ; Inapplicable ; Inapplicable ; Inapplicable ; Inapplicable ; Pass      ; Pass      ; Pass      ; Inapplicable ; Inapplicable ;
; b_in_3[21]         ; Inapplicable ; Inapplicable ; Inapplicable ; Inapplicable ; Inapplicable ; Pass      ; Inapplicable ; Inapplicable ; Inapplicable ; Inapplicable ; Inapplicable ; Inapplicable ; Inapplicable ; Inapplicable ; Inapplicable ; Inapplicable ; Inapplicable ; Pass         ; Inapplicable ; Inapplicable ; Pass         ; Inapplicable ; Inapplicable ; Inapplicable ; Inapplicable ; Pass      ; Pass      ; Pass      ; Inapplicable ; Inapplicable ;
; b_in_3[22]         ; Inapplicable ; Inapplicable ; Inapplicable ; Inapplicable ; Inapplicable ; Pass      ; Inapplicable ; Inapplicable ; Inapplicable ; Inapplicable ; Inapplicable ; Inapplicable ; Inapplicable ; Inapplicable ; Inapplicable ; Inapplicable ; Inapplicable ; Pass         ; Inapplicable ; Inapplicable ; Pass         ; Inapplicable ; Inapplicable ; Inapplicable ; Inapplicable ; Pass      ; Pass      ; Pass      ; Inapplicable ; Inapplicable ;
; b_in_3[23]         ; Inapplicable ; Inapplicable ; Inapplicable ; Inapplicable ; Inapplicable ; Pass      ; Inapplicable ; Inapplicable ; Inapplicable ; Inapplicable ; Inapplicable ; Inapplicable ; Inapplicable ; Inapplicable ; Inapplicable ; Inapplicable ; Inapplicable ; Pass         ; Inapplicable ; Inapplicable ; Pass         ; Inapplicable ; Inapplicable ; Inapplicable ; Inapplicable ; Pass      ; Pass      ; Pass      ; Inapplicable ; Inapplicable ;
; b_in_3[24]         ; Inapplicable ; Inapplicable ; Inapplicable ; Inapplicable ; Inapplicable ; Pass      ; Inapplicable ; Inapplicable ; Inapplicable ; Inapplicable ; Inapplicable ; Inapplicable ; Inapplicable ; Inapplicable ; Inapplicable ; Inapplicable ; Inapplicable ; Pass         ; Inapplicable ; Inapplicable ; Pass         ; Inapplicable ; Inapplicable ; Inapplicable ; Inapplicable ; Pass      ; Pass      ; Pass      ; Inapplicable ; Inapplicable ;
; b_in_3[25]         ; Inapplicable ; Inapplicable ; Inapplicable ; Inapplicable ; Inapplicable ; Pass      ; Inapplicable ; Inapplicable ; Inapplicable ; Inapplicable ; Inapplicable ; Inapplicable ; Inapplicable ; Inapplicable ; Inapplicable ; Inapplicable ; Inapplicable ; Pass         ; Inapplicable ; Inapplicable ; Pass         ; Inapplicable ; Inapplicable ; Inapplicable ; Inapplicable ; Pass      ; Pass      ; Pass      ; Inapplicable ; Inapplicable ;
; b_in_3[26]         ; Inapplicable ; Inapplicable ; Inapplicable ; Inapplicable ; Inapplicable ; Pass      ; Inapplicable ; Inapplicable ; Inapplicable ; Inapplicable ; Inapplicable ; Inapplicable ; Inapplicable ; Inapplicable ; Inapplicable ; Inapplicable ; Inapplicable ; Pass         ; Inapplicable ; Inapplicable ; Pass         ; Inapplicable ; Inapplicable ; Inapplicable ; Inapplicable ; Pass      ; Pass      ; Pass      ; Inapplicable ; Inapplicable ;
; b_in_3[27]         ; Inapplicable ; Inapplicable ; Inapplicable ; Inapplicable ; Inapplicable ; Pass      ; Inapplicable ; Inapplicable ; Inapplicable ; Inapplicable ; Inapplicable ; Inapplicable ; Inapplicable ; Inapplicable ; Inapplicable ; Inapplicable ; Inapplicable ; Pass         ; Inapplicable ; Inapplicable ; Pass         ; Inapplicable ; Inapplicable ; Inapplicable ; Inapplicable ; Pass      ; Pass      ; Pass      ; Inapplicable ; Inapplicable ;
; b_in_3[28]         ; Inapplicable ; Inapplicable ; Inapplicable ; Inapplicable ; Inapplicable ; Pass      ; Inapplicable ; Inapplicable ; Inapplicable ; Inapplicable ; Inapplicable ; Inapplicable ; Inapplicable ; Inapplicable ; Inapplicable ; Inapplicable ; Inapplicable ; Pass         ; Inapplicable ; Inapplicable ; Pass         ; Inapplicable ; Inapplicable ; Inapplicable ; Inapplicable ; Pass      ; Pass      ; Pass      ; Inapplicable ; Inapplicable ;
; b_in_3[29]         ; Inapplicable ; Inapplicable ; Inapplicable ; Inapplicable ; Inapplicable ; Pass      ; Inapplicable ; Inapplicable ; Inapplicable ; Inapplicable ; Inapplicable ; Inapplicable ; Inapplicable ; Inapplicable ; Inapplicable ; Inapplicable ; Inapplicable ; Pass         ; Inapplicable ; Inapplicable ; Pass         ; Inapplicable ; Inapplicable ; Inapplicable ; Inapplicable ; Pass      ; Pass      ; Pass      ; Inapplicable ; Inapplicable ;
; b_in_3[30]         ; Inapplicable ; Inapplicable ; Inapplicable ; Inapplicable ; Inapplicable ; Pass      ; Inapplicable ; Inapplicable ; Inapplicable ; Inapplicable ; Inapplicable ; Inapplicable ; Inapplicable ; Inapplicable ; Inapplicable ; Inapplicable ; Inapplicable ; Pass         ; Inapplicable ; Inapplicable ; Pass         ; Inapplicable ; Inapplicable ; Inapplicable ; Inapplicable ; Pass      ; Pass      ; Pass      ; Inapplicable ; Inapplicable ;
; b_in_3[31]         ; Inapplicable ; Inapplicable ; Inapplicable ; Inapplicable ; Inapplicable ; Pass      ; Inapplicable ; Inapplicable ; Inapplicable ; Inapplicable ; Inapplicable ; Inapplicable ; Inapplicable ; Inapplicable ; Inapplicable ; Inapplicable ; Inapplicable ; Pass         ; Inapplicable ; Inapplicable ; Pass         ; Inapplicable ; Inapplicable ; Inapplicable ; Inapplicable ; Pass      ; Pass      ; Pass      ; Inapplicable ; Inapplicable ;
; c_in[0]            ; Inapplicable ; Inapplicable ; Inapplicable ; Inapplicable ; Inapplicable ; Pass      ; Inapplicable ; Inapplicable ; Inapplicable ; Inapplicable ; Inapplicable ; Inapplicable ; Inapplicable ; Inapplicable ; Inapplicable ; Inapplicable ; Inapplicable ; Pass         ; Inapplicable ; Inapplicable ; Pass         ; Inapplicable ; Inapplicable ; Inapplicable ; Inapplicable ; Pass      ; Pass      ; Pass      ; Inapplicable ; Inapplicable ;
; c_in[1]            ; Inapplicable ; Inapplicable ; Inapplicable ; Inapplicable ; Inapplicable ; Pass      ; Inapplicable ; Inapplicable ; Inapplicable ; Inapplicable ; Inapplicable ; Inapplicable ; Inapplicable ; Inapplicable ; Inapplicable ; Inapplicable ; Inapplicable ; Pass         ; Inapplicable ; Inapplicable ; Pass         ; Inapplicable ; Inapplicable ; Inapplicable ; Inapplicable ; Pass      ; Pass      ; Pass      ; Inapplicable ; Inapplicable ;
; c_in[2]            ; Inapplicable ; Inapplicable ; Inapplicable ; Inapplicable ; Inapplicable ; Pass      ; Inapplicable ; Inapplicable ; Inapplicable ; Inapplicable ; Inapplicable ; Inapplicable ; Inapplicable ; Inapplicable ; Inapplicable ; Inapplicable ; Inapplicable ; Pass         ; Inapplicable ; Inapplicable ; Pass         ; Inapplicable ; Inapplicable ; Inapplicable ; Inapplicable ; Pass      ; Pass      ; Pass      ; Inapplicable ; Inapplicable ;
; c_in[3]            ; Inapplicable ; Inapplicable ; Inapplicable ; Inapplicable ; Inapplicable ; Pass      ; Inapplicable ; Inapplicable ; Inapplicable ; Inapplicable ; Inapplicable ; Inapplicable ; Inapplicable ; Inapplicable ; Inapplicable ; Inapplicable ; Inapplicable ; Pass         ; Inapplicable ; Inapplicable ; Pass         ; Inapplicable ; Inapplicable ; Inapplicable ; Inapplicable ; Pass      ; Pass      ; Pass      ; Inapplicable ; Inapplicable ;
; c_in[4]            ; Inapplicable ; Inapplicable ; Inapplicable ; Inapplicable ; Inapplicable ; Pass      ; Inapplicable ; Inapplicable ; Inapplicable ; Inapplicable ; Inapplicable ; Inapplicable ; Inapplicable ; Inapplicable ; Inapplicable ; Inapplicable ; Inapplicable ; Pass         ; Inapplicable ; Inapplicable ; Pass         ; Inapplicable ; Inapplicable ; Inapplicable ; Inapplicable ; Pass      ; Pass      ; Pass      ; Inapplicable ; Inapplicable ;
; c_in[5]            ; Inapplicable ; Inapplicable ; Inapplicable ; Inapplicable ; Inapplicable ; Pass      ; Inapplicable ; Inapplicable ; Inapplicable ; Inapplicable ; Inapplicable ; Inapplicable ; Inapplicable ; Inapplicable ; Inapplicable ; Inapplicable ; Inapplicable ; Pass         ; Inapplicable ; Inapplicable ; Pass         ; Inapplicable ; Inapplicable ; Inapplicable ; Inapplicable ; Pass      ; Pass      ; Pass      ; Inapplicable ; Inapplicable ;
; c_in[6]            ; Inapplicable ; Inapplicable ; Inapplicable ; Inapplicable ; Inapplicable ; Pass      ; Inapplicable ; Inapplicable ; Inapplicable ; Inapplicable ; Inapplicable ; Inapplicable ; Inapplicable ; Inapplicable ; Inapplicable ; Inapplicable ; Inapplicable ; Pass         ; Inapplicable ; Inapplicable ; Pass         ; Inapplicable ; Inapplicable ; Inapplicable ; Inapplicable ; Pass      ; Pass      ; Pass      ; Inapplicable ; Inapplicable ;
; c_in[7]            ; Inapplicable ; Inapplicable ; Inapplicable ; Inapplicable ; Inapplicable ; Pass      ; Inapplicable ; Inapplicable ; Inapplicable ; Inapplicable ; Inapplicable ; Inapplicable ; Inapplicable ; Inapplicable ; Inapplicable ; Inapplicable ; Inapplicable ; Pass         ; Inapplicable ; Inapplicable ; Pass         ; Inapplicable ; Inapplicable ; Inapplicable ; Inapplicable ; Pass      ; Pass      ; Pass      ; Inapplicable ; Inapplicable ;
; c_in[8]            ; Inapplicable ; Inapplicable ; Inapplicable ; Inapplicable ; Inapplicable ; Pass      ; Inapplicable ; Inapplicable ; Inapplicable ; Inapplicable ; Inapplicable ; Inapplicable ; Inapplicable ; Inapplicable ; Inapplicable ; Inapplicable ; Inapplicable ; Pass         ; Inapplicable ; Inapplicable ; Pass         ; Inapplicable ; Inapplicable ; Inapplicable ; Inapplicable ; Pass      ; Pass      ; Pass      ; Inapplicable ; Inapplicable ;
; c_in[9]            ; Inapplicable ; Inapplicable ; Inapplicable ; Inapplicable ; Inapplicable ; Pass      ; Inapplicable ; Inapplicable ; Inapplicable ; Inapplicable ; Inapplicable ; Inapplicable ; Inapplicable ; Inapplicable ; Inapplicable ; Inapplicable ; Inapplicable ; Pass         ; Inapplicable ; Inapplicable ; Pass         ; Inapplicable ; Inapplicable ; Inapplicable ; Inapplicable ; Pass      ; Pass      ; Pass      ; Inapplicable ; Inapplicable ;
; c_in[10]           ; Inapplicable ; Inapplicable ; Inapplicable ; Inapplicable ; Inapplicable ; Pass      ; Inapplicable ; Inapplicable ; Inapplicable ; Inapplicable ; Inapplicable ; Inapplicable ; Inapplicable ; Inapplicable ; Inapplicable ; Inapplicable ; Inapplicable ; Pass         ; Inapplicable ; Inapplicable ; Pass         ; Inapplicable ; Inapplicable ; Inapplicable ; Inapplicable ; Pass      ; Pass      ; Pass      ; Inapplicable ; Inapplicable ;
; c_in[11]           ; Inapplicable ; Inapplicable ; Inapplicable ; Inapplicable ; Inapplicable ; Pass      ; Inapplicable ; Inapplicable ; Inapplicable ; Inapplicable ; Inapplicable ; Inapplicable ; Inapplicable ; Inapplicable ; Inapplicable ; Inapplicable ; Inapplicable ; Pass         ; Inapplicable ; Inapplicable ; Pass         ; Inapplicable ; Inapplicable ; Inapplicable ; Inapplicable ; Pass      ; Pass      ; Pass      ; Inapplicable ; Inapplicable ;
; c_in[12]           ; Inapplicable ; Inapplicable ; Inapplicable ; Inapplicable ; Inapplicable ; Pass      ; Inapplicable ; Inapplicable ; Inapplicable ; Inapplicable ; Inapplicable ; Inapplicable ; Inapplicable ; Inapplicable ; Inapplicable ; Inapplicable ; Inapplicable ; Pass         ; Inapplicable ; Inapplicable ; Pass         ; Inapplicable ; Inapplicable ; Inapplicable ; Inapplicable ; Pass      ; Pass      ; Pass      ; Inapplicable ; Inapplicable ;
; c_in[13]           ; Inapplicable ; Inapplicable ; Inapplicable ; Inapplicable ; Inapplicable ; Pass      ; Inapplicable ; Inapplicable ; Inapplicable ; Inapplicable ; Inapplicable ; Inapplicable ; Inapplicable ; Inapplicable ; Inapplicable ; Inapplicable ; Inapplicable ; Pass         ; Inapplicable ; Inapplicable ; Pass         ; Inapplicable ; Inapplicable ; Inapplicable ; Inapplicable ; Pass      ; Pass      ; Pass      ; Inapplicable ; Inapplicable ;
; c_in[14]           ; Inapplicable ; Inapplicable ; Inapplicable ; Inapplicable ; Inapplicable ; Pass      ; Inapplicable ; Inapplicable ; Inapplicable ; Inapplicable ; Inapplicable ; Inapplicable ; Inapplicable ; Inapplicable ; Inapplicable ; Inapplicable ; Inapplicable ; Pass         ; Inapplicable ; Inapplicable ; Pass         ; Inapplicable ; Inapplicable ; Inapplicable ; Inapplicable ; Pass      ; Pass      ; Pass      ; Inapplicable ; Inapplicable ;
; c_in[15]           ; Inapplicable ; Inapplicable ; Inapplicable ; Inapplicable ; Inapplicable ; Pass      ; Inapplicable ; Inapplicable ; Inapplicable ; Inapplicable ; Inapplicable ; Inapplicable ; Inapplicable ; Inapplicable ; Inapplicable ; Inapplicable ; Inapplicable ; Pass         ; Inapplicable ; Inapplicable ; Pass         ; Inapplicable ; Inapplicable ; Inapplicable ; Inapplicable ; Pass      ; Pass      ; Pass      ; Inapplicable ; Inapplicable ;
; c_in[16]           ; Inapplicable ; Inapplicable ; Inapplicable ; Inapplicable ; Inapplicable ; Pass      ; Inapplicable ; Inapplicable ; Inapplicable ; Inapplicable ; Inapplicable ; Inapplicable ; Inapplicable ; Inapplicable ; Inapplicable ; Inapplicable ; Inapplicable ; Pass         ; Inapplicable ; Inapplicable ; Pass         ; Inapplicable ; Inapplicable ; Inapplicable ; Inapplicable ; Pass      ; Pass      ; Pass      ; Inapplicable ; Inapplicable ;
; c_in[17]           ; Inapplicable ; Inapplicable ; Inapplicable ; Inapplicable ; Inapplicable ; Pass      ; Inapplicable ; Inapplicable ; Inapplicable ; Inapplicable ; Inapplicable ; Inapplicable ; Inapplicable ; Inapplicable ; Inapplicable ; Inapplicable ; Inapplicable ; Pass         ; Inapplicable ; Inapplicable ; Pass         ; Inapplicable ; Inapplicable ; Inapplicable ; Inapplicable ; Pass      ; Pass      ; Pass      ; Inapplicable ; Inapplicable ;
; c_in[18]           ; Inapplicable ; Inapplicable ; Inapplicable ; Inapplicable ; Inapplicable ; Pass      ; Inapplicable ; Inapplicable ; Inapplicable ; Inapplicable ; Inapplicable ; Inapplicable ; Inapplicable ; Inapplicable ; Inapplicable ; Inapplicable ; Inapplicable ; Pass         ; Inapplicable ; Inapplicable ; Pass         ; Inapplicable ; Inapplicable ; Inapplicable ; Inapplicable ; Pass      ; Pass      ; Pass      ; Inapplicable ; Inapplicable ;
; c_in[19]           ; Inapplicable ; Inapplicable ; Inapplicable ; Inapplicable ; Inapplicable ; Pass      ; Inapplicable ; Inapplicable ; Inapplicable ; Inapplicable ; Inapplicable ; Inapplicable ; Inapplicable ; Inapplicable ; Inapplicable ; Inapplicable ; Inapplicable ; Pass         ; Inapplicable ; Inapplicable ; Pass         ; Inapplicable ; Inapplicable ; Inapplicable ; Inapplicable ; Pass      ; Pass      ; Pass      ; Inapplicable ; Inapplicable ;
; c_in[20]           ; Inapplicable ; Inapplicable ; Inapplicable ; Inapplicable ; Inapplicable ; Pass      ; Inapplicable ; Inapplicable ; Inapplicable ; Inapplicable ; Inapplicable ; Inapplicable ; Inapplicable ; Inapplicable ; Inapplicable ; Inapplicable ; Inapplicable ; Pass         ; Inapplicable ; Inapplicable ; Pass         ; Inapplicable ; Inapplicable ; Inapplicable ; Inapplicable ; Pass      ; Pass      ; Pass      ; Inapplicable ; Inapplicable ;
; c_in[21]           ; Inapplicable ; Inapplicable ; Inapplicable ; Inapplicable ; Inapplicable ; Pass      ; Inapplicable ; Inapplicable ; Inapplicable ; Inapplicable ; Inapplicable ; Inapplicable ; Inapplicable ; Inapplicable ; Inapplicable ; Inapplicable ; Inapplicable ; Pass         ; Inapplicable ; Inapplicable ; Pass         ; Inapplicable ; Inapplicable ; Inapplicable ; Inapplicable ; Pass      ; Pass      ; Pass      ; Inapplicable ; Inapplicable ;
; c_in[22]           ; Inapplicable ; Inapplicable ; Inapplicable ; Inapplicable ; Inapplicable ; Pass      ; Inapplicable ; Inapplicable ; Inapplicable ; Inapplicable ; Inapplicable ; Inapplicable ; Inapplicable ; Inapplicable ; Inapplicable ; Inapplicable ; Inapplicable ; Pass         ; Inapplicable ; Inapplicable ; Pass         ; Inapplicable ; Inapplicable ; Inapplicable ; Inapplicable ; Pass      ; Pass      ; Pass      ; Inapplicable ; Inapplicable ;
; c_in[23]           ; Inapplicable ; Inapplicable ; Inapplicable ; Inapplicable ; Inapplicable ; Pass      ; Inapplicable ; Inapplicable ; Inapplicable ; Inapplicable ; Inapplicable ; Inapplicable ; Inapplicable ; Inapplicable ; Inapplicable ; Inapplicable ; Inapplicable ; Pass         ; Inapplicable ; Inapplicable ; Pass         ; Inapplicable ; Inapplicable ; Inapplicable ; Inapplicable ; Pass      ; Pass      ; Pass      ; Inapplicable ; Inapplicable ;
; c_in[24]           ; Inapplicable ; Inapplicable ; Inapplicable ; Inapplicable ; Inapplicable ; Pass      ; Inapplicable ; Inapplicable ; Inapplicable ; Inapplicable ; Inapplicable ; Inapplicable ; Inapplicable ; Inapplicable ; Inapplicable ; Inapplicable ; Inapplicable ; Pass         ; Inapplicable ; Inapplicable ; Pass         ; Inapplicable ; Inapplicable ; Inapplicable ; Inapplicable ; Pass      ; Pass      ; Pass      ; Inapplicable ; Inapplicable ;
; c_in[25]           ; Inapplicable ; Inapplicable ; Inapplicable ; Inapplicable ; Inapplicable ; Pass      ; Inapplicable ; Inapplicable ; Inapplicable ; Inapplicable ; Inapplicable ; Inapplicable ; Inapplicable ; Inapplicable ; Inapplicable ; Inapplicable ; Inapplicable ; Pass         ; Inapplicable ; Inapplicable ; Pass         ; Inapplicable ; Inapplicable ; Inapplicable ; Inapplicable ; Pass      ; Pass      ; Pass      ; Inapplicable ; Inapplicable ;
; c_in[26]           ; Inapplicable ; Inapplicable ; Inapplicable ; Inapplicable ; Inapplicable ; Pass      ; Inapplicable ; Inapplicable ; Inapplicable ; Inapplicable ; Inapplicable ; Inapplicable ; Inapplicable ; Inapplicable ; Inapplicable ; Inapplicable ; Inapplicable ; Pass         ; Inapplicable ; Inapplicable ; Pass         ; Inapplicable ; Inapplicable ; Inapplicable ; Inapplicable ; Pass      ; Pass      ; Pass      ; Inapplicable ; Inapplicable ;
; c_in[27]           ; Inapplicable ; Inapplicable ; Inapplicable ; Inapplicable ; Inapplicable ; Pass      ; Inapplicable ; Inapplicable ; Inapplicable ; Inapplicable ; Inapplicable ; Inapplicable ; Inapplicable ; Inapplicable ; Inapplicable ; Inapplicable ; Inapplicable ; Pass         ; Inapplicable ; Inapplicable ; Pass         ; Inapplicable ; Inapplicable ; Inapplicable ; Inapplicable ; Pass      ; Pass      ; Pass      ; Inapplicable ; Inapplicable ;
; c_in[28]           ; Inapplicable ; Inapplicable ; Inapplicable ; Inapplicable ; Inapplicable ; Pass      ; Inapplicable ; Inapplicable ; Inapplicable ; Inapplicable ; Inapplicable ; Inapplicable ; Inapplicable ; Inapplicable ; Inapplicable ; Inapplicable ; Inapplicable ; Pass         ; Inapplicable ; Inapplicable ; Pass         ; Inapplicable ; Inapplicable ; Inapplicable ; Inapplicable ; Pass      ; Pass      ; Pass      ; Inapplicable ; Inapplicable ;
; c_in[29]           ; Inapplicable ; Inapplicable ; Inapplicable ; Inapplicable ; Inapplicable ; Pass      ; Inapplicable ; Inapplicable ; Inapplicable ; Inapplicable ; Inapplicable ; Inapplicable ; Inapplicable ; Inapplicable ; Inapplicable ; Inapplicable ; Inapplicable ; Pass         ; Inapplicable ; Inapplicable ; Pass         ; Inapplicable ; Inapplicable ; Inapplicable ; Inapplicable ; Pass      ; Pass      ; Pass      ; Inapplicable ; Inapplicable ;
; c_in[30]           ; Inapplicable ; Inapplicable ; Inapplicable ; Inapplicable ; Inapplicable ; Pass      ; Inapplicable ; Inapplicable ; Inapplicable ; Inapplicable ; Inapplicable ; Inapplicable ; Inapplicable ; Inapplicable ; Inapplicable ; Inapplicable ; Inapplicable ; Pass         ; Inapplicable ; Inapplicable ; Pass         ; Inapplicable ; Inapplicable ; Inapplicable ; Inapplicable ; Pass      ; Pass      ; Pass      ; Inapplicable ; Inapplicable ;
; c_in[31]           ; Inapplicable ; Inapplicable ; Inapplicable ; Inapplicable ; Inapplicable ; Pass      ; Inapplicable ; Inapplicable ; Inapplicable ; Inapplicable ; Inapplicable ; Inapplicable ; Inapplicable ; Inapplicable ; Inapplicable ; Inapplicable ; Inapplicable ; Pass         ; Inapplicable ; Inapplicable ; Pass         ; Inapplicable ; Inapplicable ; Inapplicable ; Inapplicable ; Pass      ; Pass      ; Pass      ; Inapplicable ; Inapplicable ;
; c_in[32]           ; Inapplicable ; Inapplicable ; Inapplicable ; Inapplicable ; Inapplicable ; Pass      ; Inapplicable ; Inapplicable ; Inapplicable ; Inapplicable ; Inapplicable ; Inapplicable ; Inapplicable ; Inapplicable ; Inapplicable ; Inapplicable ; Inapplicable ; Pass         ; Inapplicable ; Inapplicable ; Pass         ; Inapplicable ; Inapplicable ; Inapplicable ; Inapplicable ; Pass      ; Pass      ; Pass      ; Inapplicable ; Inapplicable ;
; c_in[33]           ; Inapplicable ; Inapplicable ; Inapplicable ; Inapplicable ; Inapplicable ; Pass      ; Inapplicable ; Inapplicable ; Inapplicable ; Inapplicable ; Inapplicable ; Inapplicable ; Inapplicable ; Inapplicable ; Inapplicable ; Inapplicable ; Inapplicable ; Pass         ; Inapplicable ; Inapplicable ; Pass         ; Inapplicable ; Inapplicable ; Inapplicable ; Inapplicable ; Pass      ; Pass      ; Pass      ; Inapplicable ; Inapplicable ;
; c_in[34]           ; Inapplicable ; Inapplicable ; Inapplicable ; Inapplicable ; Inapplicable ; Pass      ; Inapplicable ; Inapplicable ; Inapplicable ; Inapplicable ; Inapplicable ; Inapplicable ; Inapplicable ; Inapplicable ; Inapplicable ; Inapplicable ; Inapplicable ; Pass         ; Inapplicable ; Inapplicable ; Pass         ; Inapplicable ; Inapplicable ; Inapplicable ; Inapplicable ; Pass      ; Pass      ; Pass      ; Inapplicable ; Inapplicable ;
; c_in[35]           ; Inapplicable ; Inapplicable ; Inapplicable ; Inapplicable ; Inapplicable ; Pass      ; Inapplicable ; Inapplicable ; Inapplicable ; Inapplicable ; Inapplicable ; Inapplicable ; Inapplicable ; Inapplicable ; Inapplicable ; Inapplicable ; Inapplicable ; Pass         ; Inapplicable ; Inapplicable ; Pass         ; Inapplicable ; Inapplicable ; Inapplicable ; Inapplicable ; Pass      ; Pass      ; Pass      ; Inapplicable ; Inapplicable ;
; c_in[36]           ; Inapplicable ; Inapplicable ; Inapplicable ; Inapplicable ; Inapplicable ; Pass      ; Inapplicable ; Inapplicable ; Inapplicable ; Inapplicable ; Inapplicable ; Inapplicable ; Inapplicable ; Inapplicable ; Inapplicable ; Inapplicable ; Inapplicable ; Pass         ; Inapplicable ; Inapplicable ; Pass         ; Inapplicable ; Inapplicable ; Inapplicable ; Inapplicable ; Pass      ; Pass      ; Pass      ; Inapplicable ; Inapplicable ;
; c_in[37]           ; Inapplicable ; Inapplicable ; Inapplicable ; Inapplicable ; Inapplicable ; Pass      ; Inapplicable ; Inapplicable ; Inapplicable ; Inapplicable ; Inapplicable ; Inapplicable ; Inapplicable ; Inapplicable ; Inapplicable ; Inapplicable ; Inapplicable ; Pass         ; Inapplicable ; Inapplicable ; Pass         ; Inapplicable ; Inapplicable ; Inapplicable ; Inapplicable ; Pass      ; Pass      ; Pass      ; Inapplicable ; Inapplicable ;
; c_in[38]           ; Inapplicable ; Inapplicable ; Inapplicable ; Inapplicable ; Inapplicable ; Pass      ; Inapplicable ; Inapplicable ; Inapplicable ; Inapplicable ; Inapplicable ; Inapplicable ; Inapplicable ; Inapplicable ; Inapplicable ; Inapplicable ; Inapplicable ; Pass         ; Inapplicable ; Inapplicable ; Pass         ; Inapplicable ; Inapplicable ; Inapplicable ; Inapplicable ; Pass      ; Pass      ; Pass      ; Inapplicable ; Inapplicable ;
; c_in[39]           ; Inapplicable ; Inapplicable ; Inapplicable ; Inapplicable ; Inapplicable ; Pass      ; Inapplicable ; Inapplicable ; Inapplicable ; Inapplicable ; Inapplicable ; Inapplicable ; Inapplicable ; Inapplicable ; Inapplicable ; Inapplicable ; Inapplicable ; Pass         ; Inapplicable ; Inapplicable ; Pass         ; Inapplicable ; Inapplicable ; Inapplicable ; Inapplicable ; Pass      ; Pass      ; Pass      ; Inapplicable ; Inapplicable ;
; c_in[40]           ; Inapplicable ; Inapplicable ; Inapplicable ; Inapplicable ; Inapplicable ; Pass      ; Inapplicable ; Inapplicable ; Inapplicable ; Inapplicable ; Inapplicable ; Inapplicable ; Inapplicable ; Inapplicable ; Inapplicable ; Inapplicable ; Inapplicable ; Pass         ; Inapplicable ; Inapplicable ; Pass         ; Inapplicable ; Inapplicable ; Inapplicable ; Inapplicable ; Pass      ; Pass      ; Pass      ; Inapplicable ; Inapplicable ;
; c_in[41]           ; Inapplicable ; Inapplicable ; Inapplicable ; Inapplicable ; Inapplicable ; Pass      ; Inapplicable ; Inapplicable ; Inapplicable ; Inapplicable ; Inapplicable ; Inapplicable ; Inapplicable ; Inapplicable ; Inapplicable ; Inapplicable ; Inapplicable ; Pass         ; Inapplicable ; Inapplicable ; Pass         ; Inapplicable ; Inapplicable ; Inapplicable ; Inapplicable ; Pass      ; Pass      ; Pass      ; Inapplicable ; Inapplicable ;
; c_in[42]           ; Inapplicable ; Inapplicable ; Inapplicable ; Inapplicable ; Inapplicable ; Pass      ; Inapplicable ; Inapplicable ; Inapplicable ; Inapplicable ; Inapplicable ; Inapplicable ; Inapplicable ; Inapplicable ; Inapplicable ; Inapplicable ; Inapplicable ; Pass         ; Inapplicable ; Inapplicable ; Pass         ; Inapplicable ; Inapplicable ; Inapplicable ; Inapplicable ; Pass      ; Pass      ; Pass      ; Inapplicable ; Inapplicable ;
; c_in[43]           ; Inapplicable ; Inapplicable ; Inapplicable ; Inapplicable ; Inapplicable ; Pass      ; Inapplicable ; Inapplicable ; Inapplicable ; Inapplicable ; Inapplicable ; Inapplicable ; Inapplicable ; Inapplicable ; Inapplicable ; Inapplicable ; Inapplicable ; Pass         ; Inapplicable ; Inapplicable ; Pass         ; Inapplicable ; Inapplicable ; Inapplicable ; Inapplicable ; Pass      ; Pass      ; Pass      ; Inapplicable ; Inapplicable ;
; c_in[44]           ; Inapplicable ; Inapplicable ; Inapplicable ; Inapplicable ; Inapplicable ; Pass      ; Inapplicable ; Inapplicable ; Inapplicable ; Inapplicable ; Inapplicable ; Inapplicable ; Inapplicable ; Inapplicable ; Inapplicable ; Inapplicable ; Inapplicable ; Pass         ; Inapplicable ; Inapplicable ; Pass         ; Inapplicable ; Inapplicable ; Inapplicable ; Inapplicable ; Pass      ; Pass      ; Pass      ; Inapplicable ; Inapplicable ;
; c_in[45]           ; Inapplicable ; Inapplicable ; Inapplicable ; Inapplicable ; Inapplicable ; Pass      ; Inapplicable ; Inapplicable ; Inapplicable ; Inapplicable ; Inapplicable ; Inapplicable ; Inapplicable ; Inapplicable ; Inapplicable ; Inapplicable ; Inapplicable ; Pass         ; Inapplicable ; Inapplicable ; Pass         ; Inapplicable ; Inapplicable ; Inapplicable ; Inapplicable ; Pass      ; Pass      ; Pass      ; Inapplicable ; Inapplicable ;
; c_in[46]           ; Inapplicable ; Inapplicable ; Inapplicable ; Inapplicable ; Inapplicable ; Pass      ; Inapplicable ; Inapplicable ; Inapplicable ; Inapplicable ; Inapplicable ; Inapplicable ; Inapplicable ; Inapplicable ; Inapplicable ; Inapplicable ; Inapplicable ; Pass         ; Inapplicable ; Inapplicable ; Pass         ; Inapplicable ; Inapplicable ; Inapplicable ; Inapplicable ; Pass      ; Pass      ; Pass      ; Inapplicable ; Inapplicable ;
; c_in[47]           ; Inapplicable ; Inapplicable ; Inapplicable ; Inapplicable ; Inapplicable ; Pass      ; Inapplicable ; Inapplicable ; Inapplicable ; Inapplicable ; Inapplicable ; Inapplicable ; Inapplicable ; Inapplicable ; Inapplicable ; Inapplicable ; Inapplicable ; Pass         ; Inapplicable ; Inapplicable ; Pass         ; Inapplicable ; Inapplicable ; Inapplicable ; Inapplicable ; Pass      ; Pass      ; Pass      ; Inapplicable ; Inapplicable ;
; c_in[48]           ; Inapplicable ; Inapplicable ; Inapplicable ; Inapplicable ; Inapplicable ; Pass      ; Inapplicable ; Inapplicable ; Inapplicable ; Inapplicable ; Inapplicable ; Inapplicable ; Inapplicable ; Inapplicable ; Inapplicable ; Inapplicable ; Inapplicable ; Pass         ; Inapplicable ; Inapplicable ; Pass         ; Inapplicable ; Inapplicable ; Inapplicable ; Inapplicable ; Pass      ; Pass      ; Pass      ; Inapplicable ; Inapplicable ;
; c_in[49]           ; Inapplicable ; Inapplicable ; Inapplicable ; Inapplicable ; Inapplicable ; Pass      ; Inapplicable ; Inapplicable ; Inapplicable ; Inapplicable ; Inapplicable ; Inapplicable ; Inapplicable ; Inapplicable ; Inapplicable ; Inapplicable ; Inapplicable ; Pass         ; Inapplicable ; Inapplicable ; Pass         ; Inapplicable ; Inapplicable ; Inapplicable ; Inapplicable ; Pass      ; Pass      ; Pass      ; Inapplicable ; Inapplicable ;
; c_in[50]           ; Inapplicable ; Inapplicable ; Inapplicable ; Inapplicable ; Inapplicable ; Pass      ; Inapplicable ; Inapplicable ; Inapplicable ; Inapplicable ; Inapplicable ; Inapplicable ; Inapplicable ; Inapplicable ; Inapplicable ; Inapplicable ; Inapplicable ; Pass         ; Inapplicable ; Inapplicable ; Pass         ; Inapplicable ; Inapplicable ; Inapplicable ; Inapplicable ; Pass      ; Pass      ; Pass      ; Inapplicable ; Inapplicable ;
; c_in[51]           ; Inapplicable ; Inapplicable ; Inapplicable ; Inapplicable ; Inapplicable ; Pass      ; Inapplicable ; Inapplicable ; Inapplicable ; Inapplicable ; Inapplicable ; Inapplicable ; Inapplicable ; Inapplicable ; Inapplicable ; Inapplicable ; Inapplicable ; Pass         ; Inapplicable ; Inapplicable ; Pass         ; Inapplicable ; Inapplicable ; Inapplicable ; Inapplicable ; Pass      ; Pass      ; Pass      ; Inapplicable ; Inapplicable ;
; c_in[52]           ; Inapplicable ; Inapplicable ; Inapplicable ; Inapplicable ; Inapplicable ; Pass      ; Inapplicable ; Inapplicable ; Inapplicable ; Inapplicable ; Inapplicable ; Inapplicable ; Inapplicable ; Inapplicable ; Inapplicable ; Inapplicable ; Inapplicable ; Pass         ; Inapplicable ; Inapplicable ; Pass         ; Inapplicable ; Inapplicable ; Inapplicable ; Inapplicable ; Pass      ; Pass      ; Pass      ; Inapplicable ; Inapplicable ;
; c_in[53]           ; Inapplicable ; Inapplicable ; Inapplicable ; Inapplicable ; Inapplicable ; Pass      ; Inapplicable ; Inapplicable ; Inapplicable ; Inapplicable ; Inapplicable ; Inapplicable ; Inapplicable ; Inapplicable ; Inapplicable ; Inapplicable ; Inapplicable ; Pass         ; Inapplicable ; Inapplicable ; Pass         ; Inapplicable ; Inapplicable ; Inapplicable ; Inapplicable ; Pass      ; Pass      ; Pass      ; Inapplicable ; Inapplicable ;
; c_in[54]           ; Inapplicable ; Inapplicable ; Inapplicable ; Inapplicable ; Inapplicable ; Pass      ; Inapplicable ; Inapplicable ; Inapplicable ; Inapplicable ; Inapplicable ; Inapplicable ; Inapplicable ; Inapplicable ; Inapplicable ; Inapplicable ; Inapplicable ; Pass         ; Inapplicable ; Inapplicable ; Pass         ; Inapplicable ; Inapplicable ; Inapplicable ; Inapplicable ; Pass      ; Pass      ; Pass      ; Inapplicable ; Inapplicable ;
; c_in[55]           ; Inapplicable ; Inapplicable ; Inapplicable ; Inapplicable ; Inapplicable ; Pass      ; Inapplicable ; Inapplicable ; Inapplicable ; Inapplicable ; Inapplicable ; Inapplicable ; Inapplicable ; Inapplicable ; Inapplicable ; Inapplicable ; Inapplicable ; Pass         ; Inapplicable ; Inapplicable ; Pass         ; Inapplicable ; Inapplicable ; Inapplicable ; Inapplicable ; Pass      ; Pass      ; Pass      ; Inapplicable ; Inapplicable ;
; c_in[56]           ; Inapplicable ; Inapplicable ; Inapplicable ; Inapplicable ; Inapplicable ; Pass      ; Inapplicable ; Inapplicable ; Inapplicable ; Inapplicable ; Inapplicable ; Inapplicable ; Inapplicable ; Inapplicable ; Inapplicable ; Inapplicable ; Inapplicable ; Pass         ; Inapplicable ; Inapplicable ; Pass         ; Inapplicable ; Inapplicable ; Inapplicable ; Inapplicable ; Pass      ; Pass      ; Pass      ; Inapplicable ; Inapplicable ;
; c_in[57]           ; Inapplicable ; Inapplicable ; Inapplicable ; Inapplicable ; Inapplicable ; Pass      ; Inapplicable ; Inapplicable ; Inapplicable ; Inapplicable ; Inapplicable ; Inapplicable ; Inapplicable ; Inapplicable ; Inapplicable ; Inapplicable ; Inapplicable ; Pass         ; Inapplicable ; Inapplicable ; Pass         ; Inapplicable ; Inapplicable ; Inapplicable ; Inapplicable ; Pass      ; Pass      ; Pass      ; Inapplicable ; Inapplicable ;
; c_in[58]           ; Inapplicable ; Inapplicable ; Inapplicable ; Inapplicable ; Inapplicable ; Pass      ; Inapplicable ; Inapplicable ; Inapplicable ; Inapplicable ; Inapplicable ; Inapplicable ; Inapplicable ; Inapplicable ; Inapplicable ; Inapplicable ; Inapplicable ; Pass         ; Inapplicable ; Inapplicable ; Pass         ; Inapplicable ; Inapplicable ; Inapplicable ; Inapplicable ; Pass      ; Pass      ; Pass      ; Inapplicable ; Inapplicable ;
; c_in[59]           ; Inapplicable ; Inapplicable ; Inapplicable ; Inapplicable ; Inapplicable ; Pass      ; Inapplicable ; Inapplicable ; Inapplicable ; Inapplicable ; Inapplicable ; Inapplicable ; Inapplicable ; Inapplicable ; Inapplicable ; Inapplicable ; Inapplicable ; Pass         ; Inapplicable ; Inapplicable ; Pass         ; Inapplicable ; Inapplicable ; Inapplicable ; Inapplicable ; Pass      ; Pass      ; Pass      ; Inapplicable ; Inapplicable ;
; c_in[60]           ; Inapplicable ; Inapplicable ; Inapplicable ; Inapplicable ; Inapplicable ; Pass      ; Inapplicable ; Inapplicable ; Inapplicable ; Inapplicable ; Inapplicable ; Inapplicable ; Inapplicable ; Inapplicable ; Inapplicable ; Inapplicable ; Inapplicable ; Pass         ; Inapplicable ; Inapplicable ; Pass         ; Inapplicable ; Inapplicable ; Inapplicable ; Inapplicable ; Pass      ; Pass      ; Pass      ; Inapplicable ; Inapplicable ;
; c_in[61]           ; Inapplicable ; Inapplicable ; Inapplicable ; Inapplicable ; Inapplicable ; Pass      ; Inapplicable ; Inapplicable ; Inapplicable ; Inapplicable ; Inapplicable ; Inapplicable ; Inapplicable ; Inapplicable ; Inapplicable ; Inapplicable ; Inapplicable ; Pass         ; Inapplicable ; Inapplicable ; Pass         ; Inapplicable ; Inapplicable ; Inapplicable ; Inapplicable ; Pass      ; Pass      ; Pass      ; Inapplicable ; Inapplicable ;
; c_in[62]           ; Inapplicable ; Inapplicable ; Inapplicable ; Inapplicable ; Inapplicable ; Pass      ; Inapplicable ; Inapplicable ; Inapplicable ; Inapplicable ; Inapplicable ; Inapplicable ; Inapplicable ; Inapplicable ; Inapplicable ; Inapplicable ; Inapplicable ; Pass         ; Inapplicable ; Inapplicable ; Pass         ; Inapplicable ; Inapplicable ; Inapplicable ; Inapplicable ; Pass      ; Pass      ; Pass      ; Inapplicable ; Inapplicable ;
; c_in[63]           ; Inapplicable ; Inapplicable ; Inapplicable ; Inapplicable ; Inapplicable ; Pass      ; Inapplicable ; Inapplicable ; Inapplicable ; Inapplicable ; Inapplicable ; Inapplicable ; Inapplicable ; Inapplicable ; Inapplicable ; Inapplicable ; Inapplicable ; Pass         ; Inapplicable ; Inapplicable ; Pass         ; Inapplicable ; Inapplicable ; Inapplicable ; Inapplicable ; Pass      ; Pass      ; Pass      ; Inapplicable ; Inapplicable ;
; c_in[64]           ; Inapplicable ; Inapplicable ; Inapplicable ; Inapplicable ; Inapplicable ; Pass      ; Inapplicable ; Inapplicable ; Inapplicable ; Inapplicable ; Inapplicable ; Inapplicable ; Inapplicable ; Inapplicable ; Inapplicable ; Inapplicable ; Inapplicable ; Pass         ; Inapplicable ; Inapplicable ; Pass         ; Inapplicable ; Inapplicable ; Inapplicable ; Inapplicable ; Pass      ; Pass      ; Pass      ; Inapplicable ; Inapplicable ;
; c_in[65]           ; Inapplicable ; Inapplicable ; Inapplicable ; Inapplicable ; Inapplicable ; Pass      ; Inapplicable ; Inapplicable ; Inapplicable ; Inapplicable ; Inapplicable ; Inapplicable ; Inapplicable ; Inapplicable ; Inapplicable ; Inapplicable ; Inapplicable ; Pass         ; Inapplicable ; Inapplicable ; Pass         ; Inapplicable ; Inapplicable ; Inapplicable ; Inapplicable ; Pass      ; Pass      ; Pass      ; Inapplicable ; Inapplicable ;
; a_in[0]            ; Inapplicable ; Inapplicable ; Inapplicable ; Inapplicable ; Inapplicable ; Pass      ; Inapplicable ; Inapplicable ; Inapplicable ; Inapplicable ; Inapplicable ; Inapplicable ; Inapplicable ; Inapplicable ; Inapplicable ; Inapplicable ; Inapplicable ; Pass         ; Inapplicable ; Inapplicable ; Pass         ; Inapplicable ; Inapplicable ; Inapplicable ; Inapplicable ; Pass      ; Pass      ; Pass      ; Inapplicable ; Inapplicable ;
; beta               ; Inapplicable ; Inapplicable ; Inapplicable ; Inapplicable ; Inapplicable ; Pass      ; Inapplicable ; Inapplicable ; Inapplicable ; Inapplicable ; Inapplicable ; Inapplicable ; Inapplicable ; Inapplicable ; Inapplicable ; Inapplicable ; Inapplicable ; Pass         ; Inapplicable ; Inapplicable ; Pass         ; Inapplicable ; Inapplicable ; Inapplicable ; Inapplicable ; Pass      ; Pass      ; Pass      ; Inapplicable ; Inapplicable ;
; a_in[1]            ; Inapplicable ; Inapplicable ; Inapplicable ; Inapplicable ; Inapplicable ; Pass      ; Inapplicable ; Inapplicable ; Inapplicable ; Inapplicable ; Inapplicable ; Inapplicable ; Inapplicable ; Inapplicable ; Inapplicable ; Inapplicable ; Inapplicable ; Pass         ; Inapplicable ; Inapplicable ; Pass         ; Inapplicable ; Inapplicable ; Inapplicable ; Inapplicable ; Pass      ; Pass      ; Pass      ; Inapplicable ; Inapplicable ;
; a_in[2]            ; Inapplicable ; Inapplicable ; Inapplicable ; Inapplicable ; Inapplicable ; Pass      ; Inapplicable ; Inapplicable ; Inapplicable ; Inapplicable ; Inapplicable ; Inapplicable ; Inapplicable ; Inapplicable ; Inapplicable ; Inapplicable ; Inapplicable ; Pass         ; Inapplicable ; Inapplicable ; Pass         ; Inapplicable ; Inapplicable ; Inapplicable ; Inapplicable ; Pass      ; Pass      ; Pass      ; Inapplicable ; Inapplicable ;
; a_in[3]            ; Inapplicable ; Inapplicable ; Inapplicable ; Inapplicable ; Inapplicable ; Pass      ; Inapplicable ; Inapplicable ; Inapplicable ; Inapplicable ; Inapplicable ; Inapplicable ; Inapplicable ; Inapplicable ; Inapplicable ; Inapplicable ; Inapplicable ; Pass         ; Inapplicable ; Inapplicable ; Pass         ; Inapplicable ; Inapplicable ; Inapplicable ; Inapplicable ; Pass      ; Pass      ; Pass      ; Inapplicable ; Inapplicable ;
; a_in[4]            ; Inapplicable ; Inapplicable ; Inapplicable ; Inapplicable ; Inapplicable ; Pass      ; Inapplicable ; Inapplicable ; Inapplicable ; Inapplicable ; Inapplicable ; Inapplicable ; Inapplicable ; Inapplicable ; Inapplicable ; Inapplicable ; Inapplicable ; Pass         ; Inapplicable ; Inapplicable ; Pass         ; Inapplicable ; Inapplicable ; Inapplicable ; Inapplicable ; Pass      ; Pass      ; Pass      ; Inapplicable ; Inapplicable ;
; a_in[5]            ; Inapplicable ; Inapplicable ; Inapplicable ; Inapplicable ; Inapplicable ; Pass      ; Inapplicable ; Inapplicable ; Inapplicable ; Inapplicable ; Inapplicable ; Inapplicable ; Inapplicable ; Inapplicable ; Inapplicable ; Inapplicable ; Inapplicable ; Pass         ; Inapplicable ; Inapplicable ; Pass         ; Inapplicable ; Inapplicable ; Inapplicable ; Inapplicable ; Pass      ; Pass      ; Pass      ; Inapplicable ; Inapplicable ;
; a_in[6]            ; Inapplicable ; Inapplicable ; Inapplicable ; Inapplicable ; Inapplicable ; Pass      ; Inapplicable ; Inapplicable ; Inapplicable ; Inapplicable ; Inapplicable ; Inapplicable ; Inapplicable ; Inapplicable ; Inapplicable ; Inapplicable ; Inapplicable ; Pass         ; Inapplicable ; Inapplicable ; Pass         ; Inapplicable ; Inapplicable ; Inapplicable ; Inapplicable ; Pass      ; Pass      ; Pass      ; Inapplicable ; Inapplicable ;
; a_in[7]            ; Inapplicable ; Inapplicable ; Inapplicable ; Inapplicable ; Inapplicable ; Pass      ; Inapplicable ; Inapplicable ; Inapplicable ; Inapplicable ; Inapplicable ; Inapplicable ; Inapplicable ; Inapplicable ; Inapplicable ; Inapplicable ; Inapplicable ; Pass         ; Inapplicable ; Inapplicable ; Pass         ; Inapplicable ; Inapplicable ; Inapplicable ; Inapplicable ; Pass      ; Pass      ; Pass      ; Inapplicable ; Inapplicable ;
; a_in[8]            ; Inapplicable ; Inapplicable ; Inapplicable ; Inapplicable ; Inapplicable ; Pass      ; Inapplicable ; Inapplicable ; Inapplicable ; Inapplicable ; Inapplicable ; Inapplicable ; Inapplicable ; Inapplicable ; Inapplicable ; Inapplicable ; Inapplicable ; Pass         ; Inapplicable ; Inapplicable ; Pass         ; Inapplicable ; Inapplicable ; Inapplicable ; Inapplicable ; Pass      ; Pass      ; Pass      ; Inapplicable ; Inapplicable ;
; a_in[9]            ; Inapplicable ; Inapplicable ; Inapplicable ; Inapplicable ; Inapplicable ; Pass      ; Inapplicable ; Inapplicable ; Inapplicable ; Inapplicable ; Inapplicable ; Inapplicable ; Inapplicable ; Inapplicable ; Inapplicable ; Inapplicable ; Inapplicable ; Pass         ; Inapplicable ; Inapplicable ; Pass         ; Inapplicable ; Inapplicable ; Inapplicable ; Inapplicable ; Pass      ; Pass      ; Pass      ; Inapplicable ; Inapplicable ;
; a_in[10]           ; Inapplicable ; Inapplicable ; Inapplicable ; Inapplicable ; Inapplicable ; Pass      ; Inapplicable ; Inapplicable ; Inapplicable ; Inapplicable ; Inapplicable ; Inapplicable ; Inapplicable ; Inapplicable ; Inapplicable ; Inapplicable ; Inapplicable ; Pass         ; Inapplicable ; Inapplicable ; Pass         ; Inapplicable ; Inapplicable ; Inapplicable ; Inapplicable ; Pass      ; Pass      ; Pass      ; Inapplicable ; Inapplicable ;
; a_in[11]           ; Inapplicable ; Inapplicable ; Inapplicable ; Inapplicable ; Inapplicable ; Pass      ; Inapplicable ; Inapplicable ; Inapplicable ; Inapplicable ; Inapplicable ; Inapplicable ; Inapplicable ; Inapplicable ; Inapplicable ; Inapplicable ; Inapplicable ; Pass         ; Inapplicable ; Inapplicable ; Pass         ; Inapplicable ; Inapplicable ; Inapplicable ; Inapplicable ; Pass      ; Pass      ; Pass      ; Inapplicable ; Inapplicable ;
; a_in[12]           ; Inapplicable ; Inapplicable ; Inapplicable ; Inapplicable ; Inapplicable ; Pass      ; Inapplicable ; Inapplicable ; Inapplicable ; Inapplicable ; Inapplicable ; Inapplicable ; Inapplicable ; Inapplicable ; Inapplicable ; Inapplicable ; Inapplicable ; Pass         ; Inapplicable ; Inapplicable ; Pass         ; Inapplicable ; Inapplicable ; Inapplicable ; Inapplicable ; Pass      ; Pass      ; Pass      ; Inapplicable ; Inapplicable ;
; a_in[13]           ; Inapplicable ; Inapplicable ; Inapplicable ; Inapplicable ; Inapplicable ; Pass      ; Inapplicable ; Inapplicable ; Inapplicable ; Inapplicable ; Inapplicable ; Inapplicable ; Inapplicable ; Inapplicable ; Inapplicable ; Inapplicable ; Inapplicable ; Pass         ; Inapplicable ; Inapplicable ; Pass         ; Inapplicable ; Inapplicable ; Inapplicable ; Inapplicable ; Pass      ; Pass      ; Pass      ; Inapplicable ; Inapplicable ;
; a_in[14]           ; Inapplicable ; Inapplicable ; Inapplicable ; Inapplicable ; Inapplicable ; Pass      ; Inapplicable ; Inapplicable ; Inapplicable ; Inapplicable ; Inapplicable ; Inapplicable ; Inapplicable ; Inapplicable ; Inapplicable ; Inapplicable ; Inapplicable ; Pass         ; Inapplicable ; Inapplicable ; Pass         ; Inapplicable ; Inapplicable ; Inapplicable ; Inapplicable ; Pass      ; Pass      ; Pass      ; Inapplicable ; Inapplicable ;
; a_in[15]           ; Inapplicable ; Inapplicable ; Inapplicable ; Inapplicable ; Inapplicable ; Pass      ; Inapplicable ; Inapplicable ; Inapplicable ; Inapplicable ; Inapplicable ; Inapplicable ; Inapplicable ; Inapplicable ; Inapplicable ; Inapplicable ; Inapplicable ; Pass         ; Inapplicable ; Inapplicable ; Pass         ; Inapplicable ; Inapplicable ; Inapplicable ; Inapplicable ; Pass      ; Pass      ; Pass      ; Inapplicable ; Inapplicable ;
; a_in[16]           ; Inapplicable ; Inapplicable ; Inapplicable ; Inapplicable ; Inapplicable ; Pass      ; Inapplicable ; Inapplicable ; Inapplicable ; Inapplicable ; Inapplicable ; Inapplicable ; Inapplicable ; Inapplicable ; Inapplicable ; Inapplicable ; Inapplicable ; Pass         ; Inapplicable ; Inapplicable ; Pass         ; Inapplicable ; Inapplicable ; Inapplicable ; Inapplicable ; Pass      ; Pass      ; Pass      ; Inapplicable ; Inapplicable ;
; a_in[17]           ; Inapplicable ; Inapplicable ; Inapplicable ; Inapplicable ; Inapplicable ; Pass      ; Inapplicable ; Inapplicable ; Inapplicable ; Inapplicable ; Inapplicable ; Inapplicable ; Inapplicable ; Inapplicable ; Inapplicable ; Inapplicable ; Inapplicable ; Pass         ; Inapplicable ; Inapplicable ; Pass         ; Inapplicable ; Inapplicable ; Inapplicable ; Inapplicable ; Pass      ; Pass      ; Pass      ; Inapplicable ; Inapplicable ;
; b_in_1[0]          ; Inapplicable ; Inapplicable ; Inapplicable ; Inapplicable ; Inapplicable ; Pass      ; Inapplicable ; Inapplicable ; Inapplicable ; Inapplicable ; Inapplicable ; Inapplicable ; Inapplicable ; Inapplicable ; Inapplicable ; Inapplicable ; Inapplicable ; Pass         ; Inapplicable ; Inapplicable ; Pass         ; Inapplicable ; Inapplicable ; Inapplicable ; Inapplicable ; Pass      ; Pass      ; Pass      ; Inapplicable ; Inapplicable ;
; alpha              ; Inapplicable ; Inapplicable ; Inapplicable ; Inapplicable ; Inapplicable ; Pass      ; Inapplicable ; Inapplicable ; Inapplicable ; Inapplicable ; Inapplicable ; Inapplicable ; Inapplicable ; Inapplicable ; Inapplicable ; Inapplicable ; Inapplicable ; Pass         ; Inapplicable ; Inapplicable ; Pass         ; Inapplicable ; Inapplicable ; Inapplicable ; Inapplicable ; Pass      ; Pass      ; Pass      ; Inapplicable ; Inapplicable ;
; b_in_1[1]          ; Inapplicable ; Inapplicable ; Inapplicable ; Inapplicable ; Inapplicable ; Pass      ; Inapplicable ; Inapplicable ; Inapplicable ; Inapplicable ; Inapplicable ; Inapplicable ; Inapplicable ; Inapplicable ; Inapplicable ; Inapplicable ; Inapplicable ; Pass         ; Inapplicable ; Inapplicable ; Pass         ; Inapplicable ; Inapplicable ; Inapplicable ; Inapplicable ; Pass      ; Pass      ; Pass      ; Inapplicable ; Inapplicable ;
; b_in_1[2]          ; Inapplicable ; Inapplicable ; Inapplicable ; Inapplicable ; Inapplicable ; Pass      ; Inapplicable ; Inapplicable ; Inapplicable ; Inapplicable ; Inapplicable ; Inapplicable ; Inapplicable ; Inapplicable ; Inapplicable ; Inapplicable ; Inapplicable ; Pass         ; Inapplicable ; Inapplicable ; Pass         ; Inapplicable ; Inapplicable ; Inapplicable ; Inapplicable ; Pass      ; Pass      ; Pass      ; Inapplicable ; Inapplicable ;
; b_in_1[3]          ; Inapplicable ; Inapplicable ; Inapplicable ; Inapplicable ; Inapplicable ; Pass      ; Inapplicable ; Inapplicable ; Inapplicable ; Inapplicable ; Inapplicable ; Inapplicable ; Inapplicable ; Inapplicable ; Inapplicable ; Inapplicable ; Inapplicable ; Pass         ; Inapplicable ; Inapplicable ; Pass         ; Inapplicable ; Inapplicable ; Inapplicable ; Inapplicable ; Pass      ; Pass      ; Pass      ; Inapplicable ; Inapplicable ;
; b_in_1[4]          ; Inapplicable ; Inapplicable ; Inapplicable ; Inapplicable ; Inapplicable ; Pass      ; Inapplicable ; Inapplicable ; Inapplicable ; Inapplicable ; Inapplicable ; Inapplicable ; Inapplicable ; Inapplicable ; Inapplicable ; Inapplicable ; Inapplicable ; Pass         ; Inapplicable ; Inapplicable ; Pass         ; Inapplicable ; Inapplicable ; Inapplicable ; Inapplicable ; Pass      ; Pass      ; Pass      ; Inapplicable ; Inapplicable ;
; b_in_1[5]          ; Inapplicable ; Inapplicable ; Inapplicable ; Inapplicable ; Inapplicable ; Pass      ; Inapplicable ; Inapplicable ; Inapplicable ; Inapplicable ; Inapplicable ; Inapplicable ; Inapplicable ; Inapplicable ; Inapplicable ; Inapplicable ; Inapplicable ; Pass         ; Inapplicable ; Inapplicable ; Pass         ; Inapplicable ; Inapplicable ; Inapplicable ; Inapplicable ; Pass      ; Pass      ; Pass      ; Inapplicable ; Inapplicable ;
; b_in_1[6]          ; Inapplicable ; Inapplicable ; Inapplicable ; Inapplicable ; Inapplicable ; Pass      ; Inapplicable ; Inapplicable ; Inapplicable ; Inapplicable ; Inapplicable ; Inapplicable ; Inapplicable ; Inapplicable ; Inapplicable ; Inapplicable ; Inapplicable ; Pass         ; Inapplicable ; Inapplicable ; Pass         ; Inapplicable ; Inapplicable ; Inapplicable ; Inapplicable ; Pass      ; Pass      ; Pass      ; Inapplicable ; Inapplicable ;
; b_in_1[7]          ; Inapplicable ; Inapplicable ; Inapplicable ; Inapplicable ; Inapplicable ; Pass      ; Inapplicable ; Inapplicable ; Inapplicable ; Inapplicable ; Inapplicable ; Inapplicable ; Inapplicable ; Inapplicable ; Inapplicable ; Inapplicable ; Inapplicable ; Pass         ; Inapplicable ; Inapplicable ; Pass         ; Inapplicable ; Inapplicable ; Inapplicable ; Inapplicable ; Pass      ; Pass      ; Pass      ; Inapplicable ; Inapplicable ;
; b_in_1[8]          ; Inapplicable ; Inapplicable ; Inapplicable ; Inapplicable ; Inapplicable ; Pass      ; Inapplicable ; Inapplicable ; Inapplicable ; Inapplicable ; Inapplicable ; Inapplicable ; Inapplicable ; Inapplicable ; Inapplicable ; Inapplicable ; Inapplicable ; Pass         ; Inapplicable ; Inapplicable ; Pass         ; Inapplicable ; Inapplicable ; Inapplicable ; Inapplicable ; Pass      ; Pass      ; Pass      ; Inapplicable ; Inapplicable ;
; b_in_1[9]          ; Inapplicable ; Inapplicable ; Inapplicable ; Inapplicable ; Inapplicable ; Pass      ; Inapplicable ; Inapplicable ; Inapplicable ; Inapplicable ; Inapplicable ; Inapplicable ; Inapplicable ; Inapplicable ; Inapplicable ; Inapplicable ; Inapplicable ; Pass         ; Inapplicable ; Inapplicable ; Pass         ; Inapplicable ; Inapplicable ; Inapplicable ; Inapplicable ; Pass      ; Pass      ; Pass      ; Inapplicable ; Inapplicable ;
; b_in_1[10]         ; Inapplicable ; Inapplicable ; Inapplicable ; Inapplicable ; Inapplicable ; Pass      ; Inapplicable ; Inapplicable ; Inapplicable ; Inapplicable ; Inapplicable ; Inapplicable ; Inapplicable ; Inapplicable ; Inapplicable ; Inapplicable ; Inapplicable ; Pass         ; Inapplicable ; Inapplicable ; Pass         ; Inapplicable ; Inapplicable ; Inapplicable ; Inapplicable ; Pass      ; Pass      ; Pass      ; Inapplicable ; Inapplicable ;
; b_in_1[11]         ; Inapplicable ; Inapplicable ; Inapplicable ; Inapplicable ; Inapplicable ; Pass      ; Inapplicable ; Inapplicable ; Inapplicable ; Inapplicable ; Inapplicable ; Inapplicable ; Inapplicable ; Inapplicable ; Inapplicable ; Inapplicable ; Inapplicable ; Pass         ; Inapplicable ; Inapplicable ; Pass         ; Inapplicable ; Inapplicable ; Inapplicable ; Inapplicable ; Pass      ; Pass      ; Pass      ; Inapplicable ; Inapplicable ;
; b_in_1[12]         ; Inapplicable ; Inapplicable ; Inapplicable ; Inapplicable ; Inapplicable ; Pass      ; Inapplicable ; Inapplicable ; Inapplicable ; Inapplicable ; Inapplicable ; Inapplicable ; Inapplicable ; Inapplicable ; Inapplicable ; Inapplicable ; Inapplicable ; Pass         ; Inapplicable ; Inapplicable ; Pass         ; Inapplicable ; Inapplicable ; Inapplicable ; Inapplicable ; Pass      ; Pass      ; Pass      ; Inapplicable ; Inapplicable ;
; b_in_1[13]         ; Inapplicable ; Inapplicable ; Inapplicable ; Inapplicable ; Inapplicable ; Pass      ; Inapplicable ; Inapplicable ; Inapplicable ; Inapplicable ; Inapplicable ; Inapplicable ; Inapplicable ; Inapplicable ; Inapplicable ; Inapplicable ; Inapplicable ; Pass         ; Inapplicable ; Inapplicable ; Pass         ; Inapplicable ; Inapplicable ; Inapplicable ; Inapplicable ; Pass      ; Pass      ; Pass      ; Inapplicable ; Inapplicable ;
; b_in_1[14]         ; Inapplicable ; Inapplicable ; Inapplicable ; Inapplicable ; Inapplicable ; Pass      ; Inapplicable ; Inapplicable ; Inapplicable ; Inapplicable ; Inapplicable ; Inapplicable ; Inapplicable ; Inapplicable ; Inapplicable ; Inapplicable ; Inapplicable ; Pass         ; Inapplicable ; Inapplicable ; Pass         ; Inapplicable ; Inapplicable ; Inapplicable ; Inapplicable ; Pass      ; Pass      ; Pass      ; Inapplicable ; Inapplicable ;
; b_in_1[15]         ; Inapplicable ; Inapplicable ; Inapplicable ; Inapplicable ; Inapplicable ; Pass      ; Inapplicable ; Inapplicable ; Inapplicable ; Inapplicable ; Inapplicable ; Inapplicable ; Inapplicable ; Inapplicable ; Inapplicable ; Inapplicable ; Inapplicable ; Pass         ; Inapplicable ; Inapplicable ; Pass         ; Inapplicable ; Inapplicable ; Inapplicable ; Inapplicable ; Pass      ; Pass      ; Pass      ; Inapplicable ; Inapplicable ;
; b_in_1[16]         ; Inapplicable ; Inapplicable ; Inapplicable ; Inapplicable ; Inapplicable ; Pass      ; Inapplicable ; Inapplicable ; Inapplicable ; Inapplicable ; Inapplicable ; Inapplicable ; Inapplicable ; Inapplicable ; Inapplicable ; Inapplicable ; Inapplicable ; Pass         ; Inapplicable ; Inapplicable ; Pass         ; Inapplicable ; Inapplicable ; Inapplicable ; Inapplicable ; Pass      ; Pass      ; Pass      ; Inapplicable ; Inapplicable ;
; b_in_1[17]         ; Inapplicable ; Inapplicable ; Inapplicable ; Inapplicable ; Inapplicable ; Pass      ; Inapplicable ; Inapplicable ; Inapplicable ; Inapplicable ; Inapplicable ; Inapplicable ; Inapplicable ; Inapplicable ; Inapplicable ; Inapplicable ; Inapplicable ; Pass         ; Inapplicable ; Inapplicable ; Pass         ; Inapplicable ; Inapplicable ; Inapplicable ; Inapplicable ; Pass      ; Pass      ; Pass      ; Inapplicable ; Inapplicable ;
; b_in_1[18]         ; Inapplicable ; Inapplicable ; Inapplicable ; Inapplicable ; Inapplicable ; Pass      ; Inapplicable ; Inapplicable ; Inapplicable ; Inapplicable ; Inapplicable ; Inapplicable ; Inapplicable ; Inapplicable ; Inapplicable ; Inapplicable ; Inapplicable ; Pass         ; Inapplicable ; Inapplicable ; Pass         ; Inapplicable ; Inapplicable ; Inapplicable ; Inapplicable ; Pass      ; Pass      ; Pass      ; Inapplicable ; Inapplicable ;
; b_in_1[19]         ; Inapplicable ; Inapplicable ; Inapplicable ; Inapplicable ; Inapplicable ; Pass      ; Inapplicable ; Inapplicable ; Inapplicable ; Inapplicable ; Inapplicable ; Inapplicable ; Inapplicable ; Inapplicable ; Inapplicable ; Inapplicable ; Inapplicable ; Pass         ; Inapplicable ; Inapplicable ; Pass         ; Inapplicable ; Inapplicable ; Inapplicable ; Inapplicable ; Pass      ; Pass      ; Pass      ; Inapplicable ; Inapplicable ;
; b_in_1[20]         ; Inapplicable ; Inapplicable ; Inapplicable ; Inapplicable ; Inapplicable ; Pass      ; Inapplicable ; Inapplicable ; Inapplicable ; Inapplicable ; Inapplicable ; Inapplicable ; Inapplicable ; Inapplicable ; Inapplicable ; Inapplicable ; Inapplicable ; Pass         ; Inapplicable ; Inapplicable ; Pass         ; Inapplicable ; Inapplicable ; Inapplicable ; Inapplicable ; Pass      ; Pass      ; Pass      ; Inapplicable ; Inapplicable ;
; b_in_1[21]         ; Inapplicable ; Inapplicable ; Inapplicable ; Inapplicable ; Inapplicable ; Pass      ; Inapplicable ; Inapplicable ; Inapplicable ; Inapplicable ; Inapplicable ; Inapplicable ; Inapplicable ; Inapplicable ; Inapplicable ; Inapplicable ; Inapplicable ; Pass         ; Inapplicable ; Inapplicable ; Pass         ; Inapplicable ; Inapplicable ; Inapplicable ; Inapplicable ; Pass      ; Pass      ; Pass      ; Inapplicable ; Inapplicable ;
; b_in_1[22]         ; Inapplicable ; Inapplicable ; Inapplicable ; Inapplicable ; Inapplicable ; Pass      ; Inapplicable ; Inapplicable ; Inapplicable ; Inapplicable ; Inapplicable ; Inapplicable ; Inapplicable ; Inapplicable ; Inapplicable ; Inapplicable ; Inapplicable ; Pass         ; Inapplicable ; Inapplicable ; Pass         ; Inapplicable ; Inapplicable ; Inapplicable ; Inapplicable ; Pass      ; Pass      ; Pass      ; Inapplicable ; Inapplicable ;
; b_in_1[23]         ; Inapplicable ; Inapplicable ; Inapplicable ; Inapplicable ; Inapplicable ; Pass      ; Inapplicable ; Inapplicable ; Inapplicable ; Inapplicable ; Inapplicable ; Inapplicable ; Inapplicable ; Inapplicable ; Inapplicable ; Inapplicable ; Inapplicable ; Pass         ; Inapplicable ; Inapplicable ; Pass         ; Inapplicable ; Inapplicable ; Inapplicable ; Inapplicable ; Pass      ; Pass      ; Pass      ; Inapplicable ; Inapplicable ;
; b_in_1[24]         ; Inapplicable ; Inapplicable ; Inapplicable ; Inapplicable ; Inapplicable ; Pass      ; Inapplicable ; Inapplicable ; Inapplicable ; Inapplicable ; Inapplicable ; Inapplicable ; Inapplicable ; Inapplicable ; Inapplicable ; Inapplicable ; Inapplicable ; Pass         ; Inapplicable ; Inapplicable ; Pass         ; Inapplicable ; Inapplicable ; Inapplicable ; Inapplicable ; Pass      ; Pass      ; Pass      ; Inapplicable ; Inapplicable ;
; b_in_1[25]         ; Inapplicable ; Inapplicable ; Inapplicable ; Inapplicable ; Inapplicable ; Pass      ; Inapplicable ; Inapplicable ; Inapplicable ; Inapplicable ; Inapplicable ; Inapplicable ; Inapplicable ; Inapplicable ; Inapplicable ; Inapplicable ; Inapplicable ; Pass         ; Inapplicable ; Inapplicable ; Pass         ; Inapplicable ; Inapplicable ; Inapplicable ; Inapplicable ; Pass      ; Pass      ; Pass      ; Inapplicable ; Inapplicable ;
; b_in_1[26]         ; Inapplicable ; Inapplicable ; Inapplicable ; Inapplicable ; Inapplicable ; Pass      ; Inapplicable ; Inapplicable ; Inapplicable ; Inapplicable ; Inapplicable ; Inapplicable ; Inapplicable ; Inapplicable ; Inapplicable ; Inapplicable ; Inapplicable ; Pass         ; Inapplicable ; Inapplicable ; Pass         ; Inapplicable ; Inapplicable ; Inapplicable ; Inapplicable ; Pass      ; Pass      ; Pass      ; Inapplicable ; Inapplicable ;
; b_in_1[27]         ; Inapplicable ; Inapplicable ; Inapplicable ; Inapplicable ; Inapplicable ; Pass      ; Inapplicable ; Inapplicable ; Inapplicable ; Inapplicable ; Inapplicable ; Inapplicable ; Inapplicable ; Inapplicable ; Inapplicable ; Inapplicable ; Inapplicable ; Pass         ; Inapplicable ; Inapplicable ; Pass         ; Inapplicable ; Inapplicable ; Inapplicable ; Inapplicable ; Pass      ; Pass      ; Pass      ; Inapplicable ; Inapplicable ;
; b_in_1[28]         ; Inapplicable ; Inapplicable ; Inapplicable ; Inapplicable ; Inapplicable ; Pass      ; Inapplicable ; Inapplicable ; Inapplicable ; Inapplicable ; Inapplicable ; Inapplicable ; Inapplicable ; Inapplicable ; Inapplicable ; Inapplicable ; Inapplicable ; Pass         ; Inapplicable ; Inapplicable ; Pass         ; Inapplicable ; Inapplicable ; Inapplicable ; Inapplicable ; Pass      ; Pass      ; Pass      ; Inapplicable ; Inapplicable ;
; b_in_1[29]         ; Inapplicable ; Inapplicable ; Inapplicable ; Inapplicable ; Inapplicable ; Pass      ; Inapplicable ; Inapplicable ; Inapplicable ; Inapplicable ; Inapplicable ; Inapplicable ; Inapplicable ; Inapplicable ; Inapplicable ; Inapplicable ; Inapplicable ; Pass         ; Inapplicable ; Inapplicable ; Pass         ; Inapplicable ; Inapplicable ; Inapplicable ; Inapplicable ; Pass      ; Pass      ; Pass      ; Inapplicable ; Inapplicable ;
; b_in_1[30]         ; Inapplicable ; Inapplicable ; Inapplicable ; Inapplicable ; Inapplicable ; Pass      ; Inapplicable ; Inapplicable ; Inapplicable ; Inapplicable ; Inapplicable ; Inapplicable ; Inapplicable ; Inapplicable ; Inapplicable ; Inapplicable ; Inapplicable ; Pass         ; Inapplicable ; Inapplicable ; Pass         ; Inapplicable ; Inapplicable ; Inapplicable ; Inapplicable ; Pass      ; Pass      ; Pass      ; Inapplicable ; Inapplicable ;
; b_in_1[31]         ; Inapplicable ; Inapplicable ; Inapplicable ; Inapplicable ; Inapplicable ; Pass      ; Inapplicable ; Inapplicable ; Inapplicable ; Inapplicable ; Inapplicable ; Inapplicable ; Inapplicable ; Inapplicable ; Inapplicable ; Inapplicable ; Inapplicable ; Pass         ; Inapplicable ; Inapplicable ; Pass         ; Inapplicable ; Inapplicable ; Inapplicable ; Inapplicable ; Pass      ; Pass      ; Pass      ; Inapplicable ; Inapplicable ;
; a_in[18]           ; Inapplicable ; Inapplicable ; Inapplicable ; Inapplicable ; Inapplicable ; Pass      ; Inapplicable ; Inapplicable ; Inapplicable ; Inapplicable ; Inapplicable ; Inapplicable ; Inapplicable ; Inapplicable ; Inapplicable ; Inapplicable ; Inapplicable ; Pass         ; Inapplicable ; Inapplicable ; Pass         ; Inapplicable ; Inapplicable ; Inapplicable ; Inapplicable ; Pass      ; Pass      ; Pass      ; Inapplicable ; Inapplicable ;
; a_in[19]           ; Inapplicable ; Inapplicable ; Inapplicable ; Inapplicable ; Inapplicable ; Pass      ; Inapplicable ; Inapplicable ; Inapplicable ; Inapplicable ; Inapplicable ; Inapplicable ; Inapplicable ; Inapplicable ; Inapplicable ; Inapplicable ; Inapplicable ; Pass         ; Inapplicable ; Inapplicable ; Pass         ; Inapplicable ; Inapplicable ; Inapplicable ; Inapplicable ; Pass      ; Pass      ; Pass      ; Inapplicable ; Inapplicable ;
; a_in[20]           ; Inapplicable ; Inapplicable ; Inapplicable ; Inapplicable ; Inapplicable ; Pass      ; Inapplicable ; Inapplicable ; Inapplicable ; Inapplicable ; Inapplicable ; Inapplicable ; Inapplicable ; Inapplicable ; Inapplicable ; Inapplicable ; Inapplicable ; Pass         ; Inapplicable ; Inapplicable ; Pass         ; Inapplicable ; Inapplicable ; Inapplicable ; Inapplicable ; Pass      ; Pass      ; Pass      ; Inapplicable ; Inapplicable ;
; a_in[21]           ; Inapplicable ; Inapplicable ; Inapplicable ; Inapplicable ; Inapplicable ; Pass      ; Inapplicable ; Inapplicable ; Inapplicable ; Inapplicable ; Inapplicable ; Inapplicable ; Inapplicable ; Inapplicable ; Inapplicable ; Inapplicable ; Inapplicable ; Pass         ; Inapplicable ; Inapplicable ; Pass         ; Inapplicable ; Inapplicable ; Inapplicable ; Inapplicable ; Pass      ; Pass      ; Pass      ; Inapplicable ; Inapplicable ;
; a_in[22]           ; Inapplicable ; Inapplicable ; Inapplicable ; Inapplicable ; Inapplicable ; Pass      ; Inapplicable ; Inapplicable ; Inapplicable ; Inapplicable ; Inapplicable ; Inapplicable ; Inapplicable ; Inapplicable ; Inapplicable ; Inapplicable ; Inapplicable ; Pass         ; Inapplicable ; Inapplicable ; Pass         ; Inapplicable ; Inapplicable ; Inapplicable ; Inapplicable ; Pass      ; Pass      ; Pass      ; Inapplicable ; Inapplicable ;
; a_in[23]           ; Inapplicable ; Inapplicable ; Inapplicable ; Inapplicable ; Inapplicable ; Pass      ; Inapplicable ; Inapplicable ; Inapplicable ; Inapplicable ; Inapplicable ; Inapplicable ; Inapplicable ; Inapplicable ; Inapplicable ; Inapplicable ; Inapplicable ; Pass         ; Inapplicable ; Inapplicable ; Pass         ; Inapplicable ; Inapplicable ; Inapplicable ; Inapplicable ; Pass      ; Pass      ; Pass      ; Inapplicable ; Inapplicable ;
; a_in[24]           ; Inapplicable ; Inapplicable ; Inapplicable ; Inapplicable ; Inapplicable ; Pass      ; Inapplicable ; Inapplicable ; Inapplicable ; Inapplicable ; Inapplicable ; Inapplicable ; Inapplicable ; Inapplicable ; Inapplicable ; Inapplicable ; Inapplicable ; Pass         ; Inapplicable ; Inapplicable ; Pass         ; Inapplicable ; Inapplicable ; Inapplicable ; Inapplicable ; Pass      ; Pass      ; Pass      ; Inapplicable ; Inapplicable ;
; a_in[25]           ; Inapplicable ; Inapplicable ; Inapplicable ; Inapplicable ; Inapplicable ; Pass      ; Inapplicable ; Inapplicable ; Inapplicable ; Inapplicable ; Inapplicable ; Inapplicable ; Inapplicable ; Inapplicable ; Inapplicable ; Inapplicable ; Inapplicable ; Pass         ; Inapplicable ; Inapplicable ; Pass         ; Inapplicable ; Inapplicable ; Inapplicable ; Inapplicable ; Pass      ; Pass      ; Pass      ; Inapplicable ; Inapplicable ;
; a_in[26]           ; Inapplicable ; Inapplicable ; Inapplicable ; Inapplicable ; Inapplicable ; Pass      ; Inapplicable ; Inapplicable ; Inapplicable ; Inapplicable ; Inapplicable ; Inapplicable ; Inapplicable ; Inapplicable ; Inapplicable ; Inapplicable ; Inapplicable ; Pass         ; Inapplicable ; Inapplicable ; Pass         ; Inapplicable ; Inapplicable ; Inapplicable ; Inapplicable ; Pass      ; Pass      ; Pass      ; Inapplicable ; Inapplicable ;
; a_in[27]           ; Inapplicable ; Inapplicable ; Inapplicable ; Inapplicable ; Inapplicable ; Pass      ; Inapplicable ; Inapplicable ; Inapplicable ; Inapplicable ; Inapplicable ; Inapplicable ; Inapplicable ; Inapplicable ; Inapplicable ; Inapplicable ; Inapplicable ; Pass         ; Inapplicable ; Inapplicable ; Pass         ; Inapplicable ; Inapplicable ; Inapplicable ; Inapplicable ; Pass      ; Pass      ; Pass      ; Inapplicable ; Inapplicable ;
; a_in[28]           ; Inapplicable ; Inapplicable ; Inapplicable ; Inapplicable ; Inapplicable ; Pass      ; Inapplicable ; Inapplicable ; Inapplicable ; Inapplicable ; Inapplicable ; Inapplicable ; Inapplicable ; Inapplicable ; Inapplicable ; Inapplicable ; Inapplicable ; Pass         ; Inapplicable ; Inapplicable ; Pass         ; Inapplicable ; Inapplicable ; Inapplicable ; Inapplicable ; Pass      ; Pass      ; Pass      ; Inapplicable ; Inapplicable ;
; a_in[29]           ; Inapplicable ; Inapplicable ; Inapplicable ; Inapplicable ; Inapplicable ; Pass      ; Inapplicable ; Inapplicable ; Inapplicable ; Inapplicable ; Inapplicable ; Inapplicable ; Inapplicable ; Inapplicable ; Inapplicable ; Inapplicable ; Inapplicable ; Pass         ; Inapplicable ; Inapplicable ; Pass         ; Inapplicable ; Inapplicable ; Inapplicable ; Inapplicable ; Pass      ; Pass      ; Pass      ; Inapplicable ; Inapplicable ;
; a_in[30]           ; Inapplicable ; Inapplicable ; Inapplicable ; Inapplicable ; Inapplicable ; Pass      ; Inapplicable ; Inapplicable ; Inapplicable ; Inapplicable ; Inapplicable ; Inapplicable ; Inapplicable ; Inapplicable ; Inapplicable ; Inapplicable ; Inapplicable ; Pass         ; Inapplicable ; Inapplicable ; Pass         ; Inapplicable ; Inapplicable ; Inapplicable ; Inapplicable ; Pass      ; Pass      ; Pass      ; Inapplicable ; Inapplicable ;
; a_in[31]           ; Inapplicable ; Inapplicable ; Inapplicable ; Inapplicable ; Inapplicable ; Pass      ; Inapplicable ; Inapplicable ; Inapplicable ; Inapplicable ; Inapplicable ; Inapplicable ; Inapplicable ; Inapplicable ; Inapplicable ; Inapplicable ; Inapplicable ; Pass         ; Inapplicable ; Inapplicable ; Pass         ; Inapplicable ; Inapplicable ; Inapplicable ; Inapplicable ; Pass      ; Pass      ; Pass      ; Inapplicable ; Inapplicable ;
+--------------------+--------------+--------------+--------------+--------------+--------------+-----------+--------------+--------------+--------------+--------------+--------------+--------------+--------------+--------------+--------------+--------------+--------------+--------------+--------------+--------------+--------------+--------------+--------------+--------------+--------------+-----------+-----------+-----------+--------------+--------------+


+---------------------------------------------------------------------------------------------+
; Fitter Device Options                                                                       ;
+------------------------------------------------------------------+--------------------------+
; Option                                                           ; Setting                  ;
+------------------------------------------------------------------+--------------------------+
; Enable user-supplied start-up clock (CLKUSR)                     ; Off                      ;
; Enable device-wide reset (DEV_CLRn)                              ; Off                      ;
; Enable device-wide output enable (DEV_OE)                        ; Off                      ;
; Enable INIT_DONE output                                          ; Off                      ;
; Configuration scheme                                             ; Active Serial            ;
; Error detection CRC                                              ; Off                      ;
; Enable open drain on CRC_ERROR pin                               ; Off                      ;
; Enable input tri-state on active configuration pins in user mode ; Off                      ;
; Configuration Voltage Level                                      ; Auto                     ;
; Force Configuration Voltage Level                                ; Off                      ;
; nCEO                                                             ; As output driving ground ;
; Data[0]                                                          ; As input tri-stated      ;
; Data[1]/ASDO                                                     ; As input tri-stated      ;
; Data[7..2]                                                       ; Unreserved               ;
; FLASH_nCE/nCSO                                                   ; As input tri-stated      ;
; Other Active Parallel pins                                       ; Unreserved               ;
; DCLK                                                             ; As output driving ground ;
+------------------------------------------------------------------+--------------------------+


+------------------------------------+
; Operating Settings and Conditions  ;
+---------------------------+--------+
; Setting                   ; Value  ;
+---------------------------+--------+
; Nominal Core Voltage      ; 1.20 V ;
; Low Junction Temperature  ; 0 °C   ;
; High Junction Temperature ; 85 °C  ;
+---------------------------+--------+


+------------------------------------------------------------+
; Estimated Delay Added for Hold Timing Summary              ;
+-----------------+----------------------+-------------------+
; Source Clock(s) ; Destination Clock(s) ; Delay Added in ns ;
+-----------------+----------------------+-------------------+
Note: For more information on problematic transfers, consider running the Fitter again with the Optimize hold timing option (Settings Menu) turned off.
This will disable optimization of problematic paths and expose them for further analysis using the Timing Analyzer.


+------------------------------------------------------------------------------------------------------------------------------------------------------------------------------------------------------------------------------------------------------------------------------------------------------------------------------------------------------------------------------------------+
; Estimated Delay Added for Hold Timing Details                                                                                                                                                                                                                                                                                                                                            ;
+---------------------------------------------------------------------------------------------------------------------------------------------------------------------+------------------------------------------------------------------------------------------------------------------------------------------------------------------------------------------------+-------------------+
; Source Register                                                                                                                                                     ; Destination Register                                                                                                                                                                           ; Delay Added in ns ;
+---------------------------------------------------------------------------------------------------------------------------------------------------------------------+------------------------------------------------------------------------------------------------------------------------------------------------------------------------------------------------+-------------------+
; processingElement:gen_left[0].u_pe_left|regChain:r1|regX:gen_reg[1].u_reg|altshift_taps:q_out_rtl_0|shift_taps_dkm:auto_generated|cntr_4pf:cntr1|counter_reg_bit[0] ; processingElement:gen_left[0].u_pe_left|regChain:r1|regX:gen_reg[1].u_reg|altshift_taps:q_out_rtl_0|shift_taps_dkm:auto_generated|altsyncram_o1b1:altsyncram2|ram_block5a14~portb_address_reg0 ; 0.186             ;
+---------------------------------------------------------------------------------------------------------------------------------------------------------------------+------------------------------------------------------------------------------------------------------------------------------------------------------------------------------------------------+-------------------+
Note: This table only shows the top 1 path(s) that have the largest delay added for hold.


+-----------------+
; Fitter Messages ;
+-----------------+
Warning (18236): Number of processors has not been specified which may cause overloading on shared machines.  Set the global assignment NUM_PARALLEL_PROCESSORS in your QSF to an appropriate value for best performance.
Info (20032): Parallel compilation is enabled and will use up to 6 processors
Info (119004): Automatically selected device EP4CE15F23C6 for design processingElement
Info (119005): Fitting design with smaller device may be possible, but smaller device must be specified
Info (21076): High junction temperature operating condition is not set. Assuming a default value of '85'.
Info (21076): Low junction temperature operating condition is not set. Assuming a default value of '0'.
Info (171003): Fitter is performing an Auto Fit compilation, which may decrease Fitter effort to reduce compilation time
Warning (292013): Feature LogicLock is only available with a valid subscription license. You can purchase a software subscription to gain full access to this feature.
Info (176444): Device migration not selected. If you intend to use device migration later, you may need to change the pin assignments as they may be incompatible with other devices
    Info (176445): Device EP4CE40F23C6 is compatible
    Info (176445): Device EP4CE30F23C6 is compatible
    Info (176445): Device EP4CE55F23C6 is compatible
    Info (176445): Device EP4CE75F23C6 is compatible
Info (169124): Fitter converted 5 user pins into dedicated programming pins
    Info (169125): Pin ~ALTERA_ASDO_DATA1~ is reserved at location D1
    Info (169125): Pin ~ALTERA_FLASH_nCE_nCSO~ is reserved at location E2
    Info (169125): Pin ~ALTERA_DCLK~ is reserved at location K2
    Info (169125): Pin ~ALTERA_DATA0~ is reserved at location K1
    Info (169125): Pin ~ALTERA_nCEO~ is reserved at location K22
Warning (15714): Some pins have incomplete I/O assignments. Refer to the I/O Assignment Warnings report for details
Info (176045): Design uses memory blocks. Violating setup or hold times of memory block address registers for either read or write operations could cause memory contents to be corrupted. Make sure that all memory block address registers meet the setup and hold time requirements.
Critical Warning (169085): No exact pin location assignment(s) for 234 pins of 234 total pins. For the list of pins please refer to the I/O Assignment Warnings table in the fitter report.
Critical Warning (332012): Synopsys Design Constraints File file not found: 'processingElement.sdc'. A Synopsys Design Constraints File is required by the Timing Analyzer to get proper timing constraints. Without it, the Compiler will not properly optimize the design.
Info (332144): No user constrained base clocks found in the design
Info (332143): No user constrained clock uncertainty found in the design. Calling "derive_clock_uncertainty"
Info (332154): The derive_clock_uncertainty command did not apply clock uncertainty to any clock-to-clock transfers.
Info (332130): Timing requirements not specified -- quality metrics such as performance may be sacrificed to reduce compilation time.
Info (176353): Automatically promoted node clk~input (placed in PIN G1 (CLK1, DIFFCLK_0n)) File: /home/mikentain/Projects/FPGA/GeMM/gemmArray.sv Line: 6
    Info (176355): Automatically promoted destinations to use location or clock signal Global Clock CLKCTRL_G2
Info (176353): Automatically promoted node reset~input (placed in PIN T2 (CLK2, DIFFCLK_1p)) File: /home/mikentain/Projects/FPGA/GeMM/gemmArray.sv Line: 7
    Info (176355): Automatically promoted destinations to use location or clock signal Global Clock CLKCTRL_G4
Info (176353): Automatically promoted node processingElement:gen_right[3].u_pe_right|regChain:r2|regX:gen_reg[0].u_reg|altshift_taps:q_out_rtl_0|shift_taps_2mm:auto_generated|dffe6  File: /home/mikentain/Projects/FPGA/GeMM/db/shift_taps_2mm.tdf Line: 42
    Info (176355): Automatically promoted destinations to use location or clock signal Global Clock
Info (176233): Starting register packing
Info (176235): Finished register packing
    Extra Info (176218): Packed 256 registers into blocks of type Embedded multiplier block
    Extra Info (176220): Created 128 register duplicates
Info (176214): Statistics of I/O pins that need to be placed that use the same VCCIO and VREF, before I/O pin placement
    Info (176211): Number of I/O pins in group: 232 (unused VREF, 2.5V VCCIO, 164 input, 68 output, 0 bidirectional)
        Info (176212): I/O standards used: 2.5 V.
Info (176215): I/O bank details before I/O pin placement
    Info (176214): Statistics of I/O banks
        Info (176213): I/O bank number 1 does not use VREF pins and has undetermined VCCIO pins. 5 total pin(s) used --  27 pins available
        Info (176213): I/O bank number 2 does not use VREF pins and has undetermined VCCIO pins. 1 total pin(s) used --  46 pins available
        Info (176213): I/O bank number 3 does not use VREF pins and has undetermined VCCIO pins. 0 total pin(s) used --  46 pins available
        Info (176213): I/O bank number 4 does not use VREF pins and has undetermined VCCIO pins. 0 total pin(s) used --  41 pins available
        Info (176213): I/O bank number 5 does not use VREF pins and has undetermined VCCIO pins. 0 total pin(s) used --  45 pins available
        Info (176213): I/O bank number 6 does not use VREF pins and has undetermined VCCIO pins. 1 total pin(s) used --  42 pins available
        Info (176213): I/O bank number 7 does not use VREF pins and has undetermined VCCIO pins. 0 total pin(s) used --  47 pins available
        Info (176213): I/O bank number 8 does not use VREF pins and has undetermined VCCIO pins. 0 total pin(s) used --  43 pins available
Info (171121): Fitter preparation operations ending: elapsed time is 00:00:01
Info (14896): Fitter has disabled Advanced Physical Optimization because it is not supported for the current family.
Info (170189): Fitter placement preparation operations beginning
Info (170190): Fitter placement preparation operations ending: elapsed time is 00:00:00
Info (170191): Fitter placement operations beginning
Info (170137): Fitter placement was successful
Info (170192): Fitter placement operations ending: elapsed time is 00:00:06
Info (170193): Fitter routing operations beginning
Info (170195): Router estimated average interconnect usage is 5% of the available device resources
    Info (170196): Router estimated peak interconnect usage is 16% of the available device resources in the region that extends from location X10_Y0 to location X20_Y9
Info (170199): The Fitter performed an Auto Fit compilation.  Optimizations were skipped to reduce compilation time.
    Info (170201): Optimizations that may affect the design's routability were skipped
Info (170194): Fitter routing operations ending: elapsed time is 00:00:02
Info (11888): Total time spent on timing analysis during the Fitter is 0.63 seconds.
Info (334003): Started post-fitting delay annotation
Info (334004): Delay annotation completed successfully
Info (334003): Started post-fitting delay annotation
Info (334004): Delay annotation completed successfully
Info (11218): Fitter post-fit operations ending: elapsed time is 00:00:01
Info (144001): Generated suppressed messages file /home/mikentain/Projects/FPGA/GeMM/processingElement.fit.smsg
Info: Quartus Prime Fitter was successful. 0 errors, 5 warnings
    Info: Peak virtual memory: 1126 megabytes
    Info: Processing ended: Mon Jun  1 18:34:03 2026
    Info: Elapsed time: 00:00:14
    Info: Total CPU time (on all processors): 00:00:23


+----------------------------+
; Fitter Suppressed Messages ;
+----------------------------+
The suppressed messages can be found in /home/mikentain/Projects/FPGA/GeMM/processingElement.fit.smsg.


