Timing Analyzer report for processingElement
Mon Jun  1 12:02:11 2026
Quartus Prime Version 20.1.1 Build 720 11/11/2020 SJ Lite Edition


---------------------
; Table of Contents ;
---------------------
  1. Legal Notice
  2. Timing Analyzer Summary
  3. Parallel Compilation
  4. Clocks
  5. Slow 1200mV 85C Model Fmax Summary
  6. Timing Closure Recommendations
  7. Slow 1200mV 85C Model Setup Summary
  8. Slow 1200mV 85C Model Hold Summary
  9. Slow 1200mV 85C Model Recovery Summary
 10. Slow 1200mV 85C Model Removal Summary
 11. Slow 1200mV 85C Model Minimum Pulse Width Summary
 12. Slow 1200mV 85C Model Setup: 'clk'
 13. Slow 1200mV 85C Model Hold: 'clk'
 14. Slow 1200mV 85C Model Recovery: 'clk'
 15. Slow 1200mV 85C Model Removal: 'clk'
 16. Slow 1200mV 85C Model Metastability Summary
 17. Slow 1200mV 0C Model Fmax Summary
 18. Slow 1200mV 0C Model Setup Summary
 19. Slow 1200mV 0C Model Hold Summary
 20. Slow 1200mV 0C Model Recovery Summary
 21. Slow 1200mV 0C Model Removal Summary
 22. Slow 1200mV 0C Model Minimum Pulse Width Summary
 23. Slow 1200mV 0C Model Setup: 'clk'
 24. Slow 1200mV 0C Model Hold: 'clk'
 25. Slow 1200mV 0C Model Recovery: 'clk'
 26. Slow 1200mV 0C Model Removal: 'clk'
 27. Slow 1200mV 0C Model Metastability Summary
 28. Fast 1200mV 0C Model Setup Summary
 29. Fast 1200mV 0C Model Hold Summary
 30. Fast 1200mV 0C Model Recovery Summary
 31. Fast 1200mV 0C Model Removal Summary
 32. Fast 1200mV 0C Model Minimum Pulse Width Summary
 33. Fast 1200mV 0C Model Setup: 'clk'
 34. Fast 1200mV 0C Model Hold: 'clk'
 35. Fast 1200mV 0C Model Recovery: 'clk'
 36. Fast 1200mV 0C Model Removal: 'clk'
 37. Fast 1200mV 0C Model Metastability Summary
 38. Multicorner Timing Analysis Summary
 39. Board Trace Model Assignments
 40. Input Transition Times
 41. Signal Integrity Metrics (Slow 1200mv 0c Model)
 42. Signal Integrity Metrics (Slow 1200mv 85c Model)
 43. Signal Integrity Metrics (Fast 1200mv 0c Model)
 44. Setup Transfers
 45. Hold Transfers
 46. Recovery Transfers
 47. Removal Transfers
 48. Report TCCS
 49. Report RSKM
 50. Unconstrained Paths Summary
 51. Clock Status Summary
 52. Unconstrained Input Ports
 53. Unconstrained Output Ports
 54. Unconstrained Input Ports
 55. Unconstrained Output Ports
 56. Timing Analyzer Messages



----------------
; Legal Notice ;
----------------
Copyright (C) 2020  Intel Corporation. All rights reserved.
Your use of Intel Corporation's design tools, logic functions 
and other software and tools, and any partner logic 
functions, and any output files from any of the foregoing 
(including device programming or simulation files), and any 
associated documentation or information are expressly subject 
to the terms and conditions of the Intel Program License 
Subscription Agreement, the Intel Quartus Prime License Agreement,
the Intel FPGA IP License Agreement, or other applicable license
agreement, including, without limitation, that your use is for
the sole purpose of programming logic devices manufactured by
Intel and sold by Intel or its authorized distributors.  Please
refer to the applicable agreement for further details, at
https://fpgasoftware.intel.com/eula.



+-----------------------------------------------------------------------------+
; Timing Analyzer Summary                                                     ;
+-----------------------+-----------------------------------------------------+
; Quartus Prime Version ; Version 20.1.1 Build 720 11/11/2020 SJ Lite Edition ;
; Timing Analyzer       ; Legacy Timing Analyzer                              ;
; Revision Name         ; processingElement                                   ;
; Device Family         ; Cyclone IV E                                        ;
; Device Name           ; EP4CE6F17C6                                         ;
; Timing Models         ; Final                                               ;
; Delay Model           ; Combined                                            ;
; Rise/Fall Delays      ; Enabled                                             ;
+-----------------------+-----------------------------------------------------+


+------------------------------------------+
; Parallel Compilation                     ;
+----------------------------+-------------+
; Processors                 ; Number      ;
+----------------------------+-------------+
; Number detected on machine ; 12          ;
; Maximum allowed            ; 6           ;
;                            ;             ;
; Average used               ; 1.03        ;
; Maximum used               ; 6           ;
;                            ;             ;
; Usage by Processor         ; % Time Used ;
;     Processor 1            ; 100.0%      ;
;     Processor 2            ;   0.9%      ;
;     Processor 3            ;   0.6%      ;
;     Processor 4            ;   0.5%      ;
;     Processors 5-6         ;   0.5%      ;
+----------------------------+-------------+


+---------------------------------------------------------------------------------------------------------------------------------------------------------------------------------+
; Clocks                                                                                                                                                                          ;
+------------+------+--------+------------+-------+-------+------------+-----------+-------------+-------+--------+-----------+------------+----------+--------+--------+---------+
; Clock Name ; Type ; Period ; Frequency  ; Rise  ; Fall  ; Duty Cycle ; Divide by ; Multiply by ; Phase ; Offset ; Edge List ; Edge Shift ; Inverted ; Master ; Source ; Targets ;
+------------+------+--------+------------+-------+-------+------------+-----------+-------------+-------+--------+-----------+------------+----------+--------+--------+---------+
; clk        ; Base ; 1.000  ; 1000.0 MHz ; 0.000 ; 0.500 ;            ;           ;             ;       ;        ;           ;            ;          ;        ;        ; { clk } ;
+------------+------+--------+------------+-------+-------+------------+-----------+-------------+-------+--------+-----------+------------+----------+--------+--------+---------+


+-----------------------------------------------------------------------------------------------------------+
; Slow 1200mV 85C Model Fmax Summary                                                                        ;
+------------+-----------------+------------+---------------------------------------------------------------+
; Fmax       ; Restricted Fmax ; Clock Name ; Note                                                          ;
+------------+-----------------+------------+---------------------------------------------------------------+
; 358.68 MHz ; 250.0 MHz       ; clk        ; limit due to minimum period restriction (max I/O toggle rate) ;
+------------+-----------------+------------+---------------------------------------------------------------+
This panel reports FMAX for every clock in the design, regardless of the user-specified clock periods.  FMAX is only computed for paths where the source and destination registers or ports are driven by the same clock.  Paths of different clocks, including generated clocks, are ignored.  For paths between a clock and its inversion, FMAX is computed as if the rising and falling edges are scaled along with FMAX, such that the duty cycle (in terms of a percentage) is maintained. Altera recommends that you always use clock constraints and other slack reports for sign-off analysis.


----------------------------------
; Timing Closure Recommendations ;
----------------------------------
HTML report is unavailable in plain text report export.


+-------------------------------------+
; Slow 1200mV 85C Model Setup Summary ;
+-------+--------+--------------------+
; Clock ; Slack  ; End Point TNS      ;
+-------+--------+--------------------+
; clk   ; -1.788 ; -18.762            ;
+-------+--------+--------------------+


+------------------------------------+
; Slow 1200mV 85C Model Hold Summary ;
+-------+-------+--------------------+
; Clock ; Slack ; End Point TNS      ;
+-------+-------+--------------------+
; clk   ; 0.292 ; 0.000              ;
+-------+-------+--------------------+


+----------------------------------------+
; Slow 1200mV 85C Model Recovery Summary ;
+-------+--------+-----------------------+
; Clock ; Slack  ; End Point TNS         ;
+-------+--------+-----------------------+
; clk   ; -0.727 ; -5.816                ;
+-------+--------+-----------------------+


+---------------------------------------+
; Slow 1200mV 85C Model Removal Summary ;
+-------+-------+-----------------------+
; Clock ; Slack ; End Point TNS         ;
+-------+-------+-----------------------+
; clk   ; 1.252 ; 0.000                 ;
+-------+-------+-----------------------+


+---------------------------------------------------+
; Slow 1200mV 85C Model Minimum Pulse Width Summary ;
+-------+--------+----------------------------------+
; Clock ; Slack  ; End Point TNS                    ;
+-------+--------+----------------------------------+
; clk   ; -3.000 ; -104.626                         ;
+-------+--------+----------------------------------+


+----------------------------------------------------------------------------------------------------------------------------------------------------------------------------------------------------------------------------------------------------------------------------------------------------------------------------------------------------------------------------------------------+
; Slow 1200mV 85C Model Setup: 'clk'                                                                                                                                                                                                                                                                                                                                                           ;
+--------+-------------------------------------------------------------------------------------------------------------------------------------------------------+-------------------------------------------------------------------------------------------------------------------------------------------------------+--------------+-------------+--------------+------------+------------+
; Slack  ; From Node                                                                                                                                             ; To Node                                                                                                                                               ; Launch Clock ; Latch Clock ; Relationship ; Clock Skew ; Data Delay ;
+--------+-------------------------------------------------------------------------------------------------------------------------------------------------------+-------------------------------------------------------------------------------------------------------------------------------------------------------+--------------+-------------+--------------+------------+------------+
; -1.788 ; regChain:r1|regX:gen_reg[1].u_reg|altshift_taps:q_out_rtl_0|shift_taps_0jm:auto_generated|altsyncram_uua1:altsyncram2|ram_block5a0~portb_address_reg0 ; regChain:r1|regX:gen_reg[1].u_reg|altshift_taps:q_out_rtl_0|shift_taps_0jm:auto_generated|altsyncram_uua1:altsyncram2|ram_block5a7                    ; clk          ; clk         ; 1.000        ; -0.067     ; 2.650      ;
; -1.788 ; regChain:r1|regX:gen_reg[1].u_reg|altshift_taps:q_out_rtl_0|shift_taps_0jm:auto_generated|altsyncram_uua1:altsyncram2|ram_block5a0~portb_address_reg0 ; regChain:r1|regX:gen_reg[1].u_reg|altshift_taps:q_out_rtl_0|shift_taps_0jm:auto_generated|altsyncram_uua1:altsyncram2|ram_block5a6                    ; clk          ; clk         ; 1.000        ; -0.067     ; 2.650      ;
; -1.788 ; regChain:r1|regX:gen_reg[1].u_reg|altshift_taps:q_out_rtl_0|shift_taps_0jm:auto_generated|altsyncram_uua1:altsyncram2|ram_block5a0~portb_address_reg0 ; regChain:r1|regX:gen_reg[1].u_reg|altshift_taps:q_out_rtl_0|shift_taps_0jm:auto_generated|altsyncram_uua1:altsyncram2|ram_block5a5                    ; clk          ; clk         ; 1.000        ; -0.067     ; 2.650      ;
; -1.788 ; regChain:r1|regX:gen_reg[1].u_reg|altshift_taps:q_out_rtl_0|shift_taps_0jm:auto_generated|altsyncram_uua1:altsyncram2|ram_block5a0~portb_address_reg0 ; regChain:r1|regX:gen_reg[1].u_reg|altshift_taps:q_out_rtl_0|shift_taps_0jm:auto_generated|altsyncram_uua1:altsyncram2|ram_block5a4                    ; clk          ; clk         ; 1.000        ; -0.067     ; 2.650      ;
; -1.788 ; regChain:r1|regX:gen_reg[1].u_reg|altshift_taps:q_out_rtl_0|shift_taps_0jm:auto_generated|altsyncram_uua1:altsyncram2|ram_block5a0~portb_address_reg0 ; regChain:r1|regX:gen_reg[1].u_reg|altshift_taps:q_out_rtl_0|shift_taps_0jm:auto_generated|altsyncram_uua1:altsyncram2|ram_block5a3                    ; clk          ; clk         ; 1.000        ; -0.067     ; 2.650      ;
; -1.788 ; regChain:r1|regX:gen_reg[1].u_reg|altshift_taps:q_out_rtl_0|shift_taps_0jm:auto_generated|altsyncram_uua1:altsyncram2|ram_block5a0~portb_address_reg0 ; regChain:r1|regX:gen_reg[1].u_reg|altshift_taps:q_out_rtl_0|shift_taps_0jm:auto_generated|altsyncram_uua1:altsyncram2|ram_block5a2                    ; clk          ; clk         ; 1.000        ; -0.067     ; 2.650      ;
; -1.788 ; regChain:r1|regX:gen_reg[1].u_reg|altshift_taps:q_out_rtl_0|shift_taps_0jm:auto_generated|altsyncram_uua1:altsyncram2|ram_block5a0~portb_address_reg0 ; regChain:r1|regX:gen_reg[1].u_reg|altshift_taps:q_out_rtl_0|shift_taps_0jm:auto_generated|altsyncram_uua1:altsyncram2|ram_block5a1                    ; clk          ; clk         ; 1.000        ; -0.067     ; 2.650      ;
; -1.788 ; regChain:r1|regX:gen_reg[1].u_reg|altshift_taps:q_out_rtl_0|shift_taps_0jm:auto_generated|altsyncram_uua1:altsyncram2|ram_block5a0~portb_address_reg0 ; regChain:r1|regX:gen_reg[1].u_reg|altshift_taps:q_out_rtl_0|shift_taps_0jm:auto_generated|altsyncram_uua1:altsyncram2|ram_block5a0                    ; clk          ; clk         ; 1.000        ; -0.067     ; 2.650      ;
; -1.302 ; regChain:r1|regX:gen_reg[1].u_reg|altshift_taps:q_out_rtl_0|shift_taps_0jm:auto_generated|cntr_r8h:cntr3|counter_reg_bit[1]                           ; regChain:r1|regX:gen_reg[1].u_reg|altshift_taps:q_out_rtl_0|shift_taps_0jm:auto_generated|cntr_r8h:cntr3|counter_reg_bit[0]                           ; clk          ; clk         ; 1.000        ; -0.064     ; 2.233      ;
; -1.302 ; regChain:r1|regX:gen_reg[1].u_reg|altshift_taps:q_out_rtl_0|shift_taps_0jm:auto_generated|cntr_r8h:cntr3|counter_reg_bit[1]                           ; regChain:r1|regX:gen_reg[1].u_reg|altshift_taps:q_out_rtl_0|shift_taps_0jm:auto_generated|cntr_r8h:cntr3|counter_reg_bit[1]                           ; clk          ; clk         ; 1.000        ; -0.064     ; 2.233      ;
; -1.242 ; regChain:r1|regX:gen_reg[1].u_reg|altshift_taps:q_out_rtl_0|shift_taps_0jm:auto_generated|cntr_r8h:cntr3|counter_reg_bit[0]                           ; regChain:r1|regX:gen_reg[1].u_reg|altshift_taps:q_out_rtl_0|shift_taps_0jm:auto_generated|cntr_r8h:cntr3|counter_reg_bit[0]                           ; clk          ; clk         ; 1.000        ; -0.064     ; 2.173      ;
; -1.242 ; regChain:r1|regX:gen_reg[1].u_reg|altshift_taps:q_out_rtl_0|shift_taps_0jm:auto_generated|cntr_r8h:cntr3|counter_reg_bit[0]                           ; regChain:r1|regX:gen_reg[1].u_reg|altshift_taps:q_out_rtl_0|shift_taps_0jm:auto_generated|cntr_r8h:cntr3|counter_reg_bit[1]                           ; clk          ; clk         ; 1.000        ; -0.064     ; 2.173      ;
; -0.886 ; regChain:r1|regX:gen_reg[1].u_reg|altshift_taps:q_out_rtl_0|shift_taps_0jm:auto_generated|cntr_r8h:cntr3|counter_reg_bit[1]                           ; regChain:r1|regX:gen_reg[1].u_reg|altshift_taps:q_out_rtl_0|shift_taps_0jm:auto_generated|dffe4                                                       ; clk          ; clk         ; 1.000        ; -0.064     ; 1.817      ;
; -0.829 ; regChain:r1|regX:gen_reg[1].u_reg|altshift_taps:q_out_rtl_0|shift_taps_0jm:auto_generated|cntr_r8h:cntr3|counter_reg_bit[0]                           ; regChain:r1|regX:gen_reg[1].u_reg|altshift_taps:q_out_rtl_0|shift_taps_0jm:auto_generated|dffe4                                                       ; clk          ; clk         ; 1.000        ; -0.064     ; 1.760      ;
; -0.124 ; regChain:r34|regX:gen_reg[0].u_reg|q_out[1]                                                                                                           ; regChain:r34|regX:gen_reg[1].u_reg|q_out[1]                                                                                                           ; clk          ; clk         ; 1.000        ; -0.431     ; 0.688      ;
; -0.123 ; regChain:r34|regX:gen_reg[0].u_reg|q_out[6]                                                                                                           ; regChain:r34|regX:gen_reg[1].u_reg|q_out[6]                                                                                                           ; clk          ; clk         ; 1.000        ; -0.431     ; 0.687      ;
; -0.123 ; regChain:r34|regX:gen_reg[0].u_reg|q_out[0]                                                                                                           ; regChain:r34|regX:gen_reg[1].u_reg|q_out[0]                                                                                                           ; clk          ; clk         ; 1.000        ; -0.431     ; 0.687      ;
; -0.121 ; regChain:r34|regX:gen_reg[0].u_reg|q_out[4]                                                                                                           ; regChain:r34|regX:gen_reg[1].u_reg|q_out[4]                                                                                                           ; clk          ; clk         ; 1.000        ; -0.430     ; 0.686      ;
; -0.120 ; regChain:r34|regX:gen_reg[0].u_reg|q_out[7]                                                                                                           ; regChain:r34|regX:gen_reg[1].u_reg|q_out[7]                                                                                                           ; clk          ; clk         ; 1.000        ; -0.427     ; 0.688      ;
; -0.120 ; regChain:r34|regX:gen_reg[0].u_reg|q_out[2]                                                                                                           ; regChain:r34|regX:gen_reg[1].u_reg|q_out[2]                                                                                                           ; clk          ; clk         ; 1.000        ; -0.427     ; 0.688      ;
; -0.119 ; regChain:r34|regX:gen_reg[0].u_reg|q_out[5]                                                                                                           ; regChain:r34|regX:gen_reg[1].u_reg|q_out[5]                                                                                                           ; clk          ; clk         ; 1.000        ; -0.427     ; 0.687      ;
; -0.118 ; regChain:r34|regX:gen_reg[0].u_reg|q_out[3]                                                                                                           ; regChain:r34|regX:gen_reg[1].u_reg|q_out[3]                                                                                                           ; clk          ; clk         ; 1.000        ; -0.426     ; 0.687      ;
; 0.082  ; regX:r2_1|q_out[4]                                                                                                                                    ; regChain:r2|regX:gen_reg[0].u_reg|q_out[4]                                                                                                            ; clk          ; clk         ; 1.000        ; -0.064     ; 0.849      ;
; 0.104  ; regChain:r2|regX:gen_reg[0].u_reg|q_out[2]                                                                                                            ; regChain:r2|regX:gen_reg[1].u_reg|q_out[2]                                                                                                            ; clk          ; clk         ; 1.000        ; -0.064     ; 0.827      ;
; 0.106  ; regChain:r2|regX:gen_reg[1].u_reg|q_out[3]                                                                                                            ; regChain:r2|regX:gen_reg[2].u_reg|q_out[3]                                                                                                            ; clk          ; clk         ; 1.000        ; -0.064     ; 0.825      ;
; 0.106  ; regChain:r2|regX:gen_reg[1].u_reg|q_out[4]                                                                                                            ; regChain:r2|regX:gen_reg[2].u_reg|q_out[4]                                                                                                            ; clk          ; clk         ; 1.000        ; -0.064     ; 0.825      ;
; 0.221  ; regX:r2_1|q_out[6]                                                                                                                                    ; regChain:r2|regX:gen_reg[0].u_reg|q_out[6]                                                                                                            ; clk          ; clk         ; 1.000        ; -0.064     ; 0.710      ;
; 0.222  ; regX:r2_1|q_out[0]                                                                                                                                    ; regChain:r2|regX:gen_reg[0].u_reg|q_out[0]                                                                                                            ; clk          ; clk         ; 1.000        ; -0.064     ; 0.709      ;
; 0.222  ; regX:r2_1|q_out[3]                                                                                                                                    ; regChain:r2|regX:gen_reg[0].u_reg|q_out[3]                                                                                                            ; clk          ; clk         ; 1.000        ; -0.064     ; 0.709      ;
; 0.222  ; regX:r2_1|q_out[5]                                                                                                                                    ; regChain:r2|regX:gen_reg[0].u_reg|q_out[5]                                                                                                            ; clk          ; clk         ; 1.000        ; -0.064     ; 0.709      ;
; 0.222  ; regX:r2_1|q_out[7]                                                                                                                                    ; regChain:r2|regX:gen_reg[0].u_reg|q_out[7]                                                                                                            ; clk          ; clk         ; 1.000        ; -0.064     ; 0.709      ;
; 0.222  ; regChain:r1|regX:gen_reg[1].u_reg|altshift_taps:q_out_rtl_0|shift_taps_0jm:auto_generated|cntr_4pf:cntr1|counter_reg_bit[0]                           ; regChain:r1|regX:gen_reg[1].u_reg|altshift_taps:q_out_rtl_0|shift_taps_0jm:auto_generated|cntr_4pf:cntr1|counter_reg_bit[0]                           ; clk          ; clk         ; 1.000        ; -0.064     ; 0.709      ;
; 0.223  ; regX:r2_1|q_out[1]                                                                                                                                    ; regChain:r2|regX:gen_reg[0].u_reg|q_out[1]                                                                                                            ; clk          ; clk         ; 1.000        ; -0.064     ; 0.708      ;
; 0.224  ; regX:r2_1|q_out[2]                                                                                                                                    ; regChain:r2|regX:gen_reg[0].u_reg|q_out[2]                                                                                                            ; clk          ; clk         ; 1.000        ; -0.064     ; 0.707      ;
; 0.240  ; regChain:r2|regX:gen_reg[0].u_reg|q_out[4]                                                                                                            ; regChain:r2|regX:gen_reg[1].u_reg|q_out[4]                                                                                                            ; clk          ; clk         ; 1.000        ; -0.064     ; 0.691      ;
; 0.241  ; regChain:r2|regX:gen_reg[0].u_reg|q_out[0]                                                                                                            ; regChain:r2|regX:gen_reg[1].u_reg|q_out[0]                                                                                                            ; clk          ; clk         ; 1.000        ; -0.064     ; 0.690      ;
; 0.241  ; regChain:r2|regX:gen_reg[2].u_reg|q_out[3]                                                                                                            ; regX:r2_1|q_out[3]                                                                                                                                    ; clk          ; clk         ; 1.000        ; -0.064     ; 0.690      ;
; 0.242  ; regChain:r2|regX:gen_reg[0].u_reg|q_out[1]                                                                                                            ; regChain:r2|regX:gen_reg[1].u_reg|q_out[1]                                                                                                            ; clk          ; clk         ; 1.000        ; -0.064     ; 0.689      ;
; 0.242  ; regChain:r2|regX:gen_reg[0].u_reg|q_out[3]                                                                                                            ; regChain:r2|regX:gen_reg[1].u_reg|q_out[3]                                                                                                            ; clk          ; clk         ; 1.000        ; -0.064     ; 0.689      ;
; 0.242  ; regChain:r2|regX:gen_reg[2].u_reg|q_out[5]                                                                                                            ; regX:r2_1|q_out[5]                                                                                                                                    ; clk          ; clk         ; 1.000        ; -0.064     ; 0.689      ;
; 0.242  ; regChain:r2|regX:gen_reg[1].u_reg|q_out[7]                                                                                                            ; regChain:r2|regX:gen_reg[2].u_reg|q_out[7]                                                                                                            ; clk          ; clk         ; 1.000        ; -0.064     ; 0.689      ;
; 0.243  ; regChain:r2|regX:gen_reg[2].u_reg|q_out[1]                                                                                                            ; regX:r2_1|q_out[1]                                                                                                                                    ; clk          ; clk         ; 1.000        ; -0.064     ; 0.688      ;
; 0.243  ; regChain:r2|regX:gen_reg[1].u_reg|q_out[1]                                                                                                            ; regChain:r2|regX:gen_reg[2].u_reg|q_out[1]                                                                                                            ; clk          ; clk         ; 1.000        ; -0.064     ; 0.688      ;
; 0.243  ; regChain:r2|regX:gen_reg[2].u_reg|q_out[2]                                                                                                            ; regX:r2_1|q_out[2]                                                                                                                                    ; clk          ; clk         ; 1.000        ; -0.064     ; 0.688      ;
; 0.243  ; regChain:r2|regX:gen_reg[1].u_reg|q_out[2]                                                                                                            ; regChain:r2|regX:gen_reg[2].u_reg|q_out[2]                                                                                                            ; clk          ; clk         ; 1.000        ; -0.064     ; 0.688      ;
; 0.243  ; regChain:r2|regX:gen_reg[0].u_reg|q_out[5]                                                                                                            ; regChain:r2|regX:gen_reg[1].u_reg|q_out[5]                                                                                                            ; clk          ; clk         ; 1.000        ; -0.064     ; 0.688      ;
; 0.243  ; regChain:r2|regX:gen_reg[2].u_reg|q_out[6]                                                                                                            ; regX:r2_1|q_out[6]                                                                                                                                    ; clk          ; clk         ; 1.000        ; -0.064     ; 0.688      ;
; 0.243  ; regChain:r2|regX:gen_reg[1].u_reg|q_out[6]                                                                                                            ; regChain:r2|regX:gen_reg[2].u_reg|q_out[6]                                                                                                            ; clk          ; clk         ; 1.000        ; -0.064     ; 0.688      ;
; 0.243  ; regChain:r2|regX:gen_reg[0].u_reg|q_out[6]                                                                                                            ; regChain:r2|regX:gen_reg[1].u_reg|q_out[6]                                                                                                            ; clk          ; clk         ; 1.000        ; -0.064     ; 0.688      ;
; 0.244  ; regChain:r2|regX:gen_reg[2].u_reg|q_out[4]                                                                                                            ; regX:r2_1|q_out[4]                                                                                                                                    ; clk          ; clk         ; 1.000        ; -0.064     ; 0.687      ;
; 0.244  ; regChain:r2|regX:gen_reg[1].u_reg|q_out[5]                                                                                                            ; regChain:r2|regX:gen_reg[2].u_reg|q_out[5]                                                                                                            ; clk          ; clk         ; 1.000        ; -0.064     ; 0.687      ;
; 0.244  ; regChain:r2|regX:gen_reg[2].u_reg|q_out[7]                                                                                                            ; regX:r2_1|q_out[7]                                                                                                                                    ; clk          ; clk         ; 1.000        ; -0.064     ; 0.687      ;
; 0.245  ; regChain:r2|regX:gen_reg[2].u_reg|q_out[0]                                                                                                            ; regX:r2_1|q_out[0]                                                                                                                                    ; clk          ; clk         ; 1.000        ; -0.064     ; 0.686      ;
; 0.245  ; regChain:r2|regX:gen_reg[1].u_reg|q_out[0]                                                                                                            ; regChain:r2|regX:gen_reg[2].u_reg|q_out[0]                                                                                                            ; clk          ; clk         ; 1.000        ; -0.064     ; 0.686      ;
; 0.245  ; regChain:r2|regX:gen_reg[0].u_reg|q_out[7]                                                                                                            ; regChain:r2|regX:gen_reg[1].u_reg|q_out[7]                                                                                                            ; clk          ; clk         ; 1.000        ; -0.064     ; 0.686      ;
; 0.269  ; regChain:r1|regX:gen_reg[1].u_reg|altshift_taps:q_out_rtl_0|shift_taps_0jm:auto_generated|cntr_4pf:cntr1|counter_reg_bit[0]                           ; regChain:r1|regX:gen_reg[1].u_reg|altshift_taps:q_out_rtl_0|shift_taps_0jm:auto_generated|altsyncram_uua1:altsyncram2|ram_block5a0~porta_address_reg0 ; clk          ; clk         ; 1.000        ; 0.254      ; 1.013      ;
; 0.270  ; regChain:r1|regX:gen_reg[1].u_reg|altshift_taps:q_out_rtl_0|shift_taps_0jm:auto_generated|cntr_4pf:cntr1|counter_reg_bit[0]                           ; regChain:r1|regX:gen_reg[1].u_reg|altshift_taps:q_out_rtl_0|shift_taps_0jm:auto_generated|altsyncram_uua1:altsyncram2|ram_block5a0~portb_address_reg0 ; clk          ; clk         ; 1.000        ; 0.255      ; 1.013      ;
; 0.292  ; regChain:r1|regX:gen_reg[0].u_reg|q_out[4]                                                                                                            ; regChain:r1|regX:gen_reg[1].u_reg|altshift_taps:q_out_rtl_0|shift_taps_0jm:auto_generated|altsyncram_uua1:altsyncram2|ram_block5a0~porta_datain_reg0  ; clk          ; clk         ; 1.000        ; 0.256      ; 0.992      ;
; 0.309  ; regChain:r1|regX:gen_reg[0].u_reg|q_out[0]                                                                                                            ; regChain:r1|regX:gen_reg[1].u_reg|altshift_taps:q_out_rtl_0|shift_taps_0jm:auto_generated|altsyncram_uua1:altsyncram2|ram_block5a0~porta_datain_reg0  ; clk          ; clk         ; 1.000        ; 0.259      ; 0.978      ;
; 0.313  ; regChain:r1|regX:gen_reg[0].u_reg|q_out[2]                                                                                                            ; regChain:r1|regX:gen_reg[1].u_reg|altshift_taps:q_out_rtl_0|shift_taps_0jm:auto_generated|altsyncram_uua1:altsyncram2|ram_block5a0~porta_datain_reg0  ; clk          ; clk         ; 1.000        ; 0.259      ; 0.974      ;
; 0.322  ; regChain:r1|regX:gen_reg[0].u_reg|q_out[7]                                                                                                            ; regChain:r1|regX:gen_reg[1].u_reg|altshift_taps:q_out_rtl_0|shift_taps_0jm:auto_generated|altsyncram_uua1:altsyncram2|ram_block5a0~porta_datain_reg0  ; clk          ; clk         ; 1.000        ; 0.259      ; 0.965      ;
; 0.323  ; regChain:r1|regX:gen_reg[0].u_reg|q_out[6]                                                                                                            ; regChain:r1|regX:gen_reg[1].u_reg|altshift_taps:q_out_rtl_0|shift_taps_0jm:auto_generated|altsyncram_uua1:altsyncram2|ram_block5a0~porta_datain_reg0  ; clk          ; clk         ; 1.000        ; 0.256      ; 0.961      ;
; 0.336  ; regChain:r1|regX:gen_reg[0].u_reg|q_out[5]                                                                                                            ; regChain:r1|regX:gen_reg[1].u_reg|altshift_taps:q_out_rtl_0|shift_taps_0jm:auto_generated|altsyncram_uua1:altsyncram2|ram_block5a0~porta_datain_reg0  ; clk          ; clk         ; 1.000        ; 0.259      ; 0.951      ;
; 0.341  ; regChain:r1|regX:gen_reg[0].u_reg|q_out[3]                                                                                                            ; regChain:r1|regX:gen_reg[1].u_reg|altshift_taps:q_out_rtl_0|shift_taps_0jm:auto_generated|altsyncram_uua1:altsyncram2|ram_block5a0~porta_datain_reg0  ; clk          ; clk         ; 1.000        ; 0.259      ; 0.946      ;
; 0.355  ; regChain:r1|regX:gen_reg[0].u_reg|q_out[1]                                                                                                            ; regChain:r1|regX:gen_reg[1].u_reg|altshift_taps:q_out_rtl_0|shift_taps_0jm:auto_generated|altsyncram_uua1:altsyncram2|ram_block5a0~porta_datain_reg0  ; clk          ; clk         ; 1.000        ; 0.256      ; 0.929      ;
+--------+-------------------------------------------------------------------------------------------------------------------------------------------------------+-------------------------------------------------------------------------------------------------------------------------------------------------------+--------------+-------------+--------------+------------+------------+


+---------------------------------------------------------------------------------------------------------------------------------------------------------------------------------------------------------------------------------------------------------------------------------------------------------------------------------------------------------------------------------------------+
; Slow 1200mV 85C Model Hold: 'clk'                                                                                                                                                                                                                                                                                                                                                           ;
+-------+-------------------------------------------------------------------------------------------------------------------------------------------------------+-------------------------------------------------------------------------------------------------------------------------------------------------------+--------------+-------------+--------------+------------+------------+
; Slack ; From Node                                                                                                                                             ; To Node                                                                                                                                               ; Launch Clock ; Latch Clock ; Relationship ; Clock Skew ; Data Delay ;
+-------+-------------------------------------------------------------------------------------------------------------------------------------------------------+-------------------------------------------------------------------------------------------------------------------------------------------------------+--------------+-------------+--------------+------------+------------+
; 0.292 ; regChain:r1|regX:gen_reg[0].u_reg|q_out[3]                                                                                                            ; regChain:r1|regX:gen_reg[1].u_reg|altshift_taps:q_out_rtl_0|shift_taps_0jm:auto_generated|altsyncram_uua1:altsyncram2|ram_block5a0~porta_datain_reg0  ; clk          ; clk         ; 0.000        ; 0.385      ; 0.864      ;
; 0.296 ; regChain:r1|regX:gen_reg[0].u_reg|q_out[5]                                                                                                            ; regChain:r1|regX:gen_reg[1].u_reg|altshift_taps:q_out_rtl_0|shift_taps_0jm:auto_generated|altsyncram_uua1:altsyncram2|ram_block5a0~porta_datain_reg0  ; clk          ; clk         ; 0.000        ; 0.385      ; 0.868      ;
; 0.301 ; regChain:r1|regX:gen_reg[0].u_reg|q_out[1]                                                                                                            ; regChain:r1|regX:gen_reg[1].u_reg|altshift_taps:q_out_rtl_0|shift_taps_0jm:auto_generated|altsyncram_uua1:altsyncram2|ram_block5a0~porta_datain_reg0  ; clk          ; clk         ; 0.000        ; 0.382      ; 0.870      ;
; 0.316 ; regChain:r1|regX:gen_reg[0].u_reg|q_out[6]                                                                                                            ; regChain:r1|regX:gen_reg[1].u_reg|altshift_taps:q_out_rtl_0|shift_taps_0jm:auto_generated|altsyncram_uua1:altsyncram2|ram_block5a0~porta_datain_reg0  ; clk          ; clk         ; 0.000        ; 0.382      ; 0.885      ;
; 0.319 ; regChain:r1|regX:gen_reg[0].u_reg|q_out[2]                                                                                                            ; regChain:r1|regX:gen_reg[1].u_reg|altshift_taps:q_out_rtl_0|shift_taps_0jm:auto_generated|altsyncram_uua1:altsyncram2|ram_block5a0~porta_datain_reg0  ; clk          ; clk         ; 0.000        ; 0.385      ; 0.891      ;
; 0.321 ; regChain:r1|regX:gen_reg[0].u_reg|q_out[0]                                                                                                            ; regChain:r1|regX:gen_reg[1].u_reg|altshift_taps:q_out_rtl_0|shift_taps_0jm:auto_generated|altsyncram_uua1:altsyncram2|ram_block5a0~porta_datain_reg0  ; clk          ; clk         ; 0.000        ; 0.385      ; 0.893      ;
; 0.321 ; regChain:r1|regX:gen_reg[0].u_reg|q_out[7]                                                                                                            ; regChain:r1|regX:gen_reg[1].u_reg|altshift_taps:q_out_rtl_0|shift_taps_0jm:auto_generated|altsyncram_uua1:altsyncram2|ram_block5a0~porta_datain_reg0  ; clk          ; clk         ; 0.000        ; 0.385      ; 0.893      ;
; 0.334 ; regChain:r1|regX:gen_reg[0].u_reg|q_out[4]                                                                                                            ; regChain:r1|regX:gen_reg[1].u_reg|altshift_taps:q_out_rtl_0|shift_taps_0jm:auto_generated|altsyncram_uua1:altsyncram2|ram_block5a0~porta_datain_reg0  ; clk          ; clk         ; 0.000        ; 0.382      ; 0.903      ;
; 0.355 ; regChain:r1|regX:gen_reg[1].u_reg|altshift_taps:q_out_rtl_0|shift_taps_0jm:auto_generated|cntr_4pf:cntr1|counter_reg_bit[0]                           ; regChain:r1|regX:gen_reg[1].u_reg|altshift_taps:q_out_rtl_0|shift_taps_0jm:auto_generated|altsyncram_uua1:altsyncram2|ram_block5a0~porta_address_reg0 ; clk          ; clk         ; 0.000        ; 0.381      ; 0.923      ;
; 0.356 ; regChain:r1|regX:gen_reg[1].u_reg|altshift_taps:q_out_rtl_0|shift_taps_0jm:auto_generated|cntr_4pf:cntr1|counter_reg_bit[0]                           ; regChain:r1|regX:gen_reg[1].u_reg|altshift_taps:q_out_rtl_0|shift_taps_0jm:auto_generated|altsyncram_uua1:altsyncram2|ram_block5a0~portb_address_reg0 ; clk          ; clk         ; 0.000        ; 0.381      ; 0.924      ;
; 0.370 ; regChain:r2|regX:gen_reg[1].u_reg|q_out[0]                                                                                                            ; regChain:r2|regX:gen_reg[2].u_reg|q_out[0]                                                                                                            ; clk          ; clk         ; 0.000        ; 0.064      ; 0.591      ;
; 0.371 ; regChain:r2|regX:gen_reg[2].u_reg|q_out[0]                                                                                                            ; regX:r2_1|q_out[0]                                                                                                                                    ; clk          ; clk         ; 0.000        ; 0.064      ; 0.592      ;
; 0.371 ; regChain:r2|regX:gen_reg[2].u_reg|q_out[4]                                                                                                            ; regX:r2_1|q_out[4]                                                                                                                                    ; clk          ; clk         ; 0.000        ; 0.064      ; 0.592      ;
; 0.371 ; regChain:r2|regX:gen_reg[1].u_reg|q_out[5]                                                                                                            ; regChain:r2|regX:gen_reg[2].u_reg|q_out[5]                                                                                                            ; clk          ; clk         ; 0.000        ; 0.064      ; 0.592      ;
; 0.371 ; regChain:r2|regX:gen_reg[0].u_reg|q_out[7]                                                                                                            ; regChain:r2|regX:gen_reg[1].u_reg|q_out[7]                                                                                                            ; clk          ; clk         ; 0.000        ; 0.064      ; 0.592      ;
; 0.372 ; regChain:r2|regX:gen_reg[2].u_reg|q_out[1]                                                                                                            ; regX:r2_1|q_out[1]                                                                                                                                    ; clk          ; clk         ; 0.000        ; 0.064      ; 0.593      ;
; 0.372 ; regChain:r2|regX:gen_reg[1].u_reg|q_out[1]                                                                                                            ; regChain:r2|regX:gen_reg[2].u_reg|q_out[1]                                                                                                            ; clk          ; clk         ; 0.000        ; 0.064      ; 0.593      ;
; 0.372 ; regChain:r2|regX:gen_reg[2].u_reg|q_out[2]                                                                                                            ; regX:r2_1|q_out[2]                                                                                                                                    ; clk          ; clk         ; 0.000        ; 0.064      ; 0.593      ;
; 0.372 ; regChain:r2|regX:gen_reg[1].u_reg|q_out[2]                                                                                                            ; regChain:r2|regX:gen_reg[2].u_reg|q_out[2]                                                                                                            ; clk          ; clk         ; 0.000        ; 0.064      ; 0.593      ;
; 0.372 ; regChain:r2|regX:gen_reg[0].u_reg|q_out[3]                                                                                                            ; regChain:r2|regX:gen_reg[1].u_reg|q_out[3]                                                                                                            ; clk          ; clk         ; 0.000        ; 0.064      ; 0.593      ;
; 0.372 ; regChain:r2|regX:gen_reg[0].u_reg|q_out[5]                                                                                                            ; regChain:r2|regX:gen_reg[1].u_reg|q_out[5]                                                                                                            ; clk          ; clk         ; 0.000        ; 0.064      ; 0.593      ;
; 0.372 ; regChain:r2|regX:gen_reg[2].u_reg|q_out[6]                                                                                                            ; regX:r2_1|q_out[6]                                                                                                                                    ; clk          ; clk         ; 0.000        ; 0.064      ; 0.593      ;
; 0.372 ; regChain:r2|regX:gen_reg[1].u_reg|q_out[6]                                                                                                            ; regChain:r2|regX:gen_reg[2].u_reg|q_out[6]                                                                                                            ; clk          ; clk         ; 0.000        ; 0.064      ; 0.593      ;
; 0.372 ; regChain:r2|regX:gen_reg[0].u_reg|q_out[6]                                                                                                            ; regChain:r2|regX:gen_reg[1].u_reg|q_out[6]                                                                                                            ; clk          ; clk         ; 0.000        ; 0.064      ; 0.593      ;
; 0.372 ; regChain:r2|regX:gen_reg[2].u_reg|q_out[7]                                                                                                            ; regX:r2_1|q_out[7]                                                                                                                                    ; clk          ; clk         ; 0.000        ; 0.064      ; 0.593      ;
; 0.373 ; regChain:r2|regX:gen_reg[0].u_reg|q_out[0]                                                                                                            ; regChain:r2|regX:gen_reg[1].u_reg|q_out[0]                                                                                                            ; clk          ; clk         ; 0.000        ; 0.064      ; 0.594      ;
; 0.373 ; regChain:r2|regX:gen_reg[0].u_reg|q_out[1]                                                                                                            ; regChain:r2|regX:gen_reg[1].u_reg|q_out[1]                                                                                                            ; clk          ; clk         ; 0.000        ; 0.064      ; 0.594      ;
; 0.373 ; regChain:r2|regX:gen_reg[2].u_reg|q_out[3]                                                                                                            ; regX:r2_1|q_out[3]                                                                                                                                    ; clk          ; clk         ; 0.000        ; 0.064      ; 0.594      ;
; 0.373 ; regChain:r2|regX:gen_reg[2].u_reg|q_out[5]                                                                                                            ; regX:r2_1|q_out[5]                                                                                                                                    ; clk          ; clk         ; 0.000        ; 0.064      ; 0.594      ;
; 0.373 ; regChain:r2|regX:gen_reg[1].u_reg|q_out[7]                                                                                                            ; regChain:r2|regX:gen_reg[2].u_reg|q_out[7]                                                                                                            ; clk          ; clk         ; 0.000        ; 0.064      ; 0.594      ;
; 0.374 ; regChain:r2|regX:gen_reg[0].u_reg|q_out[4]                                                                                                            ; regChain:r2|regX:gen_reg[1].u_reg|q_out[4]                                                                                                            ; clk          ; clk         ; 0.000        ; 0.064      ; 0.595      ;
; 0.388 ; regChain:r1|regX:gen_reg[1].u_reg|altshift_taps:q_out_rtl_0|shift_taps_0jm:auto_generated|cntr_4pf:cntr1|counter_reg_bit[0]                           ; regChain:r1|regX:gen_reg[1].u_reg|altshift_taps:q_out_rtl_0|shift_taps_0jm:auto_generated|cntr_4pf:cntr1|counter_reg_bit[0]                           ; clk          ; clk         ; 0.000        ; 0.064      ; 0.609      ;
; 0.391 ; regX:r2_1|q_out[2]                                                                                                                                    ; regChain:r2|regX:gen_reg[0].u_reg|q_out[2]                                                                                                            ; clk          ; clk         ; 0.000        ; 0.064      ; 0.612      ;
; 0.392 ; regX:r2_1|q_out[0]                                                                                                                                    ; regChain:r2|regX:gen_reg[0].u_reg|q_out[0]                                                                                                            ; clk          ; clk         ; 0.000        ; 0.064      ; 0.613      ;
; 0.392 ; regX:r2_1|q_out[1]                                                                                                                                    ; regChain:r2|regX:gen_reg[0].u_reg|q_out[1]                                                                                                            ; clk          ; clk         ; 0.000        ; 0.064      ; 0.613      ;
; 0.392 ; regX:r2_1|q_out[3]                                                                                                                                    ; regChain:r2|regX:gen_reg[0].u_reg|q_out[3]                                                                                                            ; clk          ; clk         ; 0.000        ; 0.064      ; 0.613      ;
; 0.392 ; regX:r2_1|q_out[5]                                                                                                                                    ; regChain:r2|regX:gen_reg[0].u_reg|q_out[5]                                                                                                            ; clk          ; clk         ; 0.000        ; 0.064      ; 0.613      ;
; 0.392 ; regX:r2_1|q_out[7]                                                                                                                                    ; regChain:r2|regX:gen_reg[0].u_reg|q_out[7]                                                                                                            ; clk          ; clk         ; 0.000        ; 0.064      ; 0.613      ;
; 0.393 ; regX:r2_1|q_out[6]                                                                                                                                    ; regChain:r2|regX:gen_reg[0].u_reg|q_out[6]                                                                                                            ; clk          ; clk         ; 0.000        ; 0.064      ; 0.614      ;
; 0.475 ; regChain:r2|regX:gen_reg[1].u_reg|q_out[3]                                                                                                            ; regChain:r2|regX:gen_reg[2].u_reg|q_out[3]                                                                                                            ; clk          ; clk         ; 0.000        ; 0.064      ; 0.696      ;
; 0.475 ; regChain:r2|regX:gen_reg[1].u_reg|q_out[4]                                                                                                            ; regChain:r2|regX:gen_reg[2].u_reg|q_out[4]                                                                                                            ; clk          ; clk         ; 0.000        ; 0.064      ; 0.696      ;
; 0.477 ; regChain:r2|regX:gen_reg[0].u_reg|q_out[2]                                                                                                            ; regChain:r2|regX:gen_reg[1].u_reg|q_out[2]                                                                                                            ; clk          ; clk         ; 0.000        ; 0.064      ; 0.698      ;
; 0.498 ; regX:r2_1|q_out[4]                                                                                                                                    ; regChain:r2|regX:gen_reg[0].u_reg|q_out[4]                                                                                                            ; clk          ; clk         ; 0.000        ; 0.064      ; 0.719      ;
; 0.548 ; regChain:r1|regX:gen_reg[1].u_reg|altshift_taps:q_out_rtl_0|shift_taps_0jm:auto_generated|cntr_r8h:cntr3|counter_reg_bit[1]                           ; regChain:r1|regX:gen_reg[1].u_reg|altshift_taps:q_out_rtl_0|shift_taps_0jm:auto_generated|cntr_r8h:cntr3|counter_reg_bit[1]                           ; clk          ; clk         ; 0.000        ; 0.064      ; 0.769      ;
; 0.572 ; regChain:r1|regX:gen_reg[1].u_reg|altshift_taps:q_out_rtl_0|shift_taps_0jm:auto_generated|cntr_r8h:cntr3|counter_reg_bit[0]                           ; regChain:r1|regX:gen_reg[1].u_reg|altshift_taps:q_out_rtl_0|shift_taps_0jm:auto_generated|cntr_r8h:cntr3|counter_reg_bit[0]                           ; clk          ; clk         ; 0.000        ; 0.064      ; 0.793      ;
; 0.720 ; regChain:r34|regX:gen_reg[0].u_reg|q_out[3]                                                                                                           ; regChain:r34|regX:gen_reg[1].u_reg|q_out[3]                                                                                                           ; clk          ; clk         ; 0.000        ; -0.285     ; 0.592      ;
; 0.721 ; regChain:r34|regX:gen_reg[0].u_reg|q_out[5]                                                                                                           ; regChain:r34|regX:gen_reg[1].u_reg|q_out[5]                                                                                                           ; clk          ; clk         ; 0.000        ; -0.286     ; 0.592      ;
; 0.722 ; regChain:r34|regX:gen_reg[0].u_reg|q_out[7]                                                                                                           ; regChain:r34|regX:gen_reg[1].u_reg|q_out[7]                                                                                                           ; clk          ; clk         ; 0.000        ; -0.286     ; 0.593      ;
; 0.722 ; regChain:r34|regX:gen_reg[0].u_reg|q_out[2]                                                                                                           ; regChain:r34|regX:gen_reg[1].u_reg|q_out[2]                                                                                                           ; clk          ; clk         ; 0.000        ; -0.286     ; 0.593      ;
; 0.723 ; regChain:r34|regX:gen_reg[0].u_reg|q_out[6]                                                                                                           ; regChain:r34|regX:gen_reg[1].u_reg|q_out[6]                                                                                                           ; clk          ; clk         ; 0.000        ; -0.288     ; 0.592      ;
; 0.723 ; regChain:r34|regX:gen_reg[0].u_reg|q_out[4]                                                                                                           ; regChain:r34|regX:gen_reg[1].u_reg|q_out[4]                                                                                                           ; clk          ; clk         ; 0.000        ; -0.288     ; 0.592      ;
; 0.723 ; regChain:r34|regX:gen_reg[0].u_reg|q_out[0]                                                                                                           ; regChain:r34|regX:gen_reg[1].u_reg|q_out[0]                                                                                                           ; clk          ; clk         ; 0.000        ; -0.288     ; 0.592      ;
; 0.724 ; regChain:r34|regX:gen_reg[0].u_reg|q_out[1]                                                                                                           ; regChain:r34|regX:gen_reg[1].u_reg|q_out[1]                                                                                                           ; clk          ; clk         ; 0.000        ; -0.288     ; 0.593      ;
; 0.824 ; regChain:r1|regX:gen_reg[1].u_reg|altshift_taps:q_out_rtl_0|shift_taps_0jm:auto_generated|cntr_r8h:cntr3|counter_reg_bit[0]                           ; regChain:r1|regX:gen_reg[1].u_reg|altshift_taps:q_out_rtl_0|shift_taps_0jm:auto_generated|cntr_r8h:cntr3|counter_reg_bit[1]                           ; clk          ; clk         ; 0.000        ; 0.064      ; 1.045      ;
; 1.123 ; regChain:r1|regX:gen_reg[1].u_reg|altshift_taps:q_out_rtl_0|shift_taps_0jm:auto_generated|cntr_r8h:cntr3|counter_reg_bit[1]                           ; regChain:r1|regX:gen_reg[1].u_reg|altshift_taps:q_out_rtl_0|shift_taps_0jm:auto_generated|dffe4                                                       ; clk          ; clk         ; 0.000        ; 0.064      ; 1.344      ;
; 1.242 ; regChain:r1|regX:gen_reg[1].u_reg|altshift_taps:q_out_rtl_0|shift_taps_0jm:auto_generated|cntr_r8h:cntr3|counter_reg_bit[0]                           ; regChain:r1|regX:gen_reg[1].u_reg|altshift_taps:q_out_rtl_0|shift_taps_0jm:auto_generated|dffe4                                                       ; clk          ; clk         ; 0.000        ; 0.064      ; 1.463      ;
; 1.639 ; regChain:r1|regX:gen_reg[1].u_reg|altshift_taps:q_out_rtl_0|shift_taps_0jm:auto_generated|cntr_r8h:cntr3|counter_reg_bit[1]                           ; regChain:r1|regX:gen_reg[1].u_reg|altshift_taps:q_out_rtl_0|shift_taps_0jm:auto_generated|cntr_r8h:cntr3|counter_reg_bit[0]                           ; clk          ; clk         ; 0.000        ; 0.064      ; 1.860      ;
; 2.390 ; regChain:r1|regX:gen_reg[1].u_reg|altshift_taps:q_out_rtl_0|shift_taps_0jm:auto_generated|altsyncram_uua1:altsyncram2|ram_block5a0~portb_address_reg0 ; regChain:r1|regX:gen_reg[1].u_reg|altshift_taps:q_out_rtl_0|shift_taps_0jm:auto_generated|altsyncram_uua1:altsyncram2|ram_block5a7                    ; clk          ; clk         ; 0.000        ; 0.004      ; 2.553      ;
; 2.390 ; regChain:r1|regX:gen_reg[1].u_reg|altshift_taps:q_out_rtl_0|shift_taps_0jm:auto_generated|altsyncram_uua1:altsyncram2|ram_block5a0~portb_address_reg0 ; regChain:r1|regX:gen_reg[1].u_reg|altshift_taps:q_out_rtl_0|shift_taps_0jm:auto_generated|altsyncram_uua1:altsyncram2|ram_block5a6                    ; clk          ; clk         ; 0.000        ; 0.004      ; 2.553      ;
; 2.390 ; regChain:r1|regX:gen_reg[1].u_reg|altshift_taps:q_out_rtl_0|shift_taps_0jm:auto_generated|altsyncram_uua1:altsyncram2|ram_block5a0~portb_address_reg0 ; regChain:r1|regX:gen_reg[1].u_reg|altshift_taps:q_out_rtl_0|shift_taps_0jm:auto_generated|altsyncram_uua1:altsyncram2|ram_block5a5                    ; clk          ; clk         ; 0.000        ; 0.004      ; 2.553      ;
; 2.390 ; regChain:r1|regX:gen_reg[1].u_reg|altshift_taps:q_out_rtl_0|shift_taps_0jm:auto_generated|altsyncram_uua1:altsyncram2|ram_block5a0~portb_address_reg0 ; regChain:r1|regX:gen_reg[1].u_reg|altshift_taps:q_out_rtl_0|shift_taps_0jm:auto_generated|altsyncram_uua1:altsyncram2|ram_block5a4                    ; clk          ; clk         ; 0.000        ; 0.004      ; 2.553      ;
; 2.390 ; regChain:r1|regX:gen_reg[1].u_reg|altshift_taps:q_out_rtl_0|shift_taps_0jm:auto_generated|altsyncram_uua1:altsyncram2|ram_block5a0~portb_address_reg0 ; regChain:r1|regX:gen_reg[1].u_reg|altshift_taps:q_out_rtl_0|shift_taps_0jm:auto_generated|altsyncram_uua1:altsyncram2|ram_block5a3                    ; clk          ; clk         ; 0.000        ; 0.004      ; 2.553      ;
; 2.390 ; regChain:r1|regX:gen_reg[1].u_reg|altshift_taps:q_out_rtl_0|shift_taps_0jm:auto_generated|altsyncram_uua1:altsyncram2|ram_block5a0~portb_address_reg0 ; regChain:r1|regX:gen_reg[1].u_reg|altshift_taps:q_out_rtl_0|shift_taps_0jm:auto_generated|altsyncram_uua1:altsyncram2|ram_block5a2                    ; clk          ; clk         ; 0.000        ; 0.004      ; 2.553      ;
; 2.390 ; regChain:r1|regX:gen_reg[1].u_reg|altshift_taps:q_out_rtl_0|shift_taps_0jm:auto_generated|altsyncram_uua1:altsyncram2|ram_block5a0~portb_address_reg0 ; regChain:r1|regX:gen_reg[1].u_reg|altshift_taps:q_out_rtl_0|shift_taps_0jm:auto_generated|altsyncram_uua1:altsyncram2|ram_block5a1                    ; clk          ; clk         ; 0.000        ; 0.004      ; 2.553      ;
; 2.390 ; regChain:r1|regX:gen_reg[1].u_reg|altshift_taps:q_out_rtl_0|shift_taps_0jm:auto_generated|altsyncram_uua1:altsyncram2|ram_block5a0~portb_address_reg0 ; regChain:r1|regX:gen_reg[1].u_reg|altshift_taps:q_out_rtl_0|shift_taps_0jm:auto_generated|altsyncram_uua1:altsyncram2|ram_block5a0                    ; clk          ; clk         ; 0.000        ; 0.004      ; 2.553      ;
+-------+-------------------------------------------------------------------------------------------------------------------------------------------------------+-------------------------------------------------------------------------------------------------------------------------------------------------------+--------------+-------------+--------------+------------+------------+


+---------------------------------------------------------------------------------------------------------------------------------------------------------------------------------------------------------------------------------------------------------------------------------------------------------------------+
; Slow 1200mV 85C Model Recovery: 'clk'                                                                                                                                                                                                                                                                               ;
+--------+-------------------------------------------------------------------------------------------------+------------------------------------------------------------------------------------------------------------------------------------+--------------+-------------+--------------+------------+------------+
; Slack  ; From Node                                                                                       ; To Node                                                                                                                            ; Launch Clock ; Latch Clock ; Relationship ; Clock Skew ; Data Delay ;
+--------+-------------------------------------------------------------------------------------------------+------------------------------------------------------------------------------------------------------------------------------------+--------------+-------------+--------------+------------+------------+
; -0.727 ; regChain:r1|regX:gen_reg[1].u_reg|altshift_taps:q_out_rtl_0|shift_taps_0jm:auto_generated|dffe4 ; regChain:r1|regX:gen_reg[1].u_reg|altshift_taps:q_out_rtl_0|shift_taps_0jm:auto_generated|altsyncram_uua1:altsyncram2|ram_block5a0 ; clk          ; clk         ; 1.000        ; 0.224      ; 1.880      ;
; -0.727 ; regChain:r1|regX:gen_reg[1].u_reg|altshift_taps:q_out_rtl_0|shift_taps_0jm:auto_generated|dffe4 ; regChain:r1|regX:gen_reg[1].u_reg|altshift_taps:q_out_rtl_0|shift_taps_0jm:auto_generated|altsyncram_uua1:altsyncram2|ram_block5a1 ; clk          ; clk         ; 1.000        ; 0.224      ; 1.880      ;
; -0.727 ; regChain:r1|regX:gen_reg[1].u_reg|altshift_taps:q_out_rtl_0|shift_taps_0jm:auto_generated|dffe4 ; regChain:r1|regX:gen_reg[1].u_reg|altshift_taps:q_out_rtl_0|shift_taps_0jm:auto_generated|altsyncram_uua1:altsyncram2|ram_block5a2 ; clk          ; clk         ; 1.000        ; 0.224      ; 1.880      ;
; -0.727 ; regChain:r1|regX:gen_reg[1].u_reg|altshift_taps:q_out_rtl_0|shift_taps_0jm:auto_generated|dffe4 ; regChain:r1|regX:gen_reg[1].u_reg|altshift_taps:q_out_rtl_0|shift_taps_0jm:auto_generated|altsyncram_uua1:altsyncram2|ram_block5a3 ; clk          ; clk         ; 1.000        ; 0.224      ; 1.880      ;
; -0.727 ; regChain:r1|regX:gen_reg[1].u_reg|altshift_taps:q_out_rtl_0|shift_taps_0jm:auto_generated|dffe4 ; regChain:r1|regX:gen_reg[1].u_reg|altshift_taps:q_out_rtl_0|shift_taps_0jm:auto_generated|altsyncram_uua1:altsyncram2|ram_block5a4 ; clk          ; clk         ; 1.000        ; 0.224      ; 1.880      ;
; -0.727 ; regChain:r1|regX:gen_reg[1].u_reg|altshift_taps:q_out_rtl_0|shift_taps_0jm:auto_generated|dffe4 ; regChain:r1|regX:gen_reg[1].u_reg|altshift_taps:q_out_rtl_0|shift_taps_0jm:auto_generated|altsyncram_uua1:altsyncram2|ram_block5a5 ; clk          ; clk         ; 1.000        ; 0.224      ; 1.880      ;
; -0.727 ; regChain:r1|regX:gen_reg[1].u_reg|altshift_taps:q_out_rtl_0|shift_taps_0jm:auto_generated|dffe4 ; regChain:r1|regX:gen_reg[1].u_reg|altshift_taps:q_out_rtl_0|shift_taps_0jm:auto_generated|altsyncram_uua1:altsyncram2|ram_block5a6 ; clk          ; clk         ; 1.000        ; 0.224      ; 1.880      ;
; -0.727 ; regChain:r1|regX:gen_reg[1].u_reg|altshift_taps:q_out_rtl_0|shift_taps_0jm:auto_generated|dffe4 ; regChain:r1|regX:gen_reg[1].u_reg|altshift_taps:q_out_rtl_0|shift_taps_0jm:auto_generated|altsyncram_uua1:altsyncram2|ram_block5a7 ; clk          ; clk         ; 1.000        ; 0.224      ; 1.880      ;
+--------+-------------------------------------------------------------------------------------------------+------------------------------------------------------------------------------------------------------------------------------------+--------------+-------------+--------------+------------+------------+


+--------------------------------------------------------------------------------------------------------------------------------------------------------------------------------------------------------------------------------------------------------------------------------------------------------------------+
; Slow 1200mV 85C Model Removal: 'clk'                                                                                                                                                                                                                                                                               ;
+-------+-------------------------------------------------------------------------------------------------+------------------------------------------------------------------------------------------------------------------------------------+--------------+-------------+--------------+------------+------------+
; Slack ; From Node                                                                                       ; To Node                                                                                                                            ; Launch Clock ; Latch Clock ; Relationship ; Clock Skew ; Data Delay ;
+-------+-------------------------------------------------------------------------------------------------+------------------------------------------------------------------------------------------------------------------------------------+--------------+-------------+--------------+------------+------------+
; 1.252 ; regChain:r1|regX:gen_reg[1].u_reg|altshift_taps:q_out_rtl_0|shift_taps_0jm:auto_generated|dffe4 ; regChain:r1|regX:gen_reg[1].u_reg|altshift_taps:q_out_rtl_0|shift_taps_0jm:auto_generated|altsyncram_uua1:altsyncram2|ram_block5a0 ; clk          ; clk         ; 0.000        ; 0.349      ; 1.760      ;
; 1.252 ; regChain:r1|regX:gen_reg[1].u_reg|altshift_taps:q_out_rtl_0|shift_taps_0jm:auto_generated|dffe4 ; regChain:r1|regX:gen_reg[1].u_reg|altshift_taps:q_out_rtl_0|shift_taps_0jm:auto_generated|altsyncram_uua1:altsyncram2|ram_block5a1 ; clk          ; clk         ; 0.000        ; 0.349      ; 1.760      ;
; 1.252 ; regChain:r1|regX:gen_reg[1].u_reg|altshift_taps:q_out_rtl_0|shift_taps_0jm:auto_generated|dffe4 ; regChain:r1|regX:gen_reg[1].u_reg|altshift_taps:q_out_rtl_0|shift_taps_0jm:auto_generated|altsyncram_uua1:altsyncram2|ram_block5a2 ; clk          ; clk         ; 0.000        ; 0.349      ; 1.760      ;
; 1.252 ; regChain:r1|regX:gen_reg[1].u_reg|altshift_taps:q_out_rtl_0|shift_taps_0jm:auto_generated|dffe4 ; regChain:r1|regX:gen_reg[1].u_reg|altshift_taps:q_out_rtl_0|shift_taps_0jm:auto_generated|altsyncram_uua1:altsyncram2|ram_block5a3 ; clk          ; clk         ; 0.000        ; 0.349      ; 1.760      ;
; 1.252 ; regChain:r1|regX:gen_reg[1].u_reg|altshift_taps:q_out_rtl_0|shift_taps_0jm:auto_generated|dffe4 ; regChain:r1|regX:gen_reg[1].u_reg|altshift_taps:q_out_rtl_0|shift_taps_0jm:auto_generated|altsyncram_uua1:altsyncram2|ram_block5a4 ; clk          ; clk         ; 0.000        ; 0.349      ; 1.760      ;
; 1.252 ; regChain:r1|regX:gen_reg[1].u_reg|altshift_taps:q_out_rtl_0|shift_taps_0jm:auto_generated|dffe4 ; regChain:r1|regX:gen_reg[1].u_reg|altshift_taps:q_out_rtl_0|shift_taps_0jm:auto_generated|altsyncram_uua1:altsyncram2|ram_block5a5 ; clk          ; clk         ; 0.000        ; 0.349      ; 1.760      ;
; 1.252 ; regChain:r1|regX:gen_reg[1].u_reg|altshift_taps:q_out_rtl_0|shift_taps_0jm:auto_generated|dffe4 ; regChain:r1|regX:gen_reg[1].u_reg|altshift_taps:q_out_rtl_0|shift_taps_0jm:auto_generated|altsyncram_uua1:altsyncram2|ram_block5a6 ; clk          ; clk         ; 0.000        ; 0.349      ; 1.760      ;
; 1.252 ; regChain:r1|regX:gen_reg[1].u_reg|altshift_taps:q_out_rtl_0|shift_taps_0jm:auto_generated|dffe4 ; regChain:r1|regX:gen_reg[1].u_reg|altshift_taps:q_out_rtl_0|shift_taps_0jm:auto_generated|altsyncram_uua1:altsyncram2|ram_block5a7 ; clk          ; clk         ; 0.000        ; 0.349      ; 1.760      ;
+-------+-------------------------------------------------------------------------------------------------+------------------------------------------------------------------------------------------------------------------------------------+--------------+-------------+--------------+------------+------------+


-----------------------------------------------
; Slow 1200mV 85C Model Metastability Summary ;
-----------------------------------------------
Design MTBF is not calculated because the design doesn't meet its timing requirements.



+-----------------------------------------------------------------------------------------------------------+
; Slow 1200mV 0C Model Fmax Summary                                                                         ;
+------------+-----------------+------------+---------------------------------------------------------------+
; Fmax       ; Restricted Fmax ; Clock Name ; Note                                                          ;
+------------+-----------------+------------+---------------------------------------------------------------+
; 398.25 MHz ; 250.0 MHz       ; clk        ; limit due to minimum period restriction (max I/O toggle rate) ;
+------------+-----------------+------------+---------------------------------------------------------------+
This panel reports FMAX for every clock in the design, regardless of the user-specified clock periods.  FMAX is only computed for paths where the source and destination registers or ports are driven by the same clock.  Paths of different clocks, including generated clocks, are ignored.  For paths between a clock and its inversion, FMAX is computed as if the rising and falling edges are scaled along with FMAX, such that the duty cycle (in terms of a percentage) is maintained. Altera recommends that you always use clock constraints and other slack reports for sign-off analysis.


+------------------------------------+
; Slow 1200mV 0C Model Setup Summary ;
+-------+--------+-------------------+
; Clock ; Slack  ; End Point TNS     ;
+-------+--------+-------------------+
; clk   ; -1.511 ; -14.919           ;
+-------+--------+-------------------+


+-----------------------------------+
; Slow 1200mV 0C Model Hold Summary ;
+-------+-------+-------------------+
; Clock ; Slack ; End Point TNS     ;
+-------+-------+-------------------+
; clk   ; 0.292 ; 0.000             ;
+-------+-------+-------------------+


+---------------------------------------+
; Slow 1200mV 0C Model Recovery Summary ;
+-------+--------+----------------------+
; Clock ; Slack  ; End Point TNS        ;
+-------+--------+----------------------+
; clk   ; -0.567 ; -4.536               ;
+-------+--------+----------------------+


+--------------------------------------+
; Slow 1200mV 0C Model Removal Summary ;
+-------+-------+----------------------+
; Clock ; Slack ; End Point TNS        ;
+-------+-------+----------------------+
; clk   ; 1.127 ; 0.000                ;
+-------+-------+----------------------+


+--------------------------------------------------+
; Slow 1200mV 0C Model Minimum Pulse Width Summary ;
+-------+--------+---------------------------------+
; Clock ; Slack  ; End Point TNS                   ;
+-------+--------+---------------------------------+
; clk   ; -3.000 ; -104.442                        ;
+-------+--------+---------------------------------+


+----------------------------------------------------------------------------------------------------------------------------------------------------------------------------------------------------------------------------------------------------------------------------------------------------------------------------------------------------------------------------------------------+
; Slow 1200mV 0C Model Setup: 'clk'                                                                                                                                                                                                                                                                                                                                                            ;
+--------+-------------------------------------------------------------------------------------------------------------------------------------------------------+-------------------------------------------------------------------------------------------------------------------------------------------------------+--------------+-------------+--------------+------------+------------+
; Slack  ; From Node                                                                                                                                             ; To Node                                                                                                                                               ; Launch Clock ; Latch Clock ; Relationship ; Clock Skew ; Data Delay ;
+--------+-------------------------------------------------------------------------------------------------------------------------------------------------------+-------------------------------------------------------------------------------------------------------------------------------------------------------+--------------+-------------+--------------+------------+------------+
; -1.511 ; regChain:r1|regX:gen_reg[1].u_reg|altshift_taps:q_out_rtl_0|shift_taps_0jm:auto_generated|altsyncram_uua1:altsyncram2|ram_block5a0~portb_address_reg0 ; regChain:r1|regX:gen_reg[1].u_reg|altshift_taps:q_out_rtl_0|shift_taps_0jm:auto_generated|altsyncram_uua1:altsyncram2|ram_block5a7                    ; clk          ; clk         ; 1.000        ; -0.068     ; 2.381      ;
; -1.511 ; regChain:r1|regX:gen_reg[1].u_reg|altshift_taps:q_out_rtl_0|shift_taps_0jm:auto_generated|altsyncram_uua1:altsyncram2|ram_block5a0~portb_address_reg0 ; regChain:r1|regX:gen_reg[1].u_reg|altshift_taps:q_out_rtl_0|shift_taps_0jm:auto_generated|altsyncram_uua1:altsyncram2|ram_block5a6                    ; clk          ; clk         ; 1.000        ; -0.068     ; 2.381      ;
; -1.511 ; regChain:r1|regX:gen_reg[1].u_reg|altshift_taps:q_out_rtl_0|shift_taps_0jm:auto_generated|altsyncram_uua1:altsyncram2|ram_block5a0~portb_address_reg0 ; regChain:r1|regX:gen_reg[1].u_reg|altshift_taps:q_out_rtl_0|shift_taps_0jm:auto_generated|altsyncram_uua1:altsyncram2|ram_block5a5                    ; clk          ; clk         ; 1.000        ; -0.068     ; 2.381      ;
; -1.511 ; regChain:r1|regX:gen_reg[1].u_reg|altshift_taps:q_out_rtl_0|shift_taps_0jm:auto_generated|altsyncram_uua1:altsyncram2|ram_block5a0~portb_address_reg0 ; regChain:r1|regX:gen_reg[1].u_reg|altshift_taps:q_out_rtl_0|shift_taps_0jm:auto_generated|altsyncram_uua1:altsyncram2|ram_block5a4                    ; clk          ; clk         ; 1.000        ; -0.068     ; 2.381      ;
; -1.511 ; regChain:r1|regX:gen_reg[1].u_reg|altshift_taps:q_out_rtl_0|shift_taps_0jm:auto_generated|altsyncram_uua1:altsyncram2|ram_block5a0~portb_address_reg0 ; regChain:r1|regX:gen_reg[1].u_reg|altshift_taps:q_out_rtl_0|shift_taps_0jm:auto_generated|altsyncram_uua1:altsyncram2|ram_block5a3                    ; clk          ; clk         ; 1.000        ; -0.068     ; 2.381      ;
; -1.511 ; regChain:r1|regX:gen_reg[1].u_reg|altshift_taps:q_out_rtl_0|shift_taps_0jm:auto_generated|altsyncram_uua1:altsyncram2|ram_block5a0~portb_address_reg0 ; regChain:r1|regX:gen_reg[1].u_reg|altshift_taps:q_out_rtl_0|shift_taps_0jm:auto_generated|altsyncram_uua1:altsyncram2|ram_block5a2                    ; clk          ; clk         ; 1.000        ; -0.068     ; 2.381      ;
; -1.511 ; regChain:r1|regX:gen_reg[1].u_reg|altshift_taps:q_out_rtl_0|shift_taps_0jm:auto_generated|altsyncram_uua1:altsyncram2|ram_block5a0~portb_address_reg0 ; regChain:r1|regX:gen_reg[1].u_reg|altshift_taps:q_out_rtl_0|shift_taps_0jm:auto_generated|altsyncram_uua1:altsyncram2|ram_block5a1                    ; clk          ; clk         ; 1.000        ; -0.068     ; 2.381      ;
; -1.511 ; regChain:r1|regX:gen_reg[1].u_reg|altshift_taps:q_out_rtl_0|shift_taps_0jm:auto_generated|altsyncram_uua1:altsyncram2|ram_block5a0~portb_address_reg0 ; regChain:r1|regX:gen_reg[1].u_reg|altshift_taps:q_out_rtl_0|shift_taps_0jm:auto_generated|altsyncram_uua1:altsyncram2|ram_block5a0                    ; clk          ; clk         ; 1.000        ; -0.068     ; 2.381      ;
; -1.054 ; regChain:r1|regX:gen_reg[1].u_reg|altshift_taps:q_out_rtl_0|shift_taps_0jm:auto_generated|cntr_r8h:cntr3|counter_reg_bit[1]                           ; regChain:r1|regX:gen_reg[1].u_reg|altshift_taps:q_out_rtl_0|shift_taps_0jm:auto_generated|cntr_r8h:cntr3|counter_reg_bit[0]                           ; clk          ; clk         ; 1.000        ; -0.057     ; 1.992      ;
; -1.054 ; regChain:r1|regX:gen_reg[1].u_reg|altshift_taps:q_out_rtl_0|shift_taps_0jm:auto_generated|cntr_r8h:cntr3|counter_reg_bit[1]                           ; regChain:r1|regX:gen_reg[1].u_reg|altshift_taps:q_out_rtl_0|shift_taps_0jm:auto_generated|cntr_r8h:cntr3|counter_reg_bit[1]                           ; clk          ; clk         ; 1.000        ; -0.057     ; 1.992      ;
; -1.003 ; regChain:r1|regX:gen_reg[1].u_reg|altshift_taps:q_out_rtl_0|shift_taps_0jm:auto_generated|cntr_r8h:cntr3|counter_reg_bit[0]                           ; regChain:r1|regX:gen_reg[1].u_reg|altshift_taps:q_out_rtl_0|shift_taps_0jm:auto_generated|cntr_r8h:cntr3|counter_reg_bit[0]                           ; clk          ; clk         ; 1.000        ; -0.057     ; 1.941      ;
; -1.003 ; regChain:r1|regX:gen_reg[1].u_reg|altshift_taps:q_out_rtl_0|shift_taps_0jm:auto_generated|cntr_r8h:cntr3|counter_reg_bit[0]                           ; regChain:r1|regX:gen_reg[1].u_reg|altshift_taps:q_out_rtl_0|shift_taps_0jm:auto_generated|cntr_r8h:cntr3|counter_reg_bit[1]                           ; clk          ; clk         ; 1.000        ; -0.057     ; 1.941      ;
; -0.667 ; regChain:r1|regX:gen_reg[1].u_reg|altshift_taps:q_out_rtl_0|shift_taps_0jm:auto_generated|cntr_r8h:cntr3|counter_reg_bit[1]                           ; regChain:r1|regX:gen_reg[1].u_reg|altshift_taps:q_out_rtl_0|shift_taps_0jm:auto_generated|dffe4                                                       ; clk          ; clk         ; 1.000        ; -0.057     ; 1.605      ;
; -0.630 ; regChain:r1|regX:gen_reg[1].u_reg|altshift_taps:q_out_rtl_0|shift_taps_0jm:auto_generated|cntr_r8h:cntr3|counter_reg_bit[0]                           ; regChain:r1|regX:gen_reg[1].u_reg|altshift_taps:q_out_rtl_0|shift_taps_0jm:auto_generated|dffe4                                                       ; clk          ; clk         ; 1.000        ; -0.057     ; 1.568      ;
; -0.009 ; regChain:r34|regX:gen_reg[0].u_reg|q_out[7]                                                                                                           ; regChain:r34|regX:gen_reg[1].u_reg|q_out[7]                                                                                                           ; clk          ; clk         ; 1.000        ; -0.394     ; 0.610      ;
; -0.009 ; regChain:r34|regX:gen_reg[0].u_reg|q_out[2]                                                                                                           ; regChain:r34|regX:gen_reg[1].u_reg|q_out[2]                                                                                                           ; clk          ; clk         ; 1.000        ; -0.394     ; 0.610      ;
; -0.008 ; regChain:r34|regX:gen_reg[0].u_reg|q_out[3]                                                                                                           ; regChain:r34|regX:gen_reg[1].u_reg|q_out[3]                                                                                                           ; clk          ; clk         ; 1.000        ; -0.394     ; 0.609      ;
; -0.007 ; regChain:r34|regX:gen_reg[0].u_reg|q_out[5]                                                                                                           ; regChain:r34|regX:gen_reg[1].u_reg|q_out[5]                                                                                                           ; clk          ; clk         ; 1.000        ; -0.393     ; 0.609      ;
; -0.006 ; regChain:r34|regX:gen_reg[0].u_reg|q_out[6]                                                                                                           ; regChain:r34|regX:gen_reg[1].u_reg|q_out[6]                                                                                                           ; clk          ; clk         ; 1.000        ; -0.392     ; 0.609      ;
; -0.006 ; regChain:r34|regX:gen_reg[0].u_reg|q_out[1]                                                                                                           ; regChain:r34|regX:gen_reg[1].u_reg|q_out[1]                                                                                                           ; clk          ; clk         ; 1.000        ; -0.391     ; 0.610      ;
; -0.006 ; regChain:r34|regX:gen_reg[0].u_reg|q_out[0]                                                                                                           ; regChain:r34|regX:gen_reg[1].u_reg|q_out[0]                                                                                                           ; clk          ; clk         ; 1.000        ; -0.392     ; 0.609      ;
; -0.005 ; regChain:r34|regX:gen_reg[0].u_reg|q_out[4]                                                                                                           ; regChain:r34|regX:gen_reg[1].u_reg|q_out[4]                                                                                                           ; clk          ; clk         ; 1.000        ; -0.392     ; 0.608      ;
; 0.179  ; regX:r2_1|q_out[4]                                                                                                                                    ; regChain:r2|regX:gen_reg[0].u_reg|q_out[4]                                                                                                            ; clk          ; clk         ; 1.000        ; -0.057     ; 0.759      ;
; 0.201  ; regChain:r2|regX:gen_reg[0].u_reg|q_out[2]                                                                                                            ; regChain:r2|regX:gen_reg[1].u_reg|q_out[2]                                                                                                            ; clk          ; clk         ; 1.000        ; -0.056     ; 0.738      ;
; 0.202  ; regChain:r2|regX:gen_reg[1].u_reg|q_out[4]                                                                                                            ; regChain:r2|regX:gen_reg[2].u_reg|q_out[4]                                                                                                            ; clk          ; clk         ; 1.000        ; -0.057     ; 0.736      ;
; 0.203  ; regChain:r2|regX:gen_reg[1].u_reg|q_out[3]                                                                                                            ; regChain:r2|regX:gen_reg[2].u_reg|q_out[3]                                                                                                            ; clk          ; clk         ; 1.000        ; -0.056     ; 0.736      ;
; 0.301  ; regChain:r1|regX:gen_reg[1].u_reg|altshift_taps:q_out_rtl_0|shift_taps_0jm:auto_generated|cntr_4pf:cntr1|counter_reg_bit[0]                           ; regChain:r1|regX:gen_reg[1].u_reg|altshift_taps:q_out_rtl_0|shift_taps_0jm:auto_generated|cntr_4pf:cntr1|counter_reg_bit[0]                           ; clk          ; clk         ; 1.000        ; -0.057     ; 0.637      ;
; 0.308  ; regX:r2_1|q_out[6]                                                                                                                                    ; regChain:r2|regX:gen_reg[0].u_reg|q_out[6]                                                                                                            ; clk          ; clk         ; 1.000        ; -0.057     ; 0.630      ;
; 0.309  ; regX:r2_1|q_out[5]                                                                                                                                    ; regChain:r2|regX:gen_reg[0].u_reg|q_out[5]                                                                                                            ; clk          ; clk         ; 1.000        ; -0.057     ; 0.629      ;
; 0.309  ; regX:r2_1|q_out[7]                                                                                                                                    ; regChain:r2|regX:gen_reg[0].u_reg|q_out[7]                                                                                                            ; clk          ; clk         ; 1.000        ; -0.057     ; 0.629      ;
; 0.310  ; regX:r2_1|q_out[0]                                                                                                                                    ; regChain:r2|regX:gen_reg[0].u_reg|q_out[0]                                                                                                            ; clk          ; clk         ; 1.000        ; -0.056     ; 0.629      ;
; 0.310  ; regX:r2_1|q_out[1]                                                                                                                                    ; regChain:r2|regX:gen_reg[0].u_reg|q_out[1]                                                                                                            ; clk          ; clk         ; 1.000        ; -0.057     ; 0.628      ;
; 0.310  ; regX:r2_1|q_out[3]                                                                                                                                    ; regChain:r2|regX:gen_reg[0].u_reg|q_out[3]                                                                                                            ; clk          ; clk         ; 1.000        ; -0.056     ; 0.629      ;
; 0.312  ; regX:r2_1|q_out[2]                                                                                                                                    ; regChain:r2|regX:gen_reg[0].u_reg|q_out[2]                                                                                                            ; clk          ; clk         ; 1.000        ; -0.056     ; 0.627      ;
; 0.323  ; regChain:r1|regX:gen_reg[1].u_reg|altshift_taps:q_out_rtl_0|shift_taps_0jm:auto_generated|cntr_4pf:cntr1|counter_reg_bit[0]                           ; regChain:r1|regX:gen_reg[1].u_reg|altshift_taps:q_out_rtl_0|shift_taps_0jm:auto_generated|altsyncram_uua1:altsyncram2|ram_block5a0~porta_address_reg0 ; clk          ; clk         ; 1.000        ; 0.221      ; 0.918      ;
; 0.323  ; regChain:r1|regX:gen_reg[1].u_reg|altshift_taps:q_out_rtl_0|shift_taps_0jm:auto_generated|cntr_4pf:cntr1|counter_reg_bit[0]                           ; regChain:r1|regX:gen_reg[1].u_reg|altshift_taps:q_out_rtl_0|shift_taps_0jm:auto_generated|altsyncram_uua1:altsyncram2|ram_block5a0~portb_address_reg0 ; clk          ; clk         ; 1.000        ; 0.222      ; 0.919      ;
; 0.326  ; regChain:r2|regX:gen_reg[0].u_reg|q_out[4]                                                                                                            ; regChain:r2|regX:gen_reg[1].u_reg|q_out[4]                                                                                                            ; clk          ; clk         ; 1.000        ; -0.057     ; 0.612      ;
; 0.327  ; regChain:r2|regX:gen_reg[0].u_reg|q_out[0]                                                                                                            ; regChain:r2|regX:gen_reg[1].u_reg|q_out[0]                                                                                                            ; clk          ; clk         ; 1.000        ; -0.056     ; 0.612      ;
; 0.327  ; regChain:r2|regX:gen_reg[0].u_reg|q_out[1]                                                                                                            ; regChain:r2|regX:gen_reg[1].u_reg|q_out[1]                                                                                                            ; clk          ; clk         ; 1.000        ; -0.057     ; 0.611      ;
; 0.327  ; regChain:r2|regX:gen_reg[2].u_reg|q_out[3]                                                                                                            ; regX:r2_1|q_out[3]                                                                                                                                    ; clk          ; clk         ; 1.000        ; -0.056     ; 0.612      ;
; 0.327  ; regChain:r2|regX:gen_reg[2].u_reg|q_out[5]                                                                                                            ; regX:r2_1|q_out[5]                                                                                                                                    ; clk          ; clk         ; 1.000        ; -0.057     ; 0.611      ;
; 0.327  ; regChain:r2|regX:gen_reg[1].u_reg|q_out[7]                                                                                                            ; regChain:r2|regX:gen_reg[2].u_reg|q_out[7]                                                                                                            ; clk          ; clk         ; 1.000        ; -0.057     ; 0.611      ;
; 0.328  ; regChain:r2|regX:gen_reg[2].u_reg|q_out[1]                                                                                                            ; regX:r2_1|q_out[1]                                                                                                                                    ; clk          ; clk         ; 1.000        ; -0.057     ; 0.610      ;
; 0.328  ; regChain:r2|regX:gen_reg[1].u_reg|q_out[1]                                                                                                            ; regChain:r2|regX:gen_reg[2].u_reg|q_out[1]                                                                                                            ; clk          ; clk         ; 1.000        ; -0.057     ; 0.610      ;
; 0.328  ; regChain:r2|regX:gen_reg[0].u_reg|q_out[5]                                                                                                            ; regChain:r2|regX:gen_reg[1].u_reg|q_out[5]                                                                                                            ; clk          ; clk         ; 1.000        ; -0.057     ; 0.610      ;
; 0.328  ; regChain:r2|regX:gen_reg[2].u_reg|q_out[6]                                                                                                            ; regX:r2_1|q_out[6]                                                                                                                                    ; clk          ; clk         ; 1.000        ; -0.057     ; 0.610      ;
; 0.328  ; regChain:r2|regX:gen_reg[1].u_reg|q_out[6]                                                                                                            ; regChain:r2|regX:gen_reg[2].u_reg|q_out[6]                                                                                                            ; clk          ; clk         ; 1.000        ; -0.057     ; 0.610      ;
; 0.328  ; regChain:r2|regX:gen_reg[0].u_reg|q_out[6]                                                                                                            ; regChain:r2|regX:gen_reg[1].u_reg|q_out[6]                                                                                                            ; clk          ; clk         ; 1.000        ; -0.057     ; 0.610      ;
; 0.329  ; regChain:r2|regX:gen_reg[2].u_reg|q_out[2]                                                                                                            ; regX:r2_1|q_out[2]                                                                                                                                    ; clk          ; clk         ; 1.000        ; -0.056     ; 0.610      ;
; 0.329  ; regChain:r2|regX:gen_reg[1].u_reg|q_out[2]                                                                                                            ; regChain:r2|regX:gen_reg[2].u_reg|q_out[2]                                                                                                            ; clk          ; clk         ; 1.000        ; -0.056     ; 0.610      ;
; 0.329  ; regChain:r2|regX:gen_reg[0].u_reg|q_out[3]                                                                                                            ; regChain:r2|regX:gen_reg[1].u_reg|q_out[3]                                                                                                            ; clk          ; clk         ; 1.000        ; -0.056     ; 0.610      ;
; 0.329  ; regChain:r2|regX:gen_reg[2].u_reg|q_out[4]                                                                                                            ; regX:r2_1|q_out[4]                                                                                                                                    ; clk          ; clk         ; 1.000        ; -0.057     ; 0.609      ;
; 0.329  ; regChain:r2|regX:gen_reg[2].u_reg|q_out[7]                                                                                                            ; regX:r2_1|q_out[7]                                                                                                                                    ; clk          ; clk         ; 1.000        ; -0.057     ; 0.609      ;
; 0.330  ; regChain:r2|regX:gen_reg[1].u_reg|q_out[5]                                                                                                            ; regChain:r2|regX:gen_reg[2].u_reg|q_out[5]                                                                                                            ; clk          ; clk         ; 1.000        ; -0.057     ; 0.608      ;
; 0.330  ; regChain:r2|regX:gen_reg[0].u_reg|q_out[7]                                                                                                            ; regChain:r2|regX:gen_reg[1].u_reg|q_out[7]                                                                                                            ; clk          ; clk         ; 1.000        ; -0.057     ; 0.608      ;
; 0.331  ; regChain:r2|regX:gen_reg[2].u_reg|q_out[0]                                                                                                            ; regX:r2_1|q_out[0]                                                                                                                                    ; clk          ; clk         ; 1.000        ; -0.056     ; 0.608      ;
; 0.331  ; regChain:r2|regX:gen_reg[1].u_reg|q_out[0]                                                                                                            ; regChain:r2|regX:gen_reg[2].u_reg|q_out[0]                                                                                                            ; clk          ; clk         ; 1.000        ; -0.056     ; 0.608      ;
; 0.344  ; regChain:r1|regX:gen_reg[0].u_reg|q_out[4]                                                                                                            ; regChain:r1|regX:gen_reg[1].u_reg|altshift_taps:q_out_rtl_0|shift_taps_0jm:auto_generated|altsyncram_uua1:altsyncram2|ram_block5a0~porta_datain_reg0  ; clk          ; clk         ; 1.000        ; 0.222      ; 0.898      ;
; 0.358  ; regChain:r1|regX:gen_reg[0].u_reg|q_out[0]                                                                                                            ; regChain:r1|regX:gen_reg[1].u_reg|altshift_taps:q_out_rtl_0|shift_taps_0jm:auto_generated|altsyncram_uua1:altsyncram2|ram_block5a0~porta_datain_reg0  ; clk          ; clk         ; 1.000        ; 0.225      ; 0.887      ;
; 0.363  ; regChain:r1|regX:gen_reg[0].u_reg|q_out[2]                                                                                                            ; regChain:r1|regX:gen_reg[1].u_reg|altshift_taps:q_out_rtl_0|shift_taps_0jm:auto_generated|altsyncram_uua1:altsyncram2|ram_block5a0~porta_datain_reg0  ; clk          ; clk         ; 1.000        ; 0.225      ; 0.882      ;
; 0.370  ; regChain:r1|regX:gen_reg[0].u_reg|q_out[7]                                                                                                            ; regChain:r1|regX:gen_reg[1].u_reg|altshift_taps:q_out_rtl_0|shift_taps_0jm:auto_generated|altsyncram_uua1:altsyncram2|ram_block5a0~porta_datain_reg0  ; clk          ; clk         ; 1.000        ; 0.225      ; 0.875      ;
; 0.378  ; regChain:r1|regX:gen_reg[0].u_reg|q_out[6]                                                                                                            ; regChain:r1|regX:gen_reg[1].u_reg|altshift_taps:q_out_rtl_0|shift_taps_0jm:auto_generated|altsyncram_uua1:altsyncram2|ram_block5a0~porta_datain_reg0  ; clk          ; clk         ; 1.000        ; 0.222      ; 0.864      ;
; 0.383  ; regChain:r1|regX:gen_reg[0].u_reg|q_out[5]                                                                                                            ; regChain:r1|regX:gen_reg[1].u_reg|altshift_taps:q_out_rtl_0|shift_taps_0jm:auto_generated|altsyncram_uua1:altsyncram2|ram_block5a0~porta_datain_reg0  ; clk          ; clk         ; 1.000        ; 0.225      ; 0.862      ;
; 0.387  ; regChain:r1|regX:gen_reg[0].u_reg|q_out[3]                                                                                                            ; regChain:r1|regX:gen_reg[1].u_reg|altshift_taps:q_out_rtl_0|shift_taps_0jm:auto_generated|altsyncram_uua1:altsyncram2|ram_block5a0~porta_datain_reg0  ; clk          ; clk         ; 1.000        ; 0.225      ; 0.858      ;
; 0.406  ; regChain:r1|regX:gen_reg[0].u_reg|q_out[1]                                                                                                            ; regChain:r1|regX:gen_reg[1].u_reg|altshift_taps:q_out_rtl_0|shift_taps_0jm:auto_generated|altsyncram_uua1:altsyncram2|ram_block5a0~porta_datain_reg0  ; clk          ; clk         ; 1.000        ; 0.222      ; 0.836      ;
+--------+-------------------------------------------------------------------------------------------------------------------------------------------------------+-------------------------------------------------------------------------------------------------------------------------------------------------------+--------------+-------------+--------------+------------+------------+


+---------------------------------------------------------------------------------------------------------------------------------------------------------------------------------------------------------------------------------------------------------------------------------------------------------------------------------------------------------------------------------------------+
; Slow 1200mV 0C Model Hold: 'clk'                                                                                                                                                                                                                                                                                                                                                            ;
+-------+-------------------------------------------------------------------------------------------------------------------------------------------------------+-------------------------------------------------------------------------------------------------------------------------------------------------------+--------------+-------------+--------------+------------+------------+
; Slack ; From Node                                                                                                                                             ; To Node                                                                                                                                               ; Launch Clock ; Latch Clock ; Relationship ; Clock Skew ; Data Delay ;
+-------+-------------------------------------------------------------------------------------------------------------------------------------------------------+-------------------------------------------------------------------------------------------------------------------------------------------------------+--------------+-------------+--------------+------------+------------+
; 0.292 ; regChain:r1|regX:gen_reg[0].u_reg|q_out[1]                                                                                                            ; regChain:r1|regX:gen_reg[1].u_reg|altshift_taps:q_out_rtl_0|shift_taps_0jm:auto_generated|altsyncram_uua1:altsyncram2|ram_block5a0~porta_datain_reg0  ; clk          ; clk         ; 0.000        ; 0.342      ; 0.803      ;
; 0.292 ; regChain:r1|regX:gen_reg[0].u_reg|q_out[3]                                                                                                            ; regChain:r1|regX:gen_reg[1].u_reg|altshift_taps:q_out_rtl_0|shift_taps_0jm:auto_generated|altsyncram_uua1:altsyncram2|ram_block5a0~porta_datain_reg0  ; clk          ; clk         ; 0.000        ; 0.345      ; 0.806      ;
; 0.296 ; regChain:r1|regX:gen_reg[0].u_reg|q_out[5]                                                                                                            ; regChain:r1|regX:gen_reg[1].u_reg|altshift_taps:q_out_rtl_0|shift_taps_0jm:auto_generated|altsyncram_uua1:altsyncram2|ram_block5a0~porta_datain_reg0  ; clk          ; clk         ; 0.000        ; 0.345      ; 0.810      ;
; 0.305 ; regChain:r1|regX:gen_reg[0].u_reg|q_out[6]                                                                                                            ; regChain:r1|regX:gen_reg[1].u_reg|altshift_taps:q_out_rtl_0|shift_taps_0jm:auto_generated|altsyncram_uua1:altsyncram2|ram_block5a0~porta_datain_reg0  ; clk          ; clk         ; 0.000        ; 0.342      ; 0.816      ;
; 0.317 ; regChain:r1|regX:gen_reg[0].u_reg|q_out[2]                                                                                                            ; regChain:r1|regX:gen_reg[1].u_reg|altshift_taps:q_out_rtl_0|shift_taps_0jm:auto_generated|altsyncram_uua1:altsyncram2|ram_block5a0~porta_datain_reg0  ; clk          ; clk         ; 0.000        ; 0.345      ; 0.831      ;
; 0.318 ; regChain:r1|regX:gen_reg[0].u_reg|q_out[0]                                                                                                            ; regChain:r1|regX:gen_reg[1].u_reg|altshift_taps:q_out_rtl_0|shift_taps_0jm:auto_generated|altsyncram_uua1:altsyncram2|ram_block5a0~porta_datain_reg0  ; clk          ; clk         ; 0.000        ; 0.345      ; 0.832      ;
; 0.318 ; regChain:r1|regX:gen_reg[0].u_reg|q_out[7]                                                                                                            ; regChain:r1|regX:gen_reg[1].u_reg|altshift_taps:q_out_rtl_0|shift_taps_0jm:auto_generated|altsyncram_uua1:altsyncram2|ram_block5a0~porta_datain_reg0  ; clk          ; clk         ; 0.000        ; 0.345      ; 0.832      ;
; 0.323 ; regChain:r1|regX:gen_reg[0].u_reg|q_out[4]                                                                                                            ; regChain:r1|regX:gen_reg[1].u_reg|altshift_taps:q_out_rtl_0|shift_taps_0jm:auto_generated|altsyncram_uua1:altsyncram2|ram_block5a0~porta_datain_reg0  ; clk          ; clk         ; 0.000        ; 0.342      ; 0.834      ;
; 0.337 ; regChain:r2|regX:gen_reg[2].u_reg|q_out[0]                                                                                                            ; regX:r2_1|q_out[0]                                                                                                                                    ; clk          ; clk         ; 0.000        ; 0.056      ; 0.537      ;
; 0.337 ; regChain:r2|regX:gen_reg[1].u_reg|q_out[0]                                                                                                            ; regChain:r2|regX:gen_reg[2].u_reg|q_out[0]                                                                                                            ; clk          ; clk         ; 0.000        ; 0.056      ; 0.537      ;
; 0.337 ; regChain:r2|regX:gen_reg[1].u_reg|q_out[1]                                                                                                            ; regChain:r2|regX:gen_reg[2].u_reg|q_out[1]                                                                                                            ; clk          ; clk         ; 0.000        ; 0.057      ; 0.538      ;
; 0.337 ; regChain:r2|regX:gen_reg[2].u_reg|q_out[4]                                                                                                            ; regX:r2_1|q_out[4]                                                                                                                                    ; clk          ; clk         ; 0.000        ; 0.057      ; 0.538      ;
; 0.337 ; regChain:r2|regX:gen_reg[1].u_reg|q_out[5]                                                                                                            ; regChain:r2|regX:gen_reg[2].u_reg|q_out[5]                                                                                                            ; clk          ; clk         ; 0.000        ; 0.057      ; 0.538      ;
; 0.337 ; regChain:r2|regX:gen_reg[1].u_reg|q_out[6]                                                                                                            ; regChain:r2|regX:gen_reg[2].u_reg|q_out[6]                                                                                                            ; clk          ; clk         ; 0.000        ; 0.057      ; 0.538      ;
; 0.337 ; regChain:r2|regX:gen_reg[0].u_reg|q_out[6]                                                                                                            ; regChain:r2|regX:gen_reg[1].u_reg|q_out[6]                                                                                                            ; clk          ; clk         ; 0.000        ; 0.057      ; 0.538      ;
; 0.337 ; regChain:r2|regX:gen_reg[2].u_reg|q_out[7]                                                                                                            ; regX:r2_1|q_out[7]                                                                                                                                    ; clk          ; clk         ; 0.000        ; 0.057      ; 0.538      ;
; 0.337 ; regChain:r2|regX:gen_reg[0].u_reg|q_out[7]                                                                                                            ; regChain:r2|regX:gen_reg[1].u_reg|q_out[7]                                                                                                            ; clk          ; clk         ; 0.000        ; 0.057      ; 0.538      ;
; 0.338 ; regChain:r2|regX:gen_reg[2].u_reg|q_out[1]                                                                                                            ; regX:r2_1|q_out[1]                                                                                                                                    ; clk          ; clk         ; 0.000        ; 0.057      ; 0.539      ;
; 0.338 ; regChain:r2|regX:gen_reg[0].u_reg|q_out[1]                                                                                                            ; regChain:r2|regX:gen_reg[1].u_reg|q_out[1]                                                                                                            ; clk          ; clk         ; 0.000        ; 0.057      ; 0.539      ;
; 0.338 ; regChain:r2|regX:gen_reg[1].u_reg|q_out[2]                                                                                                            ; regChain:r2|regX:gen_reg[2].u_reg|q_out[2]                                                                                                            ; clk          ; clk         ; 0.000        ; 0.056      ; 0.538      ;
; 0.338 ; regChain:r2|regX:gen_reg[2].u_reg|q_out[5]                                                                                                            ; regX:r2_1|q_out[5]                                                                                                                                    ; clk          ; clk         ; 0.000        ; 0.057      ; 0.539      ;
; 0.338 ; regChain:r2|regX:gen_reg[0].u_reg|q_out[5]                                                                                                            ; regChain:r2|regX:gen_reg[1].u_reg|q_out[5]                                                                                                            ; clk          ; clk         ; 0.000        ; 0.057      ; 0.539      ;
; 0.338 ; regChain:r2|regX:gen_reg[2].u_reg|q_out[6]                                                                                                            ; regX:r2_1|q_out[6]                                                                                                                                    ; clk          ; clk         ; 0.000        ; 0.057      ; 0.539      ;
; 0.338 ; regChain:r2|regX:gen_reg[1].u_reg|q_out[7]                                                                                                            ; regChain:r2|regX:gen_reg[2].u_reg|q_out[7]                                                                                                            ; clk          ; clk         ; 0.000        ; 0.057      ; 0.539      ;
; 0.339 ; regChain:r2|regX:gen_reg[2].u_reg|q_out[2]                                                                                                            ; regX:r2_1|q_out[2]                                                                                                                                    ; clk          ; clk         ; 0.000        ; 0.056      ; 0.539      ;
; 0.339 ; regChain:r2|regX:gen_reg[0].u_reg|q_out[3]                                                                                                            ; regChain:r2|regX:gen_reg[1].u_reg|q_out[3]                                                                                                            ; clk          ; clk         ; 0.000        ; 0.056      ; 0.539      ;
; 0.339 ; regChain:r2|regX:gen_reg[0].u_reg|q_out[4]                                                                                                            ; regChain:r2|regX:gen_reg[1].u_reg|q_out[4]                                                                                                            ; clk          ; clk         ; 0.000        ; 0.057      ; 0.540      ;
; 0.340 ; regChain:r2|regX:gen_reg[0].u_reg|q_out[0]                                                                                                            ; regChain:r2|regX:gen_reg[1].u_reg|q_out[0]                                                                                                            ; clk          ; clk         ; 0.000        ; 0.056      ; 0.540      ;
; 0.340 ; regChain:r2|regX:gen_reg[2].u_reg|q_out[3]                                                                                                            ; regX:r2_1|q_out[3]                                                                                                                                    ; clk          ; clk         ; 0.000        ; 0.056      ; 0.540      ;
; 0.345 ; regChain:r1|regX:gen_reg[1].u_reg|altshift_taps:q_out_rtl_0|shift_taps_0jm:auto_generated|cntr_4pf:cntr1|counter_reg_bit[0]                           ; regChain:r1|regX:gen_reg[1].u_reg|altshift_taps:q_out_rtl_0|shift_taps_0jm:auto_generated|cntr_4pf:cntr1|counter_reg_bit[0]                           ; clk          ; clk         ; 0.000        ; 0.057      ; 0.546      ;
; 0.350 ; regChain:r1|regX:gen_reg[1].u_reg|altshift_taps:q_out_rtl_0|shift_taps_0jm:auto_generated|cntr_4pf:cntr1|counter_reg_bit[0]                           ; regChain:r1|regX:gen_reg[1].u_reg|altshift_taps:q_out_rtl_0|shift_taps_0jm:auto_generated|altsyncram_uua1:altsyncram2|ram_block5a0~porta_address_reg0 ; clk          ; clk         ; 0.000        ; 0.341      ; 0.860      ;
; 0.352 ; regChain:r1|regX:gen_reg[1].u_reg|altshift_taps:q_out_rtl_0|shift_taps_0jm:auto_generated|cntr_4pf:cntr1|counter_reg_bit[0]                           ; regChain:r1|regX:gen_reg[1].u_reg|altshift_taps:q_out_rtl_0|shift_taps_0jm:auto_generated|altsyncram_uua1:altsyncram2|ram_block5a0~portb_address_reg0 ; clk          ; clk         ; 0.000        ; 0.341      ; 0.862      ;
; 0.355 ; regX:r2_1|q_out[1]                                                                                                                                    ; regChain:r2|regX:gen_reg[0].u_reg|q_out[1]                                                                                                            ; clk          ; clk         ; 0.000        ; 0.057      ; 0.556      ;
; 0.355 ; regX:r2_1|q_out[5]                                                                                                                                    ; regChain:r2|regX:gen_reg[0].u_reg|q_out[5]                                                                                                            ; clk          ; clk         ; 0.000        ; 0.057      ; 0.556      ;
; 0.355 ; regX:r2_1|q_out[7]                                                                                                                                    ; regChain:r2|regX:gen_reg[0].u_reg|q_out[7]                                                                                                            ; clk          ; clk         ; 0.000        ; 0.057      ; 0.556      ;
; 0.356 ; regX:r2_1|q_out[2]                                                                                                                                    ; regChain:r2|regX:gen_reg[0].u_reg|q_out[2]                                                                                                            ; clk          ; clk         ; 0.000        ; 0.056      ; 0.556      ;
; 0.356 ; regX:r2_1|q_out[3]                                                                                                                                    ; regChain:r2|regX:gen_reg[0].u_reg|q_out[3]                                                                                                            ; clk          ; clk         ; 0.000        ; 0.056      ; 0.556      ;
; 0.357 ; regX:r2_1|q_out[0]                                                                                                                                    ; regChain:r2|regX:gen_reg[0].u_reg|q_out[0]                                                                                                            ; clk          ; clk         ; 0.000        ; 0.056      ; 0.557      ;
; 0.357 ; regX:r2_1|q_out[6]                                                                                                                                    ; regChain:r2|regX:gen_reg[0].u_reg|q_out[6]                                                                                                            ; clk          ; clk         ; 0.000        ; 0.057      ; 0.558      ;
; 0.429 ; regChain:r2|regX:gen_reg[1].u_reg|q_out[4]                                                                                                            ; regChain:r2|regX:gen_reg[2].u_reg|q_out[4]                                                                                                            ; clk          ; clk         ; 0.000        ; 0.057      ; 0.630      ;
; 0.430 ; regChain:r2|regX:gen_reg[1].u_reg|q_out[3]                                                                                                            ; regChain:r2|regX:gen_reg[2].u_reg|q_out[3]                                                                                                            ; clk          ; clk         ; 0.000        ; 0.056      ; 0.630      ;
; 0.431 ; regChain:r2|regX:gen_reg[0].u_reg|q_out[2]                                                                                                            ; regChain:r2|regX:gen_reg[1].u_reg|q_out[2]                                                                                                            ; clk          ; clk         ; 0.000        ; 0.056      ; 0.631      ;
; 0.449 ; regX:r2_1|q_out[4]                                                                                                                                    ; regChain:r2|regX:gen_reg[0].u_reg|q_out[4]                                                                                                            ; clk          ; clk         ; 0.000        ; 0.057      ; 0.650      ;
; 0.492 ; regChain:r1|regX:gen_reg[1].u_reg|altshift_taps:q_out_rtl_0|shift_taps_0jm:auto_generated|cntr_r8h:cntr3|counter_reg_bit[1]                           ; regChain:r1|regX:gen_reg[1].u_reg|altshift_taps:q_out_rtl_0|shift_taps_0jm:auto_generated|cntr_r8h:cntr3|counter_reg_bit[1]                           ; clk          ; clk         ; 0.000        ; 0.057      ; 0.693      ;
; 0.513 ; regChain:r1|regX:gen_reg[1].u_reg|altshift_taps:q_out_rtl_0|shift_taps_0jm:auto_generated|cntr_r8h:cntr3|counter_reg_bit[0]                           ; regChain:r1|regX:gen_reg[1].u_reg|altshift_taps:q_out_rtl_0|shift_taps_0jm:auto_generated|cntr_r8h:cntr3|counter_reg_bit[0]                           ; clk          ; clk         ; 0.000        ; 0.057      ; 0.714      ;
; 0.657 ; regChain:r34|regX:gen_reg[0].u_reg|q_out[0]                                                                                                           ; regChain:r34|regX:gen_reg[1].u_reg|q_out[0]                                                                                                           ; clk          ; clk         ; 0.000        ; -0.263     ; 0.538      ;
; 0.658 ; regChain:r34|regX:gen_reg[0].u_reg|q_out[6]                                                                                                           ; regChain:r34|regX:gen_reg[1].u_reg|q_out[6]                                                                                                           ; clk          ; clk         ; 0.000        ; -0.264     ; 0.538      ;
; 0.658 ; regChain:r34|regX:gen_reg[0].u_reg|q_out[4]                                                                                                           ; regChain:r34|regX:gen_reg[1].u_reg|q_out[4]                                                                                                           ; clk          ; clk         ; 0.000        ; -0.264     ; 0.538      ;
; 0.659 ; regChain:r34|regX:gen_reg[0].u_reg|q_out[1]                                                                                                           ; regChain:r34|regX:gen_reg[1].u_reg|q_out[1]                                                                                                           ; clk          ; clk         ; 0.000        ; -0.264     ; 0.539      ;
; 0.661 ; regChain:r34|regX:gen_reg[0].u_reg|q_out[5]                                                                                                           ; regChain:r34|regX:gen_reg[1].u_reg|q_out[5]                                                                                                           ; clk          ; clk         ; 0.000        ; -0.267     ; 0.538      ;
; 0.662 ; regChain:r34|regX:gen_reg[0].u_reg|q_out[7]                                                                                                           ; regChain:r34|regX:gen_reg[1].u_reg|q_out[7]                                                                                                           ; clk          ; clk         ; 0.000        ; -0.267     ; 0.539      ;
; 0.662 ; regChain:r34|regX:gen_reg[0].u_reg|q_out[3]                                                                                                           ; regChain:r34|regX:gen_reg[1].u_reg|q_out[3]                                                                                                           ; clk          ; clk         ; 0.000        ; -0.268     ; 0.538      ;
; 0.662 ; regChain:r34|regX:gen_reg[0].u_reg|q_out[2]                                                                                                           ; regChain:r34|regX:gen_reg[1].u_reg|q_out[2]                                                                                                           ; clk          ; clk         ; 0.000        ; -0.267     ; 0.539      ;
; 0.740 ; regChain:r1|regX:gen_reg[1].u_reg|altshift_taps:q_out_rtl_0|shift_taps_0jm:auto_generated|cntr_r8h:cntr3|counter_reg_bit[0]                           ; regChain:r1|regX:gen_reg[1].u_reg|altshift_taps:q_out_rtl_0|shift_taps_0jm:auto_generated|cntr_r8h:cntr3|counter_reg_bit[1]                           ; clk          ; clk         ; 0.000        ; 0.057      ; 0.941      ;
; 1.011 ; regChain:r1|regX:gen_reg[1].u_reg|altshift_taps:q_out_rtl_0|shift_taps_0jm:auto_generated|cntr_r8h:cntr3|counter_reg_bit[1]                           ; regChain:r1|regX:gen_reg[1].u_reg|altshift_taps:q_out_rtl_0|shift_taps_0jm:auto_generated|dffe4                                                       ; clk          ; clk         ; 0.000        ; 0.057      ; 1.212      ;
; 1.105 ; regChain:r1|regX:gen_reg[1].u_reg|altshift_taps:q_out_rtl_0|shift_taps_0jm:auto_generated|cntr_r8h:cntr3|counter_reg_bit[0]                           ; regChain:r1|regX:gen_reg[1].u_reg|altshift_taps:q_out_rtl_0|shift_taps_0jm:auto_generated|dffe4                                                       ; clk          ; clk         ; 0.000        ; 0.057      ; 1.306      ;
; 1.476 ; regChain:r1|regX:gen_reg[1].u_reg|altshift_taps:q_out_rtl_0|shift_taps_0jm:auto_generated|cntr_r8h:cntr3|counter_reg_bit[1]                           ; regChain:r1|regX:gen_reg[1].u_reg|altshift_taps:q_out_rtl_0|shift_taps_0jm:auto_generated|cntr_r8h:cntr3|counter_reg_bit[0]                           ; clk          ; clk         ; 0.000        ; 0.057      ; 1.677      ;
; 2.140 ; regChain:r1|regX:gen_reg[1].u_reg|altshift_taps:q_out_rtl_0|shift_taps_0jm:auto_generated|altsyncram_uua1:altsyncram2|ram_block5a0~portb_address_reg0 ; regChain:r1|regX:gen_reg[1].u_reg|altshift_taps:q_out_rtl_0|shift_taps_0jm:auto_generated|altsyncram_uua1:altsyncram2|ram_block5a7                    ; clk          ; clk         ; 0.000        ; 0.011      ; 2.293      ;
; 2.140 ; regChain:r1|regX:gen_reg[1].u_reg|altshift_taps:q_out_rtl_0|shift_taps_0jm:auto_generated|altsyncram_uua1:altsyncram2|ram_block5a0~portb_address_reg0 ; regChain:r1|regX:gen_reg[1].u_reg|altshift_taps:q_out_rtl_0|shift_taps_0jm:auto_generated|altsyncram_uua1:altsyncram2|ram_block5a6                    ; clk          ; clk         ; 0.000        ; 0.011      ; 2.293      ;
; 2.140 ; regChain:r1|regX:gen_reg[1].u_reg|altshift_taps:q_out_rtl_0|shift_taps_0jm:auto_generated|altsyncram_uua1:altsyncram2|ram_block5a0~portb_address_reg0 ; regChain:r1|regX:gen_reg[1].u_reg|altshift_taps:q_out_rtl_0|shift_taps_0jm:auto_generated|altsyncram_uua1:altsyncram2|ram_block5a5                    ; clk          ; clk         ; 0.000        ; 0.011      ; 2.293      ;
; 2.140 ; regChain:r1|regX:gen_reg[1].u_reg|altshift_taps:q_out_rtl_0|shift_taps_0jm:auto_generated|altsyncram_uua1:altsyncram2|ram_block5a0~portb_address_reg0 ; regChain:r1|regX:gen_reg[1].u_reg|altshift_taps:q_out_rtl_0|shift_taps_0jm:auto_generated|altsyncram_uua1:altsyncram2|ram_block5a4                    ; clk          ; clk         ; 0.000        ; 0.011      ; 2.293      ;
; 2.140 ; regChain:r1|regX:gen_reg[1].u_reg|altshift_taps:q_out_rtl_0|shift_taps_0jm:auto_generated|altsyncram_uua1:altsyncram2|ram_block5a0~portb_address_reg0 ; regChain:r1|regX:gen_reg[1].u_reg|altshift_taps:q_out_rtl_0|shift_taps_0jm:auto_generated|altsyncram_uua1:altsyncram2|ram_block5a3                    ; clk          ; clk         ; 0.000        ; 0.011      ; 2.293      ;
; 2.140 ; regChain:r1|regX:gen_reg[1].u_reg|altshift_taps:q_out_rtl_0|shift_taps_0jm:auto_generated|altsyncram_uua1:altsyncram2|ram_block5a0~portb_address_reg0 ; regChain:r1|regX:gen_reg[1].u_reg|altshift_taps:q_out_rtl_0|shift_taps_0jm:auto_generated|altsyncram_uua1:altsyncram2|ram_block5a2                    ; clk          ; clk         ; 0.000        ; 0.011      ; 2.293      ;
; 2.140 ; regChain:r1|regX:gen_reg[1].u_reg|altshift_taps:q_out_rtl_0|shift_taps_0jm:auto_generated|altsyncram_uua1:altsyncram2|ram_block5a0~portb_address_reg0 ; regChain:r1|regX:gen_reg[1].u_reg|altshift_taps:q_out_rtl_0|shift_taps_0jm:auto_generated|altsyncram_uua1:altsyncram2|ram_block5a1                    ; clk          ; clk         ; 0.000        ; 0.011      ; 2.293      ;
; 2.140 ; regChain:r1|regX:gen_reg[1].u_reg|altshift_taps:q_out_rtl_0|shift_taps_0jm:auto_generated|altsyncram_uua1:altsyncram2|ram_block5a0~portb_address_reg0 ; regChain:r1|regX:gen_reg[1].u_reg|altshift_taps:q_out_rtl_0|shift_taps_0jm:auto_generated|altsyncram_uua1:altsyncram2|ram_block5a0                    ; clk          ; clk         ; 0.000        ; 0.011      ; 2.293      ;
+-------+-------------------------------------------------------------------------------------------------------------------------------------------------------+-------------------------------------------------------------------------------------------------------------------------------------------------------+--------------+-------------+--------------+------------+------------+


+---------------------------------------------------------------------------------------------------------------------------------------------------------------------------------------------------------------------------------------------------------------------------------------------------------------------+
; Slow 1200mV 0C Model Recovery: 'clk'                                                                                                                                                                                                                                                                                ;
+--------+-------------------------------------------------------------------------------------------------+------------------------------------------------------------------------------------------------------------------------------------+--------------+-------------+--------------+------------+------------+
; Slack  ; From Node                                                                                       ; To Node                                                                                                                            ; Launch Clock ; Latch Clock ; Relationship ; Clock Skew ; Data Delay ;
+--------+-------------------------------------------------------------------------------------------------+------------------------------------------------------------------------------------------------------------------------------------+--------------+-------------+--------------+------------+------------+
; -0.567 ; regChain:r1|regX:gen_reg[1].u_reg|altshift_taps:q_out_rtl_0|shift_taps_0jm:auto_generated|dffe4 ; regChain:r1|regX:gen_reg[1].u_reg|altshift_taps:q_out_rtl_0|shift_taps_0jm:auto_generated|altsyncram_uua1:altsyncram2|ram_block5a0 ; clk          ; clk         ; 1.000        ; 0.193      ; 1.698      ;
; -0.567 ; regChain:r1|regX:gen_reg[1].u_reg|altshift_taps:q_out_rtl_0|shift_taps_0jm:auto_generated|dffe4 ; regChain:r1|regX:gen_reg[1].u_reg|altshift_taps:q_out_rtl_0|shift_taps_0jm:auto_generated|altsyncram_uua1:altsyncram2|ram_block5a1 ; clk          ; clk         ; 1.000        ; 0.193      ; 1.698      ;
; -0.567 ; regChain:r1|regX:gen_reg[1].u_reg|altshift_taps:q_out_rtl_0|shift_taps_0jm:auto_generated|dffe4 ; regChain:r1|regX:gen_reg[1].u_reg|altshift_taps:q_out_rtl_0|shift_taps_0jm:auto_generated|altsyncram_uua1:altsyncram2|ram_block5a2 ; clk          ; clk         ; 1.000        ; 0.193      ; 1.698      ;
; -0.567 ; regChain:r1|regX:gen_reg[1].u_reg|altshift_taps:q_out_rtl_0|shift_taps_0jm:auto_generated|dffe4 ; regChain:r1|regX:gen_reg[1].u_reg|altshift_taps:q_out_rtl_0|shift_taps_0jm:auto_generated|altsyncram_uua1:altsyncram2|ram_block5a3 ; clk          ; clk         ; 1.000        ; 0.193      ; 1.698      ;
; -0.567 ; regChain:r1|regX:gen_reg[1].u_reg|altshift_taps:q_out_rtl_0|shift_taps_0jm:auto_generated|dffe4 ; regChain:r1|regX:gen_reg[1].u_reg|altshift_taps:q_out_rtl_0|shift_taps_0jm:auto_generated|altsyncram_uua1:altsyncram2|ram_block5a4 ; clk          ; clk         ; 1.000        ; 0.193      ; 1.698      ;
; -0.567 ; regChain:r1|regX:gen_reg[1].u_reg|altshift_taps:q_out_rtl_0|shift_taps_0jm:auto_generated|dffe4 ; regChain:r1|regX:gen_reg[1].u_reg|altshift_taps:q_out_rtl_0|shift_taps_0jm:auto_generated|altsyncram_uua1:altsyncram2|ram_block5a5 ; clk          ; clk         ; 1.000        ; 0.193      ; 1.698      ;
; -0.567 ; regChain:r1|regX:gen_reg[1].u_reg|altshift_taps:q_out_rtl_0|shift_taps_0jm:auto_generated|dffe4 ; regChain:r1|regX:gen_reg[1].u_reg|altshift_taps:q_out_rtl_0|shift_taps_0jm:auto_generated|altsyncram_uua1:altsyncram2|ram_block5a6 ; clk          ; clk         ; 1.000        ; 0.193      ; 1.698      ;
; -0.567 ; regChain:r1|regX:gen_reg[1].u_reg|altshift_taps:q_out_rtl_0|shift_taps_0jm:auto_generated|dffe4 ; regChain:r1|regX:gen_reg[1].u_reg|altshift_taps:q_out_rtl_0|shift_taps_0jm:auto_generated|altsyncram_uua1:altsyncram2|ram_block5a7 ; clk          ; clk         ; 1.000        ; 0.193      ; 1.698      ;
+--------+-------------------------------------------------------------------------------------------------+------------------------------------------------------------------------------------------------------------------------------------+--------------+-------------+--------------+------------+------------+


+--------------------------------------------------------------------------------------------------------------------------------------------------------------------------------------------------------------------------------------------------------------------------------------------------------------------+
; Slow 1200mV 0C Model Removal: 'clk'                                                                                                                                                                                                                                                                                ;
+-------+-------------------------------------------------------------------------------------------------+------------------------------------------------------------------------------------------------------------------------------------+--------------+-------------+--------------+------------+------------+
; Slack ; From Node                                                                                       ; To Node                                                                                                                            ; Launch Clock ; Latch Clock ; Relationship ; Clock Skew ; Data Delay ;
+-------+-------------------------------------------------------------------------------------------------+------------------------------------------------------------------------------------------------------------------------------------+--------------+-------------+--------------+------------+------------+
; 1.127 ; regChain:r1|regX:gen_reg[1].u_reg|altshift_taps:q_out_rtl_0|shift_taps_0jm:auto_generated|dffe4 ; regChain:r1|regX:gen_reg[1].u_reg|altshift_taps:q_out_rtl_0|shift_taps_0jm:auto_generated|altsyncram_uua1:altsyncram2|ram_block5a0 ; clk          ; clk         ; 0.000        ; 0.313      ; 1.582      ;
; 1.127 ; regChain:r1|regX:gen_reg[1].u_reg|altshift_taps:q_out_rtl_0|shift_taps_0jm:auto_generated|dffe4 ; regChain:r1|regX:gen_reg[1].u_reg|altshift_taps:q_out_rtl_0|shift_taps_0jm:auto_generated|altsyncram_uua1:altsyncram2|ram_block5a1 ; clk          ; clk         ; 0.000        ; 0.313      ; 1.582      ;
; 1.127 ; regChain:r1|regX:gen_reg[1].u_reg|altshift_taps:q_out_rtl_0|shift_taps_0jm:auto_generated|dffe4 ; regChain:r1|regX:gen_reg[1].u_reg|altshift_taps:q_out_rtl_0|shift_taps_0jm:auto_generated|altsyncram_uua1:altsyncram2|ram_block5a2 ; clk          ; clk         ; 0.000        ; 0.313      ; 1.582      ;
; 1.127 ; regChain:r1|regX:gen_reg[1].u_reg|altshift_taps:q_out_rtl_0|shift_taps_0jm:auto_generated|dffe4 ; regChain:r1|regX:gen_reg[1].u_reg|altshift_taps:q_out_rtl_0|shift_taps_0jm:auto_generated|altsyncram_uua1:altsyncram2|ram_block5a3 ; clk          ; clk         ; 0.000        ; 0.313      ; 1.582      ;
; 1.127 ; regChain:r1|regX:gen_reg[1].u_reg|altshift_taps:q_out_rtl_0|shift_taps_0jm:auto_generated|dffe4 ; regChain:r1|regX:gen_reg[1].u_reg|altshift_taps:q_out_rtl_0|shift_taps_0jm:auto_generated|altsyncram_uua1:altsyncram2|ram_block5a4 ; clk          ; clk         ; 0.000        ; 0.313      ; 1.582      ;
; 1.127 ; regChain:r1|regX:gen_reg[1].u_reg|altshift_taps:q_out_rtl_0|shift_taps_0jm:auto_generated|dffe4 ; regChain:r1|regX:gen_reg[1].u_reg|altshift_taps:q_out_rtl_0|shift_taps_0jm:auto_generated|altsyncram_uua1:altsyncram2|ram_block5a5 ; clk          ; clk         ; 0.000        ; 0.313      ; 1.582      ;
; 1.127 ; regChain:r1|regX:gen_reg[1].u_reg|altshift_taps:q_out_rtl_0|shift_taps_0jm:auto_generated|dffe4 ; regChain:r1|regX:gen_reg[1].u_reg|altshift_taps:q_out_rtl_0|shift_taps_0jm:auto_generated|altsyncram_uua1:altsyncram2|ram_block5a6 ; clk          ; clk         ; 0.000        ; 0.313      ; 1.582      ;
; 1.127 ; regChain:r1|regX:gen_reg[1].u_reg|altshift_taps:q_out_rtl_0|shift_taps_0jm:auto_generated|dffe4 ; regChain:r1|regX:gen_reg[1].u_reg|altshift_taps:q_out_rtl_0|shift_taps_0jm:auto_generated|altsyncram_uua1:altsyncram2|ram_block5a7 ; clk          ; clk         ; 0.000        ; 0.313      ; 1.582      ;
+-------+-------------------------------------------------------------------------------------------------+------------------------------------------------------------------------------------------------------------------------------------+--------------+-------------+--------------+------------+------------+


----------------------------------------------
; Slow 1200mV 0C Model Metastability Summary ;
----------------------------------------------
Design MTBF is not calculated because the design doesn't meet its timing requirements.



+------------------------------------+
; Fast 1200mV 0C Model Setup Summary ;
+-------+--------+-------------------+
; Clock ; Slack  ; End Point TNS     ;
+-------+--------+-------------------+
; clk   ; -0.341 ; -3.326            ;
+-------+--------+-------------------+


+-----------------------------------+
; Fast 1200mV 0C Model Hold Summary ;
+-------+-------+-------------------+
; Clock ; Slack ; End Point TNS     ;
+-------+-------+-------------------+
; clk   ; 0.132 ; 0.000             ;
+-------+-------+-------------------+


+---------------------------------------+
; Fast 1200mV 0C Model Recovery Summary ;
+-------+-------+-----------------------+
; Clock ; Slack ; End Point TNS         ;
+-------+-------+-----------------------+
; clk   ; 0.023 ; 0.000                 ;
+-------+-------+-----------------------+


+--------------------------------------+
; Fast 1200mV 0C Model Removal Summary ;
+-------+-------+----------------------+
; Clock ; Slack ; End Point TNS        ;
+-------+-------+----------------------+
; clk   ; 0.684 ; 0.000                ;
+-------+-------+----------------------+


+--------------------------------------------------+
; Fast 1200mV 0C Model Minimum Pulse Width Summary ;
+-------+--------+---------------------------------+
; Clock ; Slack  ; End Point TNS                   ;
+-------+--------+---------------------------------+
; clk   ; -3.000 ; -90.236                         ;
+-------+--------+---------------------------------+


+----------------------------------------------------------------------------------------------------------------------------------------------------------------------------------------------------------------------------------------------------------------------------------------------------------------------------------------------------------------------------------------------+
; Fast 1200mV 0C Model Setup: 'clk'                                                                                                                                                                                                                                                                                                                                                            ;
+--------+-------------------------------------------------------------------------------------------------------------------------------------------------------+-------------------------------------------------------------------------------------------------------------------------------------------------------+--------------+-------------+--------------+------------+------------+
; Slack  ; From Node                                                                                                                                             ; To Node                                                                                                                                               ; Launch Clock ; Latch Clock ; Relationship ; Clock Skew ; Data Delay ;
+--------+-------------------------------------------------------------------------------------------------------------------------------------------------------+-------------------------------------------------------------------------------------------------------------------------------------------------------+--------------+-------------+--------------+------------+------------+
; -0.341 ; regChain:r1|regX:gen_reg[1].u_reg|altshift_taps:q_out_rtl_0|shift_taps_0jm:auto_generated|altsyncram_uua1:altsyncram2|ram_block5a0~portb_address_reg0 ; regChain:r1|regX:gen_reg[1].u_reg|altshift_taps:q_out_rtl_0|shift_taps_0jm:auto_generated|altsyncram_uua1:altsyncram2|ram_block5a7                    ; clk          ; clk         ; 1.000        ; -0.048     ; 1.248      ;
; -0.341 ; regChain:r1|regX:gen_reg[1].u_reg|altshift_taps:q_out_rtl_0|shift_taps_0jm:auto_generated|altsyncram_uua1:altsyncram2|ram_block5a0~portb_address_reg0 ; regChain:r1|regX:gen_reg[1].u_reg|altshift_taps:q_out_rtl_0|shift_taps_0jm:auto_generated|altsyncram_uua1:altsyncram2|ram_block5a6                    ; clk          ; clk         ; 1.000        ; -0.048     ; 1.248      ;
; -0.341 ; regChain:r1|regX:gen_reg[1].u_reg|altshift_taps:q_out_rtl_0|shift_taps_0jm:auto_generated|altsyncram_uua1:altsyncram2|ram_block5a0~portb_address_reg0 ; regChain:r1|regX:gen_reg[1].u_reg|altshift_taps:q_out_rtl_0|shift_taps_0jm:auto_generated|altsyncram_uua1:altsyncram2|ram_block5a5                    ; clk          ; clk         ; 1.000        ; -0.048     ; 1.248      ;
; -0.341 ; regChain:r1|regX:gen_reg[1].u_reg|altshift_taps:q_out_rtl_0|shift_taps_0jm:auto_generated|altsyncram_uua1:altsyncram2|ram_block5a0~portb_address_reg0 ; regChain:r1|regX:gen_reg[1].u_reg|altshift_taps:q_out_rtl_0|shift_taps_0jm:auto_generated|altsyncram_uua1:altsyncram2|ram_block5a4                    ; clk          ; clk         ; 1.000        ; -0.048     ; 1.248      ;
; -0.341 ; regChain:r1|regX:gen_reg[1].u_reg|altshift_taps:q_out_rtl_0|shift_taps_0jm:auto_generated|altsyncram_uua1:altsyncram2|ram_block5a0~portb_address_reg0 ; regChain:r1|regX:gen_reg[1].u_reg|altshift_taps:q_out_rtl_0|shift_taps_0jm:auto_generated|altsyncram_uua1:altsyncram2|ram_block5a3                    ; clk          ; clk         ; 1.000        ; -0.048     ; 1.248      ;
; -0.341 ; regChain:r1|regX:gen_reg[1].u_reg|altshift_taps:q_out_rtl_0|shift_taps_0jm:auto_generated|altsyncram_uua1:altsyncram2|ram_block5a0~portb_address_reg0 ; regChain:r1|regX:gen_reg[1].u_reg|altshift_taps:q_out_rtl_0|shift_taps_0jm:auto_generated|altsyncram_uua1:altsyncram2|ram_block5a2                    ; clk          ; clk         ; 1.000        ; -0.048     ; 1.248      ;
; -0.341 ; regChain:r1|regX:gen_reg[1].u_reg|altshift_taps:q_out_rtl_0|shift_taps_0jm:auto_generated|altsyncram_uua1:altsyncram2|ram_block5a0~portb_address_reg0 ; regChain:r1|regX:gen_reg[1].u_reg|altshift_taps:q_out_rtl_0|shift_taps_0jm:auto_generated|altsyncram_uua1:altsyncram2|ram_block5a1                    ; clk          ; clk         ; 1.000        ; -0.048     ; 1.248      ;
; -0.341 ; regChain:r1|regX:gen_reg[1].u_reg|altshift_taps:q_out_rtl_0|shift_taps_0jm:auto_generated|altsyncram_uua1:altsyncram2|ram_block5a0~portb_address_reg0 ; regChain:r1|regX:gen_reg[1].u_reg|altshift_taps:q_out_rtl_0|shift_taps_0jm:auto_generated|altsyncram_uua1:altsyncram2|ram_block5a0                    ; clk          ; clk         ; 1.000        ; -0.048     ; 1.248      ;
; -0.275 ; regChain:r1|regX:gen_reg[1].u_reg|altshift_taps:q_out_rtl_0|shift_taps_0jm:auto_generated|cntr_r8h:cntr3|counter_reg_bit[1]                           ; regChain:r1|regX:gen_reg[1].u_reg|altshift_taps:q_out_rtl_0|shift_taps_0jm:auto_generated|cntr_r8h:cntr3|counter_reg_bit[0]                           ; clk          ; clk         ; 1.000        ; -0.037     ; 1.225      ;
; -0.275 ; regChain:r1|regX:gen_reg[1].u_reg|altshift_taps:q_out_rtl_0|shift_taps_0jm:auto_generated|cntr_r8h:cntr3|counter_reg_bit[1]                           ; regChain:r1|regX:gen_reg[1].u_reg|altshift_taps:q_out_rtl_0|shift_taps_0jm:auto_generated|cntr_r8h:cntr3|counter_reg_bit[1]                           ; clk          ; clk         ; 1.000        ; -0.037     ; 1.225      ;
; -0.243 ; regChain:r1|regX:gen_reg[1].u_reg|altshift_taps:q_out_rtl_0|shift_taps_0jm:auto_generated|cntr_r8h:cntr3|counter_reg_bit[0]                           ; regChain:r1|regX:gen_reg[1].u_reg|altshift_taps:q_out_rtl_0|shift_taps_0jm:auto_generated|cntr_r8h:cntr3|counter_reg_bit[0]                           ; clk          ; clk         ; 1.000        ; -0.037     ; 1.193      ;
; -0.243 ; regChain:r1|regX:gen_reg[1].u_reg|altshift_taps:q_out_rtl_0|shift_taps_0jm:auto_generated|cntr_r8h:cntr3|counter_reg_bit[0]                           ; regChain:r1|regX:gen_reg[1].u_reg|altshift_taps:q_out_rtl_0|shift_taps_0jm:auto_generated|cntr_r8h:cntr3|counter_reg_bit[1]                           ; clk          ; clk         ; 1.000        ; -0.037     ; 1.193      ;
; -0.048 ; regChain:r1|regX:gen_reg[1].u_reg|altshift_taps:q_out_rtl_0|shift_taps_0jm:auto_generated|cntr_r8h:cntr3|counter_reg_bit[1]                           ; regChain:r1|regX:gen_reg[1].u_reg|altshift_taps:q_out_rtl_0|shift_taps_0jm:auto_generated|dffe4                                                       ; clk          ; clk         ; 1.000        ; -0.037     ; 0.998      ;
; -0.012 ; regChain:r1|regX:gen_reg[1].u_reg|altshift_taps:q_out_rtl_0|shift_taps_0jm:auto_generated|cntr_r8h:cntr3|counter_reg_bit[0]                           ; regChain:r1|regX:gen_reg[1].u_reg|altshift_taps:q_out_rtl_0|shift_taps_0jm:auto_generated|dffe4                                                       ; clk          ; clk         ; 1.000        ; -0.037     ; 0.962      ;
; 0.375  ; regChain:r34|regX:gen_reg[0].u_reg|q_out[6]                                                                                                           ; regChain:r34|regX:gen_reg[1].u_reg|q_out[6]                                                                                                           ; clk          ; clk         ; 1.000        ; -0.239     ; 0.373      ;
; 0.376  ; regChain:r34|regX:gen_reg[0].u_reg|q_out[0]                                                                                                           ; regChain:r34|regX:gen_reg[1].u_reg|q_out[0]                                                                                                           ; clk          ; clk         ; 1.000        ; -0.238     ; 0.373      ;
; 0.377  ; regChain:r34|regX:gen_reg[0].u_reg|q_out[1]                                                                                                           ; regChain:r34|regX:gen_reg[1].u_reg|q_out[1]                                                                                                           ; clk          ; clk         ; 1.000        ; -0.238     ; 0.372      ;
; 0.378  ; regChain:r34|regX:gen_reg[0].u_reg|q_out[4]                                                                                                           ; regChain:r34|regX:gen_reg[1].u_reg|q_out[4]                                                                                                           ; clk          ; clk         ; 1.000        ; -0.237     ; 0.372      ;
; 0.378  ; regChain:r34|regX:gen_reg[0].u_reg|q_out[3]                                                                                                           ; regChain:r34|regX:gen_reg[1].u_reg|q_out[3]                                                                                                           ; clk          ; clk         ; 1.000        ; -0.236     ; 0.373      ;
; 0.378  ; regChain:r34|regX:gen_reg[0].u_reg|q_out[2]                                                                                                           ; regChain:r34|regX:gen_reg[1].u_reg|q_out[2]                                                                                                           ; clk          ; clk         ; 1.000        ; -0.237     ; 0.372      ;
; 0.379  ; regChain:r34|regX:gen_reg[0].u_reg|q_out[7]                                                                                                           ; regChain:r34|regX:gen_reg[1].u_reg|q_out[7]                                                                                                           ; clk          ; clk         ; 1.000        ; -0.236     ; 0.372      ;
; 0.379  ; regChain:r34|regX:gen_reg[0].u_reg|q_out[5]                                                                                                           ; regChain:r34|regX:gen_reg[1].u_reg|q_out[5]                                                                                                           ; clk          ; clk         ; 1.000        ; -0.235     ; 0.373      ;
; 0.489  ; regX:r2_1|q_out[4]                                                                                                                                    ; regChain:r2|regX:gen_reg[0].u_reg|q_out[4]                                                                                                            ; clk          ; clk         ; 1.000        ; -0.037     ; 0.461      ;
; 0.504  ; regChain:r2|regX:gen_reg[0].u_reg|q_out[2]                                                                                                            ; regChain:r2|regX:gen_reg[1].u_reg|q_out[2]                                                                                                            ; clk          ; clk         ; 1.000        ; -0.036     ; 0.447      ;
; 0.505  ; regChain:r2|regX:gen_reg[1].u_reg|q_out[4]                                                                                                            ; regChain:r2|regX:gen_reg[2].u_reg|q_out[4]                                                                                                            ; clk          ; clk         ; 1.000        ; -0.037     ; 0.445      ;
; 0.506  ; regChain:r2|regX:gen_reg[1].u_reg|q_out[3]                                                                                                            ; regChain:r2|regX:gen_reg[2].u_reg|q_out[3]                                                                                                            ; clk          ; clk         ; 1.000        ; -0.036     ; 0.445      ;
; 0.559  ; regChain:r1|regX:gen_reg[1].u_reg|altshift_taps:q_out_rtl_0|shift_taps_0jm:auto_generated|cntr_4pf:cntr1|counter_reg_bit[0]                           ; regChain:r1|regX:gen_reg[1].u_reg|altshift_taps:q_out_rtl_0|shift_taps_0jm:auto_generated|altsyncram_uua1:altsyncram2|ram_block5a0~porta_address_reg0 ; clk          ; clk         ; 1.000        ; 0.144      ; 0.594      ;
; 0.561  ; regChain:r1|regX:gen_reg[1].u_reg|altshift_taps:q_out_rtl_0|shift_taps_0jm:auto_generated|cntr_4pf:cntr1|counter_reg_bit[0]                           ; regChain:r1|regX:gen_reg[1].u_reg|altshift_taps:q_out_rtl_0|shift_taps_0jm:auto_generated|altsyncram_uua1:altsyncram2|ram_block5a0~portb_address_reg0 ; clk          ; clk         ; 1.000        ; 0.146      ; 0.594      ;
; 0.563  ; regX:r2_1|q_out[6]                                                                                                                                    ; regChain:r2|regX:gen_reg[0].u_reg|q_out[6]                                                                                                            ; clk          ; clk         ; 1.000        ; -0.037     ; 0.387      ;
; 0.564  ; regX:r2_1|q_out[0]                                                                                                                                    ; regChain:r2|regX:gen_reg[0].u_reg|q_out[0]                                                                                                            ; clk          ; clk         ; 1.000        ; -0.036     ; 0.387      ;
; 0.565  ; regX:r2_1|q_out[1]                                                                                                                                    ; regChain:r2|regX:gen_reg[0].u_reg|q_out[1]                                                                                                            ; clk          ; clk         ; 1.000        ; -0.037     ; 0.385      ;
; 0.565  ; regX:r2_1|q_out[5]                                                                                                                                    ; regChain:r2|regX:gen_reg[0].u_reg|q_out[5]                                                                                                            ; clk          ; clk         ; 1.000        ; -0.037     ; 0.385      ;
; 0.566  ; regX:r2_1|q_out[2]                                                                                                                                    ; regChain:r2|regX:gen_reg[0].u_reg|q_out[2]                                                                                                            ; clk          ; clk         ; 1.000        ; -0.036     ; 0.385      ;
; 0.566  ; regX:r2_1|q_out[7]                                                                                                                                    ; regChain:r2|regX:gen_reg[0].u_reg|q_out[7]                                                                                                            ; clk          ; clk         ; 1.000        ; -0.037     ; 0.384      ;
; 0.566  ; regChain:r1|regX:gen_reg[0].u_reg|q_out[4]                                                                                                            ; regChain:r1|regX:gen_reg[1].u_reg|altshift_taps:q_out_rtl_0|shift_taps_0jm:auto_generated|altsyncram_uua1:altsyncram2|ram_block5a0~porta_datain_reg0  ; clk          ; clk         ; 1.000        ; 0.140      ; 0.583      ;
; 0.567  ; regX:r2_1|q_out[3]                                                                                                                                    ; regChain:r2|regX:gen_reg[0].u_reg|q_out[3]                                                                                                            ; clk          ; clk         ; 1.000        ; -0.036     ; 0.384      ;
; 0.570  ; regChain:r1|regX:gen_reg[1].u_reg|altshift_taps:q_out_rtl_0|shift_taps_0jm:auto_generated|cntr_4pf:cntr1|counter_reg_bit[0]                           ; regChain:r1|regX:gen_reg[1].u_reg|altshift_taps:q_out_rtl_0|shift_taps_0jm:auto_generated|cntr_4pf:cntr1|counter_reg_bit[0]                           ; clk          ; clk         ; 1.000        ; -0.037     ; 0.380      ;
; 0.574  ; regChain:r2|regX:gen_reg[0].u_reg|q_out[4]                                                                                                            ; regChain:r2|regX:gen_reg[1].u_reg|q_out[4]                                                                                                            ; clk          ; clk         ; 1.000        ; -0.037     ; 0.376      ;
; 0.575  ; regChain:r2|regX:gen_reg[2].u_reg|q_out[5]                                                                                                            ; regX:r2_1|q_out[5]                                                                                                                                    ; clk          ; clk         ; 1.000        ; -0.037     ; 0.375      ;
; 0.576  ; regChain:r2|regX:gen_reg[0].u_reg|q_out[0]                                                                                                            ; regChain:r2|regX:gen_reg[1].u_reg|q_out[0]                                                                                                            ; clk          ; clk         ; 1.000        ; -0.036     ; 0.375      ;
; 0.576  ; regChain:r2|regX:gen_reg[0].u_reg|q_out[1]                                                                                                            ; regChain:r2|regX:gen_reg[1].u_reg|q_out[1]                                                                                                            ; clk          ; clk         ; 1.000        ; -0.037     ; 0.374      ;
; 0.576  ; regChain:r2|regX:gen_reg[2].u_reg|q_out[3]                                                                                                            ; regX:r2_1|q_out[3]                                                                                                                                    ; clk          ; clk         ; 1.000        ; -0.036     ; 0.375      ;
; 0.576  ; regChain:r2|regX:gen_reg[2].u_reg|q_out[6]                                                                                                            ; regX:r2_1|q_out[6]                                                                                                                                    ; clk          ; clk         ; 1.000        ; -0.037     ; 0.374      ;
; 0.576  ; regChain:r2|regX:gen_reg[2].u_reg|q_out[7]                                                                                                            ; regX:r2_1|q_out[7]                                                                                                                                    ; clk          ; clk         ; 1.000        ; -0.037     ; 0.374      ;
; 0.576  ; regChain:r2|regX:gen_reg[1].u_reg|q_out[7]                                                                                                            ; regChain:r2|regX:gen_reg[2].u_reg|q_out[7]                                                                                                            ; clk          ; clk         ; 1.000        ; -0.037     ; 0.374      ;
; 0.577  ; regChain:r2|regX:gen_reg[0].u_reg|q_out[3]                                                                                                            ; regChain:r2|regX:gen_reg[1].u_reg|q_out[3]                                                                                                            ; clk          ; clk         ; 1.000        ; -0.036     ; 0.374      ;
; 0.577  ; regChain:r2|regX:gen_reg[2].u_reg|q_out[4]                                                                                                            ; regX:r2_1|q_out[4]                                                                                                                                    ; clk          ; clk         ; 1.000        ; -0.037     ; 0.373      ;
; 0.577  ; regChain:r2|regX:gen_reg[0].u_reg|q_out[6]                                                                                                            ; regChain:r2|regX:gen_reg[1].u_reg|q_out[6]                                                                                                            ; clk          ; clk         ; 1.000        ; -0.037     ; 0.373      ;
; 0.578  ; regChain:r2|regX:gen_reg[2].u_reg|q_out[1]                                                                                                            ; regX:r2_1|q_out[1]                                                                                                                                    ; clk          ; clk         ; 1.000        ; -0.037     ; 0.372      ;
; 0.578  ; regChain:r2|regX:gen_reg[1].u_reg|q_out[1]                                                                                                            ; regChain:r2|regX:gen_reg[2].u_reg|q_out[1]                                                                                                            ; clk          ; clk         ; 1.000        ; -0.037     ; 0.372      ;
; 0.578  ; regChain:r2|regX:gen_reg[1].u_reg|q_out[5]                                                                                                            ; regChain:r2|regX:gen_reg[2].u_reg|q_out[5]                                                                                                            ; clk          ; clk         ; 1.000        ; -0.037     ; 0.372      ;
; 0.578  ; regChain:r2|regX:gen_reg[0].u_reg|q_out[5]                                                                                                            ; regChain:r2|regX:gen_reg[1].u_reg|q_out[5]                                                                                                            ; clk          ; clk         ; 1.000        ; -0.037     ; 0.372      ;
; 0.578  ; regChain:r2|regX:gen_reg[1].u_reg|q_out[6]                                                                                                            ; regChain:r2|regX:gen_reg[2].u_reg|q_out[6]                                                                                                            ; clk          ; clk         ; 1.000        ; -0.037     ; 0.372      ;
; 0.578  ; regChain:r2|regX:gen_reg[0].u_reg|q_out[7]                                                                                                            ; regChain:r2|regX:gen_reg[1].u_reg|q_out[7]                                                                                                            ; clk          ; clk         ; 1.000        ; -0.037     ; 0.372      ;
; 0.579  ; regChain:r2|regX:gen_reg[2].u_reg|q_out[0]                                                                                                            ; regX:r2_1|q_out[0]                                                                                                                                    ; clk          ; clk         ; 1.000        ; -0.036     ; 0.372      ;
; 0.579  ; regChain:r2|regX:gen_reg[2].u_reg|q_out[2]                                                                                                            ; regX:r2_1|q_out[2]                                                                                                                                    ; clk          ; clk         ; 1.000        ; -0.036     ; 0.372      ;
; 0.579  ; regChain:r2|regX:gen_reg[1].u_reg|q_out[2]                                                                                                            ; regChain:r2|regX:gen_reg[2].u_reg|q_out[2]                                                                                                            ; clk          ; clk         ; 1.000        ; -0.036     ; 0.372      ;
; 0.580  ; regChain:r2|regX:gen_reg[1].u_reg|q_out[0]                                                                                                            ; regChain:r2|regX:gen_reg[2].u_reg|q_out[0]                                                                                                            ; clk          ; clk         ; 1.000        ; -0.036     ; 0.371      ;
; 0.587  ; regChain:r1|regX:gen_reg[0].u_reg|q_out[0]                                                                                                            ; regChain:r1|regX:gen_reg[1].u_reg|altshift_taps:q_out_rtl_0|shift_taps_0jm:auto_generated|altsyncram_uua1:altsyncram2|ram_block5a0~porta_datain_reg0  ; clk          ; clk         ; 1.000        ; 0.147      ; 0.569      ;
; 0.589  ; regChain:r1|regX:gen_reg[0].u_reg|q_out[2]                                                                                                            ; regChain:r1|regX:gen_reg[1].u_reg|altshift_taps:q_out_rtl_0|shift_taps_0jm:auto_generated|altsyncram_uua1:altsyncram2|ram_block5a0~porta_datain_reg0  ; clk          ; clk         ; 1.000        ; 0.147      ; 0.567      ;
; 0.591  ; regChain:r1|regX:gen_reg[0].u_reg|q_out[6]                                                                                                            ; regChain:r1|regX:gen_reg[1].u_reg|altshift_taps:q_out_rtl_0|shift_taps_0jm:auto_generated|altsyncram_uua1:altsyncram2|ram_block5a0~porta_datain_reg0  ; clk          ; clk         ; 1.000        ; 0.140      ; 0.558      ;
; 0.595  ; regChain:r1|regX:gen_reg[0].u_reg|q_out[7]                                                                                                            ; regChain:r1|regX:gen_reg[1].u_reg|altshift_taps:q_out_rtl_0|shift_taps_0jm:auto_generated|altsyncram_uua1:altsyncram2|ram_block5a0~porta_datain_reg0  ; clk          ; clk         ; 1.000        ; 0.147      ; 0.561      ;
; 0.604  ; regChain:r1|regX:gen_reg[0].u_reg|q_out[5]                                                                                                            ; regChain:r1|regX:gen_reg[1].u_reg|altshift_taps:q_out_rtl_0|shift_taps_0jm:auto_generated|altsyncram_uua1:altsyncram2|ram_block5a0~porta_datain_reg0  ; clk          ; clk         ; 1.000        ; 0.147      ; 0.552      ;
; 0.607  ; regChain:r1|regX:gen_reg[0].u_reg|q_out[1]                                                                                                            ; regChain:r1|regX:gen_reg[1].u_reg|altshift_taps:q_out_rtl_0|shift_taps_0jm:auto_generated|altsyncram_uua1:altsyncram2|ram_block5a0~porta_datain_reg0  ; clk          ; clk         ; 1.000        ; 0.140      ; 0.542      ;
; 0.607  ; regChain:r1|regX:gen_reg[0].u_reg|q_out[3]                                                                                                            ; regChain:r1|regX:gen_reg[1].u_reg|altshift_taps:q_out_rtl_0|shift_taps_0jm:auto_generated|altsyncram_uua1:altsyncram2|ram_block5a0~porta_datain_reg0  ; clk          ; clk         ; 1.000        ; 0.147      ; 0.549      ;
+--------+-------------------------------------------------------------------------------------------------------------------------------------------------------+-------------------------------------------------------------------------------------------------------------------------------------------------------+--------------+-------------+--------------+------------+------------+


+---------------------------------------------------------------------------------------------------------------------------------------------------------------------------------------------------------------------------------------------------------------------------------------------------------------------------------------------------------------------------------------------+
; Fast 1200mV 0C Model Hold: 'clk'                                                                                                                                                                                                                                                                                                                                                            ;
+-------+-------------------------------------------------------------------------------------------------------------------------------------------------------+-------------------------------------------------------------------------------------------------------------------------------------------------------+--------------+-------------+--------------+------------+------------+
; Slack ; From Node                                                                                                                                             ; To Node                                                                                                                                               ; Launch Clock ; Latch Clock ; Relationship ; Clock Skew ; Data Delay ;
+-------+-------------------------------------------------------------------------------------------------------------------------------------------------------+-------------------------------------------------------------------------------------------------------------------------------------------------------+--------------+-------------+--------------+------------+------------+
; 0.132 ; regChain:r1|regX:gen_reg[0].u_reg|q_out[3]                                                                                                            ; regChain:r1|regX:gen_reg[1].u_reg|altshift_taps:q_out_rtl_0|shift_taps_0jm:auto_generated|altsyncram_uua1:altsyncram2|ram_block5a0~porta_datain_reg0  ; clk          ; clk         ; 0.000        ; 0.228      ; 0.464      ;
; 0.135 ; regChain:r1|regX:gen_reg[0].u_reg|q_out[5]                                                                                                            ; regChain:r1|regX:gen_reg[1].u_reg|altshift_taps:q_out_rtl_0|shift_taps_0jm:auto_generated|altsyncram_uua1:altsyncram2|ram_block5a0~porta_datain_reg0  ; clk          ; clk         ; 0.000        ; 0.228      ; 0.467      ;
; 0.143 ; regChain:r1|regX:gen_reg[0].u_reg|q_out[1]                                                                                                            ; regChain:r1|regX:gen_reg[1].u_reg|altshift_taps:q_out_rtl_0|shift_taps_0jm:auto_generated|altsyncram_uua1:altsyncram2|ram_block5a0~porta_datain_reg0  ; clk          ; clk         ; 0.000        ; 0.221      ; 0.468      ;
; 0.146 ; regChain:r1|regX:gen_reg[0].u_reg|q_out[2]                                                                                                            ; regChain:r1|regX:gen_reg[1].u_reg|altshift_taps:q_out_rtl_0|shift_taps_0jm:auto_generated|altsyncram_uua1:altsyncram2|ram_block5a0~porta_datain_reg0  ; clk          ; clk         ; 0.000        ; 0.228      ; 0.478      ;
; 0.146 ; regChain:r1|regX:gen_reg[0].u_reg|q_out[7]                                                                                                            ; regChain:r1|regX:gen_reg[1].u_reg|altshift_taps:q_out_rtl_0|shift_taps_0jm:auto_generated|altsyncram_uua1:altsyncram2|ram_block5a0~porta_datain_reg0  ; clk          ; clk         ; 0.000        ; 0.228      ; 0.478      ;
; 0.147 ; regChain:r1|regX:gen_reg[0].u_reg|q_out[0]                                                                                                            ; regChain:r1|regX:gen_reg[1].u_reg|altshift_taps:q_out_rtl_0|shift_taps_0jm:auto_generated|altsyncram_uua1:altsyncram2|ram_block5a0~porta_datain_reg0  ; clk          ; clk         ; 0.000        ; 0.228      ; 0.479      ;
; 0.149 ; regChain:r1|regX:gen_reg[0].u_reg|q_out[6]                                                                                                            ; regChain:r1|regX:gen_reg[1].u_reg|altshift_taps:q_out_rtl_0|shift_taps_0jm:auto_generated|altsyncram_uua1:altsyncram2|ram_block5a0~porta_datain_reg0  ; clk          ; clk         ; 0.000        ; 0.221      ; 0.474      ;
; 0.169 ; regChain:r1|regX:gen_reg[0].u_reg|q_out[4]                                                                                                            ; regChain:r1|regX:gen_reg[1].u_reg|altshift_taps:q_out_rtl_0|shift_taps_0jm:auto_generated|altsyncram_uua1:altsyncram2|ram_block5a0~porta_datain_reg0  ; clk          ; clk         ; 0.000        ; 0.221      ; 0.494      ;
; 0.169 ; regChain:r1|regX:gen_reg[1].u_reg|altshift_taps:q_out_rtl_0|shift_taps_0jm:auto_generated|cntr_4pf:cntr1|counter_reg_bit[0]                           ; regChain:r1|regX:gen_reg[1].u_reg|altshift_taps:q_out_rtl_0|shift_taps_0jm:auto_generated|altsyncram_uua1:altsyncram2|ram_block5a0~portb_address_reg0 ; clk          ; clk         ; 0.000        ; 0.228      ; 0.501      ;
; 0.170 ; regChain:r1|regX:gen_reg[1].u_reg|altshift_taps:q_out_rtl_0|shift_taps_0jm:auto_generated|cntr_4pf:cntr1|counter_reg_bit[0]                           ; regChain:r1|regX:gen_reg[1].u_reg|altshift_taps:q_out_rtl_0|shift_taps_0jm:auto_generated|altsyncram_uua1:altsyncram2|ram_block5a0~porta_address_reg0 ; clk          ; clk         ; 0.000        ; 0.226      ; 0.500      ;
; 0.193 ; regChain:r2|regX:gen_reg[2].u_reg|q_out[0]                                                                                                            ; regX:r2_1|q_out[0]                                                                                                                                    ; clk          ; clk         ; 0.000        ; 0.036      ; 0.313      ;
; 0.193 ; regChain:r2|regX:gen_reg[1].u_reg|q_out[0]                                                                                                            ; regChain:r2|regX:gen_reg[2].u_reg|q_out[0]                                                                                                            ; clk          ; clk         ; 0.000        ; 0.036      ; 0.313      ;
; 0.193 ; regChain:r2|regX:gen_reg[2].u_reg|q_out[1]                                                                                                            ; regX:r2_1|q_out[1]                                                                                                                                    ; clk          ; clk         ; 0.000        ; 0.037      ; 0.314      ;
; 0.193 ; regChain:r2|regX:gen_reg[1].u_reg|q_out[1]                                                                                                            ; regChain:r2|regX:gen_reg[2].u_reg|q_out[1]                                                                                                            ; clk          ; clk         ; 0.000        ; 0.037      ; 0.314      ;
; 0.193 ; regChain:r2|regX:gen_reg[2].u_reg|q_out[4]                                                                                                            ; regX:r2_1|q_out[4]                                                                                                                                    ; clk          ; clk         ; 0.000        ; 0.037      ; 0.314      ;
; 0.193 ; regChain:r2|regX:gen_reg[1].u_reg|q_out[5]                                                                                                            ; regChain:r2|regX:gen_reg[2].u_reg|q_out[5]                                                                                                            ; clk          ; clk         ; 0.000        ; 0.037      ; 0.314      ;
; 0.193 ; regChain:r2|regX:gen_reg[0].u_reg|q_out[5]                                                                                                            ; regChain:r2|regX:gen_reg[1].u_reg|q_out[5]                                                                                                            ; clk          ; clk         ; 0.000        ; 0.037      ; 0.314      ;
; 0.193 ; regChain:r2|regX:gen_reg[1].u_reg|q_out[6]                                                                                                            ; regChain:r2|regX:gen_reg[2].u_reg|q_out[6]                                                                                                            ; clk          ; clk         ; 0.000        ; 0.037      ; 0.314      ;
; 0.193 ; regChain:r2|regX:gen_reg[0].u_reg|q_out[6]                                                                                                            ; regChain:r2|regX:gen_reg[1].u_reg|q_out[6]                                                                                                            ; clk          ; clk         ; 0.000        ; 0.037      ; 0.314      ;
; 0.193 ; regChain:r2|regX:gen_reg[0].u_reg|q_out[7]                                                                                                            ; regChain:r2|regX:gen_reg[1].u_reg|q_out[7]                                                                                                            ; clk          ; clk         ; 0.000        ; 0.037      ; 0.314      ;
; 0.194 ; regChain:r2|regX:gen_reg[0].u_reg|q_out[1]                                                                                                            ; regChain:r2|regX:gen_reg[1].u_reg|q_out[1]                                                                                                            ; clk          ; clk         ; 0.000        ; 0.037      ; 0.315      ;
; 0.194 ; regChain:r2|regX:gen_reg[2].u_reg|q_out[2]                                                                                                            ; regX:r2_1|q_out[2]                                                                                                                                    ; clk          ; clk         ; 0.000        ; 0.036      ; 0.314      ;
; 0.194 ; regChain:r2|regX:gen_reg[1].u_reg|q_out[2]                                                                                                            ; regChain:r2|regX:gen_reg[2].u_reg|q_out[2]                                                                                                            ; clk          ; clk         ; 0.000        ; 0.036      ; 0.314      ;
; 0.194 ; regChain:r2|regX:gen_reg[2].u_reg|q_out[5]                                                                                                            ; regX:r2_1|q_out[5]                                                                                                                                    ; clk          ; clk         ; 0.000        ; 0.037      ; 0.315      ;
; 0.194 ; regChain:r2|regX:gen_reg[2].u_reg|q_out[6]                                                                                                            ; regX:r2_1|q_out[6]                                                                                                                                    ; clk          ; clk         ; 0.000        ; 0.037      ; 0.315      ;
; 0.194 ; regChain:r2|regX:gen_reg[2].u_reg|q_out[7]                                                                                                            ; regX:r2_1|q_out[7]                                                                                                                                    ; clk          ; clk         ; 0.000        ; 0.037      ; 0.315      ;
; 0.194 ; regChain:r2|regX:gen_reg[1].u_reg|q_out[7]                                                                                                            ; regChain:r2|regX:gen_reg[2].u_reg|q_out[7]                                                                                                            ; clk          ; clk         ; 0.000        ; 0.037      ; 0.315      ;
; 0.195 ; regChain:r2|regX:gen_reg[0].u_reg|q_out[3]                                                                                                            ; regChain:r2|regX:gen_reg[1].u_reg|q_out[3]                                                                                                            ; clk          ; clk         ; 0.000        ; 0.036      ; 0.315      ;
; 0.196 ; regChain:r2|regX:gen_reg[0].u_reg|q_out[0]                                                                                                            ; regChain:r2|regX:gen_reg[1].u_reg|q_out[0]                                                                                                            ; clk          ; clk         ; 0.000        ; 0.036      ; 0.316      ;
; 0.196 ; regChain:r2|regX:gen_reg[2].u_reg|q_out[3]                                                                                                            ; regX:r2_1|q_out[3]                                                                                                                                    ; clk          ; clk         ; 0.000        ; 0.036      ; 0.316      ;
; 0.196 ; regChain:r2|regX:gen_reg[0].u_reg|q_out[4]                                                                                                            ; regChain:r2|regX:gen_reg[1].u_reg|q_out[4]                                                                                                            ; clk          ; clk         ; 0.000        ; 0.037      ; 0.317      ;
; 0.204 ; regX:r2_1|q_out[5]                                                                                                                                    ; regChain:r2|regX:gen_reg[0].u_reg|q_out[5]                                                                                                            ; clk          ; clk         ; 0.000        ; 0.037      ; 0.325      ;
; 0.204 ; regX:r2_1|q_out[7]                                                                                                                                    ; regChain:r2|regX:gen_reg[0].u_reg|q_out[7]                                                                                                            ; clk          ; clk         ; 0.000        ; 0.037      ; 0.325      ;
; 0.205 ; regX:r2_1|q_out[1]                                                                                                                                    ; regChain:r2|regX:gen_reg[0].u_reg|q_out[1]                                                                                                            ; clk          ; clk         ; 0.000        ; 0.037      ; 0.326      ;
; 0.205 ; regX:r2_1|q_out[2]                                                                                                                                    ; regChain:r2|regX:gen_reg[0].u_reg|q_out[2]                                                                                                            ; clk          ; clk         ; 0.000        ; 0.036      ; 0.325      ;
; 0.205 ; regX:r2_1|q_out[3]                                                                                                                                    ; regChain:r2|regX:gen_reg[0].u_reg|q_out[3]                                                                                                            ; clk          ; clk         ; 0.000        ; 0.036      ; 0.325      ;
; 0.206 ; regX:r2_1|q_out[6]                                                                                                                                    ; regChain:r2|regX:gen_reg[0].u_reg|q_out[6]                                                                                                            ; clk          ; clk         ; 0.000        ; 0.037      ; 0.327      ;
; 0.207 ; regX:r2_1|q_out[0]                                                                                                                                    ; regChain:r2|regX:gen_reg[0].u_reg|q_out[0]                                                                                                            ; clk          ; clk         ; 0.000        ; 0.036      ; 0.327      ;
; 0.208 ; regChain:r1|regX:gen_reg[1].u_reg|altshift_taps:q_out_rtl_0|shift_taps_0jm:auto_generated|cntr_4pf:cntr1|counter_reg_bit[0]                           ; regChain:r1|regX:gen_reg[1].u_reg|altshift_taps:q_out_rtl_0|shift_taps_0jm:auto_generated|cntr_4pf:cntr1|counter_reg_bit[0]                           ; clk          ; clk         ; 0.000        ; 0.037      ; 0.329      ;
; 0.251 ; regChain:r2|regX:gen_reg[1].u_reg|q_out[4]                                                                                                            ; regChain:r2|regX:gen_reg[2].u_reg|q_out[4]                                                                                                            ; clk          ; clk         ; 0.000        ; 0.037      ; 0.372      ;
; 0.252 ; regChain:r2|regX:gen_reg[1].u_reg|q_out[3]                                                                                                            ; regChain:r2|regX:gen_reg[2].u_reg|q_out[3]                                                                                                            ; clk          ; clk         ; 0.000        ; 0.036      ; 0.372      ;
; 0.254 ; regChain:r2|regX:gen_reg[0].u_reg|q_out[2]                                                                                                            ; regChain:r2|regX:gen_reg[1].u_reg|q_out[2]                                                                                                            ; clk          ; clk         ; 0.000        ; 0.036      ; 0.374      ;
; 0.266 ; regX:r2_1|q_out[4]                                                                                                                                    ; regChain:r2|regX:gen_reg[0].u_reg|q_out[4]                                                                                                            ; clk          ; clk         ; 0.000        ; 0.037      ; 0.387      ;
; 0.293 ; regChain:r1|regX:gen_reg[1].u_reg|altshift_taps:q_out_rtl_0|shift_taps_0jm:auto_generated|cntr_r8h:cntr3|counter_reg_bit[1]                           ; regChain:r1|regX:gen_reg[1].u_reg|altshift_taps:q_out_rtl_0|shift_taps_0jm:auto_generated|cntr_r8h:cntr3|counter_reg_bit[1]                           ; clk          ; clk         ; 0.000        ; 0.037      ; 0.414      ;
; 0.306 ; regChain:r1|regX:gen_reg[1].u_reg|altshift_taps:q_out_rtl_0|shift_taps_0jm:auto_generated|cntr_r8h:cntr3|counter_reg_bit[0]                           ; regChain:r1|regX:gen_reg[1].u_reg|altshift_taps:q_out_rtl_0|shift_taps_0jm:auto_generated|cntr_r8h:cntr3|counter_reg_bit[0]                           ; clk          ; clk         ; 0.000        ; 0.037      ; 0.427      ;
; 0.385 ; regChain:r34|regX:gen_reg[0].u_reg|q_out[7]                                                                                                           ; regChain:r34|regX:gen_reg[1].u_reg|q_out[7]                                                                                                           ; clk          ; clk         ; 0.000        ; -0.155     ; 0.314      ;
; 0.385 ; regChain:r34|regX:gen_reg[0].u_reg|q_out[5]                                                                                                           ; regChain:r34|regX:gen_reg[1].u_reg|q_out[5]                                                                                                           ; clk          ; clk         ; 0.000        ; -0.155     ; 0.314      ;
; 0.385 ; regChain:r34|regX:gen_reg[0].u_reg|q_out[3]                                                                                                           ; regChain:r34|regX:gen_reg[1].u_reg|q_out[3]                                                                                                           ; clk          ; clk         ; 0.000        ; -0.155     ; 0.314      ;
; 0.385 ; regChain:r34|regX:gen_reg[0].u_reg|q_out[2]                                                                                                           ; regChain:r34|regX:gen_reg[1].u_reg|q_out[2]                                                                                                           ; clk          ; clk         ; 0.000        ; -0.155     ; 0.314      ;
; 0.386 ; regChain:r34|regX:gen_reg[0].u_reg|q_out[4]                                                                                                           ; regChain:r34|regX:gen_reg[1].u_reg|q_out[4]                                                                                                           ; clk          ; clk         ; 0.000        ; -0.156     ; 0.314      ;
; 0.386 ; regChain:r34|regX:gen_reg[0].u_reg|q_out[1]                                                                                                           ; regChain:r34|regX:gen_reg[1].u_reg|q_out[1]                                                                                                           ; clk          ; clk         ; 0.000        ; -0.156     ; 0.314      ;
; 0.386 ; regChain:r34|regX:gen_reg[0].u_reg|q_out[0]                                                                                                           ; regChain:r34|regX:gen_reg[1].u_reg|q_out[0]                                                                                                           ; clk          ; clk         ; 0.000        ; -0.156     ; 0.314      ;
; 0.387 ; regChain:r34|regX:gen_reg[0].u_reg|q_out[6]                                                                                                           ; regChain:r34|regX:gen_reg[1].u_reg|q_out[6]                                                                                                           ; clk          ; clk         ; 0.000        ; -0.157     ; 0.314      ;
; 0.443 ; regChain:r1|regX:gen_reg[1].u_reg|altshift_taps:q_out_rtl_0|shift_taps_0jm:auto_generated|cntr_r8h:cntr3|counter_reg_bit[0]                           ; regChain:r1|regX:gen_reg[1].u_reg|altshift_taps:q_out_rtl_0|shift_taps_0jm:auto_generated|cntr_r8h:cntr3|counter_reg_bit[1]                           ; clk          ; clk         ; 0.000        ; 0.037      ; 0.564      ;
; 0.599 ; regChain:r1|regX:gen_reg[1].u_reg|altshift_taps:q_out_rtl_0|shift_taps_0jm:auto_generated|cntr_r8h:cntr3|counter_reg_bit[1]                           ; regChain:r1|regX:gen_reg[1].u_reg|altshift_taps:q_out_rtl_0|shift_taps_0jm:auto_generated|dffe4                                                       ; clk          ; clk         ; 0.000        ; 0.037      ; 0.720      ;
; 0.681 ; regChain:r1|regX:gen_reg[1].u_reg|altshift_taps:q_out_rtl_0|shift_taps_0jm:auto_generated|cntr_r8h:cntr3|counter_reg_bit[0]                           ; regChain:r1|regX:gen_reg[1].u_reg|altshift_taps:q_out_rtl_0|shift_taps_0jm:auto_generated|dffe4                                                       ; clk          ; clk         ; 0.000        ; 0.037      ; 0.802      ;
; 0.883 ; regChain:r1|regX:gen_reg[1].u_reg|altshift_taps:q_out_rtl_0|shift_taps_0jm:auto_generated|cntr_r8h:cntr3|counter_reg_bit[1]                           ; regChain:r1|regX:gen_reg[1].u_reg|altshift_taps:q_out_rtl_0|shift_taps_0jm:auto_generated|cntr_r8h:cntr3|counter_reg_bit[0]                           ; clk          ; clk         ; 0.000        ; 0.037      ; 1.004      ;
; 1.068 ; regChain:r1|regX:gen_reg[1].u_reg|altshift_taps:q_out_rtl_0|shift_taps_0jm:auto_generated|altsyncram_uua1:altsyncram2|ram_block5a0~portb_address_reg0 ; regChain:r1|regX:gen_reg[1].u_reg|altshift_taps:q_out_rtl_0|shift_taps_0jm:auto_generated|altsyncram_uua1:altsyncram2|ram_block5a7                    ; clk          ; clk         ; 0.000        ; 0.011      ; 1.169      ;
; 1.068 ; regChain:r1|regX:gen_reg[1].u_reg|altshift_taps:q_out_rtl_0|shift_taps_0jm:auto_generated|altsyncram_uua1:altsyncram2|ram_block5a0~portb_address_reg0 ; regChain:r1|regX:gen_reg[1].u_reg|altshift_taps:q_out_rtl_0|shift_taps_0jm:auto_generated|altsyncram_uua1:altsyncram2|ram_block5a6                    ; clk          ; clk         ; 0.000        ; 0.011      ; 1.169      ;
; 1.068 ; regChain:r1|regX:gen_reg[1].u_reg|altshift_taps:q_out_rtl_0|shift_taps_0jm:auto_generated|altsyncram_uua1:altsyncram2|ram_block5a0~portb_address_reg0 ; regChain:r1|regX:gen_reg[1].u_reg|altshift_taps:q_out_rtl_0|shift_taps_0jm:auto_generated|altsyncram_uua1:altsyncram2|ram_block5a5                    ; clk          ; clk         ; 0.000        ; 0.011      ; 1.169      ;
; 1.068 ; regChain:r1|regX:gen_reg[1].u_reg|altshift_taps:q_out_rtl_0|shift_taps_0jm:auto_generated|altsyncram_uua1:altsyncram2|ram_block5a0~portb_address_reg0 ; regChain:r1|regX:gen_reg[1].u_reg|altshift_taps:q_out_rtl_0|shift_taps_0jm:auto_generated|altsyncram_uua1:altsyncram2|ram_block5a4                    ; clk          ; clk         ; 0.000        ; 0.011      ; 1.169      ;
; 1.068 ; regChain:r1|regX:gen_reg[1].u_reg|altshift_taps:q_out_rtl_0|shift_taps_0jm:auto_generated|altsyncram_uua1:altsyncram2|ram_block5a0~portb_address_reg0 ; regChain:r1|regX:gen_reg[1].u_reg|altshift_taps:q_out_rtl_0|shift_taps_0jm:auto_generated|altsyncram_uua1:altsyncram2|ram_block5a3                    ; clk          ; clk         ; 0.000        ; 0.011      ; 1.169      ;
; 1.068 ; regChain:r1|regX:gen_reg[1].u_reg|altshift_taps:q_out_rtl_0|shift_taps_0jm:auto_generated|altsyncram_uua1:altsyncram2|ram_block5a0~portb_address_reg0 ; regChain:r1|regX:gen_reg[1].u_reg|altshift_taps:q_out_rtl_0|shift_taps_0jm:auto_generated|altsyncram_uua1:altsyncram2|ram_block5a2                    ; clk          ; clk         ; 0.000        ; 0.011      ; 1.169      ;
; 1.068 ; regChain:r1|regX:gen_reg[1].u_reg|altshift_taps:q_out_rtl_0|shift_taps_0jm:auto_generated|altsyncram_uua1:altsyncram2|ram_block5a0~portb_address_reg0 ; regChain:r1|regX:gen_reg[1].u_reg|altshift_taps:q_out_rtl_0|shift_taps_0jm:auto_generated|altsyncram_uua1:altsyncram2|ram_block5a1                    ; clk          ; clk         ; 0.000        ; 0.011      ; 1.169      ;
; 1.068 ; regChain:r1|regX:gen_reg[1].u_reg|altshift_taps:q_out_rtl_0|shift_taps_0jm:auto_generated|altsyncram_uua1:altsyncram2|ram_block5a0~portb_address_reg0 ; regChain:r1|regX:gen_reg[1].u_reg|altshift_taps:q_out_rtl_0|shift_taps_0jm:auto_generated|altsyncram_uua1:altsyncram2|ram_block5a0                    ; clk          ; clk         ; 0.000        ; 0.011      ; 1.169      ;
+-------+-------------------------------------------------------------------------------------------------------------------------------------------------------+-------------------------------------------------------------------------------------------------------------------------------------------------------+--------------+-------------+--------------+------------+------------+


+--------------------------------------------------------------------------------------------------------------------------------------------------------------------------------------------------------------------------------------------------------------------------------------------------------------------+
; Fast 1200mV 0C Model Recovery: 'clk'                                                                                                                                                                                                                                                                               ;
+-------+-------------------------------------------------------------------------------------------------+------------------------------------------------------------------------------------------------------------------------------------+--------------+-------------+--------------+------------+------------+
; Slack ; From Node                                                                                       ; To Node                                                                                                                            ; Launch Clock ; Latch Clock ; Relationship ; Clock Skew ; Data Delay ;
+-------+-------------------------------------------------------------------------------------------------+------------------------------------------------------------------------------------------------------------------------------------+--------------+-------------+--------------+------------+------------+
; 0.023 ; regChain:r1|regX:gen_reg[1].u_reg|altshift_taps:q_out_rtl_0|shift_taps_0jm:auto_generated|dffe4 ; regChain:r1|regX:gen_reg[1].u_reg|altshift_taps:q_out_rtl_0|shift_taps_0jm:auto_generated|altsyncram_uua1:altsyncram2|ram_block5a0 ; clk          ; clk         ; 1.000        ; 0.128      ; 1.060      ;
; 0.023 ; regChain:r1|regX:gen_reg[1].u_reg|altshift_taps:q_out_rtl_0|shift_taps_0jm:auto_generated|dffe4 ; regChain:r1|regX:gen_reg[1].u_reg|altshift_taps:q_out_rtl_0|shift_taps_0jm:auto_generated|altsyncram_uua1:altsyncram2|ram_block5a1 ; clk          ; clk         ; 1.000        ; 0.128      ; 1.060      ;
; 0.023 ; regChain:r1|regX:gen_reg[1].u_reg|altshift_taps:q_out_rtl_0|shift_taps_0jm:auto_generated|dffe4 ; regChain:r1|regX:gen_reg[1].u_reg|altshift_taps:q_out_rtl_0|shift_taps_0jm:auto_generated|altsyncram_uua1:altsyncram2|ram_block5a2 ; clk          ; clk         ; 1.000        ; 0.128      ; 1.060      ;
; 0.023 ; regChain:r1|regX:gen_reg[1].u_reg|altshift_taps:q_out_rtl_0|shift_taps_0jm:auto_generated|dffe4 ; regChain:r1|regX:gen_reg[1].u_reg|altshift_taps:q_out_rtl_0|shift_taps_0jm:auto_generated|altsyncram_uua1:altsyncram2|ram_block5a3 ; clk          ; clk         ; 1.000        ; 0.128      ; 1.060      ;
; 0.023 ; regChain:r1|regX:gen_reg[1].u_reg|altshift_taps:q_out_rtl_0|shift_taps_0jm:auto_generated|dffe4 ; regChain:r1|regX:gen_reg[1].u_reg|altshift_taps:q_out_rtl_0|shift_taps_0jm:auto_generated|altsyncram_uua1:altsyncram2|ram_block5a4 ; clk          ; clk         ; 1.000        ; 0.128      ; 1.060      ;
; 0.023 ; regChain:r1|regX:gen_reg[1].u_reg|altshift_taps:q_out_rtl_0|shift_taps_0jm:auto_generated|dffe4 ; regChain:r1|regX:gen_reg[1].u_reg|altshift_taps:q_out_rtl_0|shift_taps_0jm:auto_generated|altsyncram_uua1:altsyncram2|ram_block5a5 ; clk          ; clk         ; 1.000        ; 0.128      ; 1.060      ;
; 0.023 ; regChain:r1|regX:gen_reg[1].u_reg|altshift_taps:q_out_rtl_0|shift_taps_0jm:auto_generated|dffe4 ; regChain:r1|regX:gen_reg[1].u_reg|altshift_taps:q_out_rtl_0|shift_taps_0jm:auto_generated|altsyncram_uua1:altsyncram2|ram_block5a6 ; clk          ; clk         ; 1.000        ; 0.128      ; 1.060      ;
; 0.023 ; regChain:r1|regX:gen_reg[1].u_reg|altshift_taps:q_out_rtl_0|shift_taps_0jm:auto_generated|dffe4 ; regChain:r1|regX:gen_reg[1].u_reg|altshift_taps:q_out_rtl_0|shift_taps_0jm:auto_generated|altsyncram_uua1:altsyncram2|ram_block5a7 ; clk          ; clk         ; 1.000        ; 0.128      ; 1.060      ;
+-------+-------------------------------------------------------------------------------------------------+------------------------------------------------------------------------------------------------------------------------------------+--------------+-------------+--------------+------------+------------+


+--------------------------------------------------------------------------------------------------------------------------------------------------------------------------------------------------------------------------------------------------------------------------------------------------------------------+
; Fast 1200mV 0C Model Removal: 'clk'                                                                                                                                                                                                                                                                                ;
+-------+-------------------------------------------------------------------------------------------------+------------------------------------------------------------------------------------------------------------------------------------+--------------+-------------+--------------+------------+------------+
; Slack ; From Node                                                                                       ; To Node                                                                                                                            ; Launch Clock ; Latch Clock ; Relationship ; Clock Skew ; Data Delay ;
+-------+-------------------------------------------------------------------------------------------------+------------------------------------------------------------------------------------------------------------------------------------+--------------+-------------+--------------+------------+------------+
; 0.684 ; regChain:r1|regX:gen_reg[1].u_reg|altshift_taps:q_out_rtl_0|shift_taps_0jm:auto_generated|dffe4 ; regChain:r1|regX:gen_reg[1].u_reg|altshift_taps:q_out_rtl_0|shift_taps_0jm:auto_generated|altsyncram_uua1:altsyncram2|ram_block5a0 ; clk          ; clk         ; 0.000        ; 0.209      ; 0.983      ;
; 0.684 ; regChain:r1|regX:gen_reg[1].u_reg|altshift_taps:q_out_rtl_0|shift_taps_0jm:auto_generated|dffe4 ; regChain:r1|regX:gen_reg[1].u_reg|altshift_taps:q_out_rtl_0|shift_taps_0jm:auto_generated|altsyncram_uua1:altsyncram2|ram_block5a1 ; clk          ; clk         ; 0.000        ; 0.209      ; 0.983      ;
; 0.684 ; regChain:r1|regX:gen_reg[1].u_reg|altshift_taps:q_out_rtl_0|shift_taps_0jm:auto_generated|dffe4 ; regChain:r1|regX:gen_reg[1].u_reg|altshift_taps:q_out_rtl_0|shift_taps_0jm:auto_generated|altsyncram_uua1:altsyncram2|ram_block5a2 ; clk          ; clk         ; 0.000        ; 0.209      ; 0.983      ;
; 0.684 ; regChain:r1|regX:gen_reg[1].u_reg|altshift_taps:q_out_rtl_0|shift_taps_0jm:auto_generated|dffe4 ; regChain:r1|regX:gen_reg[1].u_reg|altshift_taps:q_out_rtl_0|shift_taps_0jm:auto_generated|altsyncram_uua1:altsyncram2|ram_block5a3 ; clk          ; clk         ; 0.000        ; 0.209      ; 0.983      ;
; 0.684 ; regChain:r1|regX:gen_reg[1].u_reg|altshift_taps:q_out_rtl_0|shift_taps_0jm:auto_generated|dffe4 ; regChain:r1|regX:gen_reg[1].u_reg|altshift_taps:q_out_rtl_0|shift_taps_0jm:auto_generated|altsyncram_uua1:altsyncram2|ram_block5a4 ; clk          ; clk         ; 0.000        ; 0.209      ; 0.983      ;
; 0.684 ; regChain:r1|regX:gen_reg[1].u_reg|altshift_taps:q_out_rtl_0|shift_taps_0jm:auto_generated|dffe4 ; regChain:r1|regX:gen_reg[1].u_reg|altshift_taps:q_out_rtl_0|shift_taps_0jm:auto_generated|altsyncram_uua1:altsyncram2|ram_block5a5 ; clk          ; clk         ; 0.000        ; 0.209      ; 0.983      ;
; 0.684 ; regChain:r1|regX:gen_reg[1].u_reg|altshift_taps:q_out_rtl_0|shift_taps_0jm:auto_generated|dffe4 ; regChain:r1|regX:gen_reg[1].u_reg|altshift_taps:q_out_rtl_0|shift_taps_0jm:auto_generated|altsyncram_uua1:altsyncram2|ram_block5a6 ; clk          ; clk         ; 0.000        ; 0.209      ; 0.983      ;
; 0.684 ; regChain:r1|regX:gen_reg[1].u_reg|altshift_taps:q_out_rtl_0|shift_taps_0jm:auto_generated|dffe4 ; regChain:r1|regX:gen_reg[1].u_reg|altshift_taps:q_out_rtl_0|shift_taps_0jm:auto_generated|altsyncram_uua1:altsyncram2|ram_block5a7 ; clk          ; clk         ; 0.000        ; 0.209      ; 0.983      ;
+-------+-------------------------------------------------------------------------------------------------+------------------------------------------------------------------------------------------------------------------------------------+--------------+-------------+--------------+------------+------------+


----------------------------------------------
; Fast 1200mV 0C Model Metastability Summary ;
----------------------------------------------
The design MTBF is not calculated because there are no specified synchronizers in the design.
Number of Synchronizer Chains Found: 16
Shortest Synchronizer Chain: 2 Registers
Fraction of Chains for which MTBFs Could Not be Calculated: 1.000
Worst Case Available Settling Time: 0.375 ns




+-------------------------------------------------------------------------------+
; Multicorner Timing Analysis Summary                                           ;
+------------------+---------+-------+----------+---------+---------------------+
; Clock            ; Setup   ; Hold  ; Recovery ; Removal ; Minimum Pulse Width ;
+------------------+---------+-------+----------+---------+---------------------+
; Worst-case Slack ; -1.788  ; 0.132 ; -0.727   ; 0.684   ; -3.000              ;
;  clk             ; -1.788  ; 0.132 ; -0.727   ; 0.684   ; -3.000              ;
; Design-wide TNS  ; -18.762 ; 0.0   ; -5.816   ; 0.0     ; -104.626            ;
;  clk             ; -18.762 ; 0.000 ; -5.816   ; 0.000   ; -104.626            ;
+------------------+---------+-------+----------+---------+---------------------+


+------------------------------------------------------------------------------------------------------------------------------------------------------------------------------------------------------------------------------------------------------------------------------------------------------------------------------------------------------------------------------------------------------------------+
; Board Trace Model Assignments                                                                                                                                                                                                                                                                                                                                                                                    ;
+---------------+--------------+-------------------+-------------------------+-------------------------+---------------+---------------------+----------------+------------------+--------+------------------+------------------------+------------------------+--------------+---------------+-----------------+-------+---------------------+--------------------+---------------+-----------------+-------------+
; Pin           ; I/O Standard ; Near Tline Length ; Near Tline L per Length ; Near Tline C per Length ; Near Series R ; Near Differential R ; Near Pull-up R ; Near Pull-down R ; Near C ; Far Tline Length ; Far Tline L per Length ; Far Tline C per Length ; Far Series R ; Far Pull-up R ; Far Pull-down R ; Far C ; Termination Voltage ; Far Differential R ; EBD File Name ; EBD Signal Name ; EBD Far-end ;
+---------------+--------------+-------------------+-------------------------+-------------------------+---------------+---------------------+----------------+------------------+--------+------------------+------------------------+------------------------+--------------+---------------+-----------------+-------+---------------------+--------------------+---------------+-----------------+-------------+
; a_j2[0]       ; 2.5 V        ; 0 in              ; 0 H/in                  ; 0 F/in                  ; short         ; -                   ; open           ; open             ; open   ; 0 in             ; 0 H/in                 ; 0 F/in                 ; short        ; open          ; open            ; open  ; 0 V                 ; -                  ; n/a           ; n/a             ; n/a         ;
; a_j2[1]       ; 2.5 V        ; 0 in              ; 0 H/in                  ; 0 F/in                  ; short         ; -                   ; open           ; open             ; open   ; 0 in             ; 0 H/in                 ; 0 F/in                 ; short        ; open          ; open            ; open  ; 0 V                 ; -                  ; n/a           ; n/a             ; n/a         ;
; a_j2[2]       ; 2.5 V        ; 0 in              ; 0 H/in                  ; 0 F/in                  ; short         ; -                   ; open           ; open             ; open   ; 0 in             ; 0 H/in                 ; 0 F/in                 ; short        ; open          ; open            ; open  ; 0 V                 ; -                  ; n/a           ; n/a             ; n/a         ;
; a_j2[3]       ; 2.5 V        ; 0 in              ; 0 H/in                  ; 0 F/in                  ; short         ; -                   ; open           ; open             ; open   ; 0 in             ; 0 H/in                 ; 0 F/in                 ; short        ; open          ; open            ; open  ; 0 V                 ; -                  ; n/a           ; n/a             ; n/a         ;
; a_j2[4]       ; 2.5 V        ; 0 in              ; 0 H/in                  ; 0 F/in                  ; short         ; -                   ; open           ; open             ; open   ; 0 in             ; 0 H/in                 ; 0 F/in                 ; short        ; open          ; open            ; open  ; 0 V                 ; -                  ; n/a           ; n/a             ; n/a         ;
; a_j2[5]       ; 2.5 V        ; 0 in              ; 0 H/in                  ; 0 F/in                  ; short         ; -                   ; open           ; open             ; open   ; 0 in             ; 0 H/in                 ; 0 F/in                 ; short        ; open          ; open            ; open  ; 0 V                 ; -                  ; n/a           ; n/a             ; n/a         ;
; a_j2[6]       ; 2.5 V        ; 0 in              ; 0 H/in                  ; 0 F/in                  ; short         ; -                   ; open           ; open             ; open   ; 0 in             ; 0 H/in                 ; 0 F/in                 ; short        ; open          ; open            ; open  ; 0 V                 ; -                  ; n/a           ; n/a             ; n/a         ;
; a_j2[7]       ; 2.5 V        ; 0 in              ; 0 H/in                  ; 0 F/in                  ; short         ; -                   ; open           ; open             ; open   ; 0 in             ; 0 H/in                 ; 0 F/in                 ; short        ; open          ; open            ; open  ; 0 V                 ; -                  ; n/a           ; n/a             ; n/a         ;
; b_j2[0]       ; 2.5 V        ; 0 in              ; 0 H/in                  ; 0 F/in                  ; short         ; -                   ; open           ; open             ; open   ; 0 in             ; 0 H/in                 ; 0 F/in                 ; short        ; open          ; open            ; open  ; 0 V                 ; -                  ; n/a           ; n/a             ; n/a         ;
; b_j2[1]       ; 2.5 V        ; 0 in              ; 0 H/in                  ; 0 F/in                  ; short         ; -                   ; open           ; open             ; open   ; 0 in             ; 0 H/in                 ; 0 F/in                 ; short        ; open          ; open            ; open  ; 0 V                 ; -                  ; n/a           ; n/a             ; n/a         ;
; b_j2[2]       ; 2.5 V        ; 0 in              ; 0 H/in                  ; 0 F/in                  ; short         ; -                   ; open           ; open             ; open   ; 0 in             ; 0 H/in                 ; 0 F/in                 ; short        ; open          ; open            ; open  ; 0 V                 ; -                  ; n/a           ; n/a             ; n/a         ;
; b_j2[3]       ; 2.5 V        ; 0 in              ; 0 H/in                  ; 0 F/in                  ; short         ; -                   ; open           ; open             ; open   ; 0 in             ; 0 H/in                 ; 0 F/in                 ; short        ; open          ; open            ; open  ; 0 V                 ; -                  ; n/a           ; n/a             ; n/a         ;
; b_j2[4]       ; 2.5 V        ; 0 in              ; 0 H/in                  ; 0 F/in                  ; short         ; -                   ; open           ; open             ; open   ; 0 in             ; 0 H/in                 ; 0 F/in                 ; short        ; open          ; open            ; open  ; 0 V                 ; -                  ; n/a           ; n/a             ; n/a         ;
; b_j2[5]       ; 2.5 V        ; 0 in              ; 0 H/in                  ; 0 F/in                  ; short         ; -                   ; open           ; open             ; open   ; 0 in             ; 0 H/in                 ; 0 F/in                 ; short        ; open          ; open            ; open  ; 0 V                 ; -                  ; n/a           ; n/a             ; n/a         ;
; b_j2[6]       ; 2.5 V        ; 0 in              ; 0 H/in                  ; 0 F/in                  ; short         ; -                   ; open           ; open             ; open   ; 0 in             ; 0 H/in                 ; 0 F/in                 ; short        ; open          ; open            ; open  ; 0 V                 ; -                  ; n/a           ; n/a             ; n/a         ;
; b_j2[7]       ; 2.5 V        ; 0 in              ; 0 H/in                  ; 0 F/in                  ; short         ; -                   ; open           ; open             ; open   ; 0 in             ; 0 H/in                 ; 0 F/in                 ; short        ; open          ; open            ; open  ; 0 V                 ; -                  ; n/a           ; n/a             ; n/a         ;
; alpha_j1      ; 2.5 V        ; 0 in              ; 0 H/in                  ; 0 F/in                  ; short         ; -                   ; open           ; open             ; open   ; 0 in             ; 0 H/in                 ; 0 F/in                 ; short        ; open          ; open            ; open  ; 0 V                 ; -                  ; n/a           ; n/a             ; n/a         ;
; beta_j1       ; 2.5 V        ; 0 in              ; 0 H/in                  ; 0 F/in                  ; short         ; -                   ; open           ; open             ; open   ; 0 in             ; 0 H/in                 ; 0 F/in                 ; short        ; open          ; open            ; open  ; 0 V                 ; -                  ; n/a           ; n/a             ; n/a         ;
; c_j1[0]       ; 2.5 V        ; 0 in              ; 0 H/in                  ; 0 F/in                  ; short         ; -                   ; open           ; open             ; open   ; 0 in             ; 0 H/in                 ; 0 F/in                 ; short        ; open          ; open            ; open  ; 0 V                 ; -                  ; n/a           ; n/a             ; n/a         ;
; c_j1[1]       ; 2.5 V        ; 0 in              ; 0 H/in                  ; 0 F/in                  ; short         ; -                   ; open           ; open             ; open   ; 0 in             ; 0 H/in                 ; 0 F/in                 ; short        ; open          ; open            ; open  ; 0 V                 ; -                  ; n/a           ; n/a             ; n/a         ;
; c_j1[2]       ; 2.5 V        ; 0 in              ; 0 H/in                  ; 0 F/in                  ; short         ; -                   ; open           ; open             ; open   ; 0 in             ; 0 H/in                 ; 0 F/in                 ; short        ; open          ; open            ; open  ; 0 V                 ; -                  ; n/a           ; n/a             ; n/a         ;
; c_j1[3]       ; 2.5 V        ; 0 in              ; 0 H/in                  ; 0 F/in                  ; short         ; -                   ; open           ; open             ; open   ; 0 in             ; 0 H/in                 ; 0 F/in                 ; short        ; open          ; open            ; open  ; 0 V                 ; -                  ; n/a           ; n/a             ; n/a         ;
; c_j1[4]       ; 2.5 V        ; 0 in              ; 0 H/in                  ; 0 F/in                  ; short         ; -                   ; open           ; open             ; open   ; 0 in             ; 0 H/in                 ; 0 F/in                 ; short        ; open          ; open            ; open  ; 0 V                 ; -                  ; n/a           ; n/a             ; n/a         ;
; c_j1[5]       ; 2.5 V        ; 0 in              ; 0 H/in                  ; 0 F/in                  ; short         ; -                   ; open           ; open             ; open   ; 0 in             ; 0 H/in                 ; 0 F/in                 ; short        ; open          ; open            ; open  ; 0 V                 ; -                  ; n/a           ; n/a             ; n/a         ;
; c_j1[6]       ; 2.5 V        ; 0 in              ; 0 H/in                  ; 0 F/in                  ; short         ; -                   ; open           ; open             ; open   ; 0 in             ; 0 H/in                 ; 0 F/in                 ; short        ; open          ; open            ; open  ; 0 V                 ; -                  ; n/a           ; n/a             ; n/a         ;
; c_j1[7]       ; 2.5 V        ; 0 in              ; 0 H/in                  ; 0 F/in                  ; short         ; -                   ; open           ; open             ; open   ; 0 in             ; 0 H/in                 ; 0 F/in                 ; short        ; open          ; open            ; open  ; 0 V                 ; -                  ; n/a           ; n/a             ; n/a         ;
; c_j1[8]       ; 2.5 V        ; 0 in              ; 0 H/in                  ; 0 F/in                  ; short         ; -                   ; open           ; open             ; open   ; 0 in             ; 0 H/in                 ; 0 F/in                 ; short        ; open          ; open            ; open  ; 0 V                 ; -                  ; n/a           ; n/a             ; n/a         ;
; c_j1[9]       ; 2.5 V        ; 0 in              ; 0 H/in                  ; 0 F/in                  ; short         ; -                   ; open           ; open             ; open   ; 0 in             ; 0 H/in                 ; 0 F/in                 ; short        ; open          ; open            ; open  ; 0 V                 ; -                  ; n/a           ; n/a             ; n/a         ;
; c_j1[10]      ; 2.5 V        ; 0 in              ; 0 H/in                  ; 0 F/in                  ; short         ; -                   ; open           ; open             ; open   ; 0 in             ; 0 H/in                 ; 0 F/in                 ; short        ; open          ; open            ; open  ; 0 V                 ; -                  ; n/a           ; n/a             ; n/a         ;
; c_j1[11]      ; 2.5 V        ; 0 in              ; 0 H/in                  ; 0 F/in                  ; short         ; -                   ; open           ; open             ; open   ; 0 in             ; 0 H/in                 ; 0 F/in                 ; short        ; open          ; open            ; open  ; 0 V                 ; -                  ; n/a           ; n/a             ; n/a         ;
; c_j1[12]      ; 2.5 V        ; 0 in              ; 0 H/in                  ; 0 F/in                  ; short         ; -                   ; open           ; open             ; open   ; 0 in             ; 0 H/in                 ; 0 F/in                 ; short        ; open          ; open            ; open  ; 0 V                 ; -                  ; n/a           ; n/a             ; n/a         ;
; c_j1[13]      ; 2.5 V        ; 0 in              ; 0 H/in                  ; 0 F/in                  ; short         ; -                   ; open           ; open             ; open   ; 0 in             ; 0 H/in                 ; 0 F/in                 ; short        ; open          ; open            ; open  ; 0 V                 ; -                  ; n/a           ; n/a             ; n/a         ;
; c_j1[14]      ; 2.5 V        ; 0 in              ; 0 H/in                  ; 0 F/in                  ; short         ; -                   ; open           ; open             ; open   ; 0 in             ; 0 H/in                 ; 0 F/in                 ; short        ; open          ; open            ; open  ; 0 V                 ; -                  ; n/a           ; n/a             ; n/a         ;
; c_j1[15]      ; 2.5 V        ; 0 in              ; 0 H/in                  ; 0 F/in                  ; short         ; -                   ; open           ; open             ; open   ; 0 in             ; 0 H/in                 ; 0 F/in                 ; short        ; open          ; open            ; open  ; 0 V                 ; -                  ; n/a           ; n/a             ; n/a         ;
; c_j1[16]      ; 2.5 V        ; 0 in              ; 0 H/in                  ; 0 F/in                  ; short         ; -                   ; open           ; open             ; open   ; 0 in             ; 0 H/in                 ; 0 F/in                 ; short        ; open          ; open            ; open  ; 0 V                 ; -                  ; n/a           ; n/a             ; n/a         ;
; c_j1[17]      ; 2.5 V        ; 0 in              ; 0 H/in                  ; 0 F/in                  ; short         ; -                   ; open           ; open             ; open   ; 0 in             ; 0 H/in                 ; 0 F/in                 ; short        ; open          ; open            ; open  ; 0 V                 ; -                  ; n/a           ; n/a             ; n/a         ;
; ~ALTERA_DCLK~ ; 2.5 V        ; 0 in              ; 0 H/in                  ; 0 F/in                  ; short         ; -                   ; open           ; open             ; open   ; 0 in             ; 0 H/in                 ; 0 F/in                 ; short        ; open          ; open            ; open  ; 0 V                 ; -                  ; n/a           ; n/a             ; n/a         ;
; ~ALTERA_nCEO~ ; 2.5 V        ; 0 in              ; 0 H/in                  ; 0 F/in                  ; short         ; -                   ; open           ; open             ; open   ; 0 in             ; 0 H/in                 ; 0 F/in                 ; short        ; open          ; open            ; open  ; 0 V                 ; -                  ; n/a           ; n/a             ; n/a         ;
+---------------+--------------+-------------------+-------------------------+-------------------------+---------------+---------------------+----------------+------------------+--------+------------------+------------------------+------------------------+--------------+---------------+-----------------+-------+---------------------+--------------------+---------------+-----------------+-------------+


+----------------------------------------------------------------------------+
; Input Transition Times                                                     ;
+-------------------------+--------------+-----------------+-----------------+
; Pin                     ; I/O Standard ; 10-90 Rise Time ; 90-10 Fall Time ;
+-------------------------+--------------+-----------------+-----------------+
; c[0]                    ; 2.5 V        ; 2000 ps         ; 2000 ps         ;
; c[1]                    ; 2.5 V        ; 2000 ps         ; 2000 ps         ;
; c[2]                    ; 2.5 V        ; 2000 ps         ; 2000 ps         ;
; c[3]                    ; 2.5 V        ; 2000 ps         ; 2000 ps         ;
; c[4]                    ; 2.5 V        ; 2000 ps         ; 2000 ps         ;
; c[5]                    ; 2.5 V        ; 2000 ps         ; 2000 ps         ;
; c[6]                    ; 2.5 V        ; 2000 ps         ; 2000 ps         ;
; c[7]                    ; 2.5 V        ; 2000 ps         ; 2000 ps         ;
; c[8]                    ; 2.5 V        ; 2000 ps         ; 2000 ps         ;
; c[9]                    ; 2.5 V        ; 2000 ps         ; 2000 ps         ;
; c[10]                   ; 2.5 V        ; 2000 ps         ; 2000 ps         ;
; c[11]                   ; 2.5 V        ; 2000 ps         ; 2000 ps         ;
; c[12]                   ; 2.5 V        ; 2000 ps         ; 2000 ps         ;
; c[13]                   ; 2.5 V        ; 2000 ps         ; 2000 ps         ;
; c[14]                   ; 2.5 V        ; 2000 ps         ; 2000 ps         ;
; c[15]                   ; 2.5 V        ; 2000 ps         ; 2000 ps         ;
; c[16]                   ; 2.5 V        ; 2000 ps         ; 2000 ps         ;
; c[17]                   ; 2.5 V        ; 2000 ps         ; 2000 ps         ;
; clk                     ; 2.5 V        ; 2000 ps         ; 2000 ps         ;
; reset                   ; 2.5 V        ; 2000 ps         ; 2000 ps         ;
; alpha                   ; 2.5 V        ; 2000 ps         ; 2000 ps         ;
; beta                    ; 2.5 V        ; 2000 ps         ; 2000 ps         ;
; a[0]                    ; 2.5 V        ; 2000 ps         ; 2000 ps         ;
; a[1]                    ; 2.5 V        ; 2000 ps         ; 2000 ps         ;
; a[2]                    ; 2.5 V        ; 2000 ps         ; 2000 ps         ;
; a[3]                    ; 2.5 V        ; 2000 ps         ; 2000 ps         ;
; a[4]                    ; 2.5 V        ; 2000 ps         ; 2000 ps         ;
; a[5]                    ; 2.5 V        ; 2000 ps         ; 2000 ps         ;
; a[6]                    ; 2.5 V        ; 2000 ps         ; 2000 ps         ;
; a[7]                    ; 2.5 V        ; 2000 ps         ; 2000 ps         ;
; b[0]                    ; 2.5 V        ; 2000 ps         ; 2000 ps         ;
; b[1]                    ; 2.5 V        ; 2000 ps         ; 2000 ps         ;
; b[2]                    ; 2.5 V        ; 2000 ps         ; 2000 ps         ;
; b[3]                    ; 2.5 V        ; 2000 ps         ; 2000 ps         ;
; b[4]                    ; 2.5 V        ; 2000 ps         ; 2000 ps         ;
; b[5]                    ; 2.5 V        ; 2000 ps         ; 2000 ps         ;
; b[6]                    ; 2.5 V        ; 2000 ps         ; 2000 ps         ;
; b[7]                    ; 2.5 V        ; 2000 ps         ; 2000 ps         ;
; ~ALTERA_ASDO_DATA1~     ; 2.5 V        ; 2000 ps         ; 2000 ps         ;
; ~ALTERA_FLASH_nCE_nCSO~ ; 2.5 V        ; 2000 ps         ; 2000 ps         ;
; ~ALTERA_DATA0~          ; 2.5 V        ; 2000 ps         ; 2000 ps         ;
+-------------------------+--------------+-----------------+-----------------+


+--------------------------------------------------------------------------------------------------------------------------------------------------------------------------------------------------------------------------------------------------------------------------------------------------------------------------------------------------------------------------------------------------------------------------------------------------------------------------------------------------------------------------------------------------------------------------------------------------------------------------------------------------------------------------------------------+
; Signal Integrity Metrics (Slow 1200mv 0c Model)                                                                                                                                                                                                                                                                                                                                                                                                                                                                                                                                                                                                                                            ;
+---------------+--------------+---------------------+---------------------+------------------------------+------------------------------+---------------------+---------------------+--------------------------------------+--------------------------------------+-----------------------------+-----------------------------+----------------------------+----------------------------+-----------------------------+-----------------------------+--------------------+--------------------+-------------------------------------+-------------------------------------+----------------------------+----------------------------+---------------------------+---------------------------+
; Pin           ; I/O Standard ; Board Delay on Rise ; Board Delay on Fall ; Steady State Voh at FPGA Pin ; Steady State Vol at FPGA Pin ; Voh Max at FPGA Pin ; Vol Min at FPGA Pin ; Ringback Voltage on Rise at FPGA Pin ; Ringback Voltage on Fall at FPGA Pin ; 10-90 Rise Time at FPGA Pin ; 90-10 Fall Time at FPGA Pin ; Monotonic Rise at FPGA Pin ; Monotonic Fall at FPGA Pin ; Steady State Voh at Far-end ; Steady State Vol at Far-end ; Voh Max at Far-end ; Vol Min at Far-end ; Ringback Voltage on Rise at Far-end ; Ringback Voltage on Fall at Far-end ; 10-90 Rise Time at Far-end ; 90-10 Fall Time at Far-end ; Monotonic Rise at Far-end ; Monotonic Fall at Far-end ;
+---------------+--------------+---------------------+---------------------+------------------------------+------------------------------+---------------------+---------------------+--------------------------------------+--------------------------------------+-----------------------------+-----------------------------+----------------------------+----------------------------+-----------------------------+-----------------------------+--------------------+--------------------+-------------------------------------+-------------------------------------+----------------------------+----------------------------+---------------------------+---------------------------+
; a_j2[0]       ; 2.5 V        ; 0 s                 ; 0 s                 ; 2.32 V                       ; 5.95e-09 V                   ; 2.38 V              ; -0.016 V            ; 0.22 V                               ; 0.025 V                              ; 3.06e-10 s                  ; 3.3e-10 s                   ; Yes                        ; Yes                        ; 2.32 V                      ; 5.95e-09 V                  ; 2.38 V             ; -0.016 V           ; 0.22 V                              ; 0.025 V                             ; 3.06e-10 s                 ; 3.3e-10 s                  ; Yes                       ; Yes                       ;
; a_j2[1]       ; 2.5 V        ; 0 s                 ; 0 s                 ; 2.32 V                       ; 5.95e-09 V                   ; 2.38 V              ; -0.016 V            ; 0.22 V                               ; 0.025 V                              ; 3.06e-10 s                  ; 3.3e-10 s                   ; Yes                        ; Yes                        ; 2.32 V                      ; 5.95e-09 V                  ; 2.38 V             ; -0.016 V           ; 0.22 V                              ; 0.025 V                             ; 3.06e-10 s                 ; 3.3e-10 s                  ; Yes                       ; Yes                       ;
; a_j2[2]       ; 2.5 V        ; 0 s                 ; 0 s                 ; 2.32 V                       ; 5.95e-09 V                   ; 2.38 V              ; -0.016 V            ; 0.22 V                               ; 0.025 V                              ; 3.06e-10 s                  ; 3.3e-10 s                   ; Yes                        ; Yes                        ; 2.32 V                      ; 5.95e-09 V                  ; 2.38 V             ; -0.016 V           ; 0.22 V                              ; 0.025 V                             ; 3.06e-10 s                 ; 3.3e-10 s                  ; Yes                       ; Yes                       ;
; a_j2[3]       ; 2.5 V        ; 0 s                 ; 0 s                 ; 2.32 V                       ; 5.95e-09 V                   ; 2.38 V              ; -0.016 V            ; 0.22 V                               ; 0.025 V                              ; 3.06e-10 s                  ; 3.3e-10 s                   ; Yes                        ; Yes                        ; 2.32 V                      ; 5.95e-09 V                  ; 2.38 V             ; -0.016 V           ; 0.22 V                              ; 0.025 V                             ; 3.06e-10 s                 ; 3.3e-10 s                  ; Yes                       ; Yes                       ;
; a_j2[4]       ; 2.5 V        ; 0 s                 ; 0 s                 ; 2.32 V                       ; 5.95e-09 V                   ; 2.38 V              ; -0.016 V            ; 0.22 V                               ; 0.025 V                              ; 3.06e-10 s                  ; 3.3e-10 s                   ; Yes                        ; Yes                        ; 2.32 V                      ; 5.95e-09 V                  ; 2.38 V             ; -0.016 V           ; 0.22 V                              ; 0.025 V                             ; 3.06e-10 s                 ; 3.3e-10 s                  ; Yes                       ; Yes                       ;
; a_j2[5]       ; 2.5 V        ; 0 s                 ; 0 s                 ; 2.32 V                       ; 5.95e-09 V                   ; 2.38 V              ; -0.016 V            ; 0.22 V                               ; 0.025 V                              ; 3.06e-10 s                  ; 3.3e-10 s                   ; Yes                        ; Yes                        ; 2.32 V                      ; 5.95e-09 V                  ; 2.38 V             ; -0.016 V           ; 0.22 V                              ; 0.025 V                             ; 3.06e-10 s                 ; 3.3e-10 s                  ; Yes                       ; Yes                       ;
; a_j2[6]       ; 2.5 V        ; 0 s                 ; 0 s                 ; 2.32 V                       ; 5.95e-09 V                   ; 2.38 V              ; -0.016 V            ; 0.22 V                               ; 0.025 V                              ; 3.06e-10 s                  ; 3.3e-10 s                   ; Yes                        ; Yes                        ; 2.32 V                      ; 5.95e-09 V                  ; 2.38 V             ; -0.016 V           ; 0.22 V                              ; 0.025 V                             ; 3.06e-10 s                 ; 3.3e-10 s                  ; Yes                       ; Yes                       ;
; a_j2[7]       ; 2.5 V        ; 0 s                 ; 0 s                 ; 2.32 V                       ; 5.95e-09 V                   ; 2.38 V              ; -0.016 V            ; 0.22 V                               ; 0.025 V                              ; 3.06e-10 s                  ; 3.3e-10 s                   ; Yes                        ; Yes                        ; 2.32 V                      ; 5.95e-09 V                  ; 2.38 V             ; -0.016 V           ; 0.22 V                              ; 0.025 V                             ; 3.06e-10 s                 ; 3.3e-10 s                  ; Yes                       ; Yes                       ;
; b_j2[0]       ; 2.5 V        ; 0 s                 ; 0 s                 ; 2.32 V                       ; 5.95e-09 V                   ; 2.38 V              ; -0.016 V            ; 0.22 V                               ; 0.025 V                              ; 3.06e-10 s                  ; 3.3e-10 s                   ; Yes                        ; Yes                        ; 2.32 V                      ; 5.95e-09 V                  ; 2.38 V             ; -0.016 V           ; 0.22 V                              ; 0.025 V                             ; 3.06e-10 s                 ; 3.3e-10 s                  ; Yes                       ; Yes                       ;
; b_j2[1]       ; 2.5 V        ; 0 s                 ; 0 s                 ; 2.32 V                       ; 5.95e-09 V                   ; 2.38 V              ; -0.016 V            ; 0.22 V                               ; 0.025 V                              ; 3.06e-10 s                  ; 3.3e-10 s                   ; Yes                        ; Yes                        ; 2.32 V                      ; 5.95e-09 V                  ; 2.38 V             ; -0.016 V           ; 0.22 V                              ; 0.025 V                             ; 3.06e-10 s                 ; 3.3e-10 s                  ; Yes                       ; Yes                       ;
; b_j2[2]       ; 2.5 V        ; 0 s                 ; 0 s                 ; 2.32 V                       ; 5.95e-09 V                   ; 2.38 V              ; -0.016 V            ; 0.22 V                               ; 0.025 V                              ; 3.06e-10 s                  ; 3.3e-10 s                   ; Yes                        ; Yes                        ; 2.32 V                      ; 5.95e-09 V                  ; 2.38 V             ; -0.016 V           ; 0.22 V                              ; 0.025 V                             ; 3.06e-10 s                 ; 3.3e-10 s                  ; Yes                       ; Yes                       ;
; b_j2[3]       ; 2.5 V        ; 0 s                 ; 0 s                 ; 2.32 V                       ; 5.95e-09 V                   ; 2.33 V              ; -0.00616 V          ; 0.191 V                              ; 0.099 V                              ; 2.83e-09 s                  ; 2.56e-09 s                  ; No                         ; Yes                        ; 2.32 V                      ; 5.95e-09 V                  ; 2.33 V             ; -0.00616 V         ; 0.191 V                             ; 0.099 V                             ; 2.83e-09 s                 ; 2.56e-09 s                 ; No                        ; Yes                       ;
; b_j2[4]       ; 2.5 V        ; 0 s                 ; 0 s                 ; 2.32 V                       ; 5.95e-09 V                   ; 2.38 V              ; -0.016 V            ; 0.22 V                               ; 0.025 V                              ; 3.06e-10 s                  ; 3.3e-10 s                   ; Yes                        ; Yes                        ; 2.32 V                      ; 5.95e-09 V                  ; 2.38 V             ; -0.016 V           ; 0.22 V                              ; 0.025 V                             ; 3.06e-10 s                 ; 3.3e-10 s                  ; Yes                       ; Yes                       ;
; b_j2[5]       ; 2.5 V        ; 0 s                 ; 0 s                 ; 2.32 V                       ; 5.95e-09 V                   ; 2.38 V              ; -0.016 V            ; 0.22 V                               ; 0.025 V                              ; 3.06e-10 s                  ; 3.3e-10 s                   ; Yes                        ; Yes                        ; 2.32 V                      ; 5.95e-09 V                  ; 2.38 V             ; -0.016 V           ; 0.22 V                              ; 0.025 V                             ; 3.06e-10 s                 ; 3.3e-10 s                  ; Yes                       ; Yes                       ;
; b_j2[6]       ; 2.5 V        ; 0 s                 ; 0 s                 ; 2.32 V                       ; 5.95e-09 V                   ; 2.38 V              ; -0.016 V            ; 0.22 V                               ; 0.025 V                              ; 3.06e-10 s                  ; 3.3e-10 s                   ; Yes                        ; Yes                        ; 2.32 V                      ; 5.95e-09 V                  ; 2.38 V             ; -0.016 V           ; 0.22 V                              ; 0.025 V                             ; 3.06e-10 s                 ; 3.3e-10 s                  ; Yes                       ; Yes                       ;
; b_j2[7]       ; 2.5 V        ; 0 s                 ; 0 s                 ; 2.32 V                       ; 5.95e-09 V                   ; 2.38 V              ; -0.016 V            ; 0.22 V                               ; 0.025 V                              ; 3.06e-10 s                  ; 3.3e-10 s                   ; Yes                        ; Yes                        ; 2.32 V                      ; 5.95e-09 V                  ; 2.38 V             ; -0.016 V           ; 0.22 V                              ; 0.025 V                             ; 3.06e-10 s                 ; 3.3e-10 s                  ; Yes                       ; Yes                       ;
; alpha_j1      ; 2.5 V        ; 0 s                 ; 0 s                 ; 2.32 V                       ; 5.95e-09 V                   ; 2.38 V              ; -0.016 V            ; 0.22 V                               ; 0.025 V                              ; 3.06e-10 s                  ; 3.3e-10 s                   ; Yes                        ; Yes                        ; 2.32 V                      ; 5.95e-09 V                  ; 2.38 V             ; -0.016 V           ; 0.22 V                              ; 0.025 V                             ; 3.06e-10 s                 ; 3.3e-10 s                  ; Yes                       ; Yes                       ;
; beta_j1       ; 2.5 V        ; 0 s                 ; 0 s                 ; 2.32 V                       ; 5.95e-09 V                   ; 2.38 V              ; -0.016 V            ; 0.22 V                               ; 0.025 V                              ; 3.06e-10 s                  ; 3.3e-10 s                   ; Yes                        ; Yes                        ; 2.32 V                      ; 5.95e-09 V                  ; 2.38 V             ; -0.016 V           ; 0.22 V                              ; 0.025 V                             ; 3.06e-10 s                 ; 3.3e-10 s                  ; Yes                       ; Yes                       ;
; c_j1[0]       ; 2.5 V        ; 0 s                 ; 0 s                 ; 2.32 V                       ; 5.95e-09 V                   ; 2.38 V              ; -0.016 V            ; 0.22 V                               ; 0.025 V                              ; 3.06e-10 s                  ; 3.3e-10 s                   ; Yes                        ; Yes                        ; 2.32 V                      ; 5.95e-09 V                  ; 2.38 V             ; -0.016 V           ; 0.22 V                              ; 0.025 V                             ; 3.06e-10 s                 ; 3.3e-10 s                  ; Yes                       ; Yes                       ;
; c_j1[1]       ; 2.5 V        ; 0 s                 ; 0 s                 ; 2.32 V                       ; 5.95e-09 V                   ; 2.38 V              ; -0.016 V            ; 0.22 V                               ; 0.025 V                              ; 3.06e-10 s                  ; 3.3e-10 s                   ; Yes                        ; Yes                        ; 2.32 V                      ; 5.95e-09 V                  ; 2.38 V             ; -0.016 V           ; 0.22 V                              ; 0.025 V                             ; 3.06e-10 s                 ; 3.3e-10 s                  ; Yes                       ; Yes                       ;
; c_j1[2]       ; 2.5 V        ; 0 s                 ; 0 s                 ; 2.32 V                       ; 5.95e-09 V                   ; 2.38 V              ; -0.016 V            ; 0.22 V                               ; 0.025 V                              ; 3.06e-10 s                  ; 3.3e-10 s                   ; Yes                        ; Yes                        ; 2.32 V                      ; 5.95e-09 V                  ; 2.38 V             ; -0.016 V           ; 0.22 V                              ; 0.025 V                             ; 3.06e-10 s                 ; 3.3e-10 s                  ; Yes                       ; Yes                       ;
; c_j1[3]       ; 2.5 V        ; 0 s                 ; 0 s                 ; 2.32 V                       ; 5.95e-09 V                   ; 2.38 V              ; -0.016 V            ; 0.22 V                               ; 0.025 V                              ; 3.06e-10 s                  ; 3.3e-10 s                   ; Yes                        ; Yes                        ; 2.32 V                      ; 5.95e-09 V                  ; 2.38 V             ; -0.016 V           ; 0.22 V                              ; 0.025 V                             ; 3.06e-10 s                 ; 3.3e-10 s                  ; Yes                       ; Yes                       ;
; c_j1[4]       ; 2.5 V        ; 0 s                 ; 0 s                 ; 2.32 V                       ; 5.95e-09 V                   ; 2.38 V              ; -0.016 V            ; 0.22 V                               ; 0.025 V                              ; 3.06e-10 s                  ; 3.3e-10 s                   ; Yes                        ; Yes                        ; 2.32 V                      ; 5.95e-09 V                  ; 2.38 V             ; -0.016 V           ; 0.22 V                              ; 0.025 V                             ; 3.06e-10 s                 ; 3.3e-10 s                  ; Yes                       ; Yes                       ;
; c_j1[5]       ; 2.5 V        ; 0 s                 ; 0 s                 ; 2.32 V                       ; 5.95e-09 V                   ; 2.38 V              ; -0.016 V            ; 0.22 V                               ; 0.025 V                              ; 3.06e-10 s                  ; 3.3e-10 s                   ; Yes                        ; Yes                        ; 2.32 V                      ; 5.95e-09 V                  ; 2.38 V             ; -0.016 V           ; 0.22 V                              ; 0.025 V                             ; 3.06e-10 s                 ; 3.3e-10 s                  ; Yes                       ; Yes                       ;
; c_j1[6]       ; 2.5 V        ; 0 s                 ; 0 s                 ; 2.32 V                       ; 5.95e-09 V                   ; 2.38 V              ; -0.016 V            ; 0.22 V                               ; 0.025 V                              ; 3.06e-10 s                  ; 3.3e-10 s                   ; Yes                        ; Yes                        ; 2.32 V                      ; 5.95e-09 V                  ; 2.38 V             ; -0.016 V           ; 0.22 V                              ; 0.025 V                             ; 3.06e-10 s                 ; 3.3e-10 s                  ; Yes                       ; Yes                       ;
; c_j1[7]       ; 2.5 V        ; 0 s                 ; 0 s                 ; 2.32 V                       ; 5.95e-09 V                   ; 2.38 V              ; -0.016 V            ; 0.22 V                               ; 0.025 V                              ; 3.06e-10 s                  ; 3.3e-10 s                   ; Yes                        ; Yes                        ; 2.32 V                      ; 5.95e-09 V                  ; 2.38 V             ; -0.016 V           ; 0.22 V                              ; 0.025 V                             ; 3.06e-10 s                 ; 3.3e-10 s                  ; Yes                       ; Yes                       ;
; c_j1[8]       ; 2.5 V        ; 0 s                 ; 0 s                 ; 2.32 V                       ; 5.95e-09 V                   ; 2.38 V              ; -0.016 V            ; 0.22 V                               ; 0.025 V                              ; 3.06e-10 s                  ; 3.3e-10 s                   ; Yes                        ; Yes                        ; 2.32 V                      ; 5.95e-09 V                  ; 2.38 V             ; -0.016 V           ; 0.22 V                              ; 0.025 V                             ; 3.06e-10 s                 ; 3.3e-10 s                  ; Yes                       ; Yes                       ;
; c_j1[9]       ; 2.5 V        ; 0 s                 ; 0 s                 ; 2.32 V                       ; 5.95e-09 V                   ; 2.38 V              ; -0.016 V            ; 0.22 V                               ; 0.025 V                              ; 3.06e-10 s                  ; 3.3e-10 s                   ; Yes                        ; Yes                        ; 2.32 V                      ; 5.95e-09 V                  ; 2.38 V             ; -0.016 V           ; 0.22 V                              ; 0.025 V                             ; 3.06e-10 s                 ; 3.3e-10 s                  ; Yes                       ; Yes                       ;
; c_j1[10]      ; 2.5 V        ; 0 s                 ; 0 s                 ; 2.32 V                       ; 5.95e-09 V                   ; 2.38 V              ; -0.016 V            ; 0.22 V                               ; 0.025 V                              ; 3.06e-10 s                  ; 3.3e-10 s                   ; Yes                        ; Yes                        ; 2.32 V                      ; 5.95e-09 V                  ; 2.38 V             ; -0.016 V           ; 0.22 V                              ; 0.025 V                             ; 3.06e-10 s                 ; 3.3e-10 s                  ; Yes                       ; Yes                       ;
; c_j1[11]      ; 2.5 V        ; 0 s                 ; 0 s                 ; 2.32 V                       ; 5.95e-09 V                   ; 2.38 V              ; -0.016 V            ; 0.22 V                               ; 0.025 V                              ; 3.06e-10 s                  ; 3.3e-10 s                   ; Yes                        ; Yes                        ; 2.32 V                      ; 5.95e-09 V                  ; 2.38 V             ; -0.016 V           ; 0.22 V                              ; 0.025 V                             ; 3.06e-10 s                 ; 3.3e-10 s                  ; Yes                       ; Yes                       ;
; c_j1[12]      ; 2.5 V        ; 0 s                 ; 0 s                 ; 2.32 V                       ; 5.95e-09 V                   ; 2.38 V              ; -0.016 V            ; 0.22 V                               ; 0.025 V                              ; 3.06e-10 s                  ; 3.3e-10 s                   ; Yes                        ; Yes                        ; 2.32 V                      ; 5.95e-09 V                  ; 2.38 V             ; -0.016 V           ; 0.22 V                              ; 0.025 V                             ; 3.06e-10 s                 ; 3.3e-10 s                  ; Yes                       ; Yes                       ;
; c_j1[13]      ; 2.5 V        ; 0 s                 ; 0 s                 ; 2.32 V                       ; 5.95e-09 V                   ; 2.38 V              ; -0.016 V            ; 0.22 V                               ; 0.025 V                              ; 3.06e-10 s                  ; 3.3e-10 s                   ; Yes                        ; Yes                        ; 2.32 V                      ; 5.95e-09 V                  ; 2.38 V             ; -0.016 V           ; 0.22 V                              ; 0.025 V                             ; 3.06e-10 s                 ; 3.3e-10 s                  ; Yes                       ; Yes                       ;
; c_j1[14]      ; 2.5 V        ; 0 s                 ; 0 s                 ; 2.32 V                       ; 5.95e-09 V                   ; 2.38 V              ; -0.016 V            ; 0.22 V                               ; 0.025 V                              ; 3.06e-10 s                  ; 3.3e-10 s                   ; Yes                        ; Yes                        ; 2.32 V                      ; 5.95e-09 V                  ; 2.38 V             ; -0.016 V           ; 0.22 V                              ; 0.025 V                             ; 3.06e-10 s                 ; 3.3e-10 s                  ; Yes                       ; Yes                       ;
; c_j1[15]      ; 2.5 V        ; 0 s                 ; 0 s                 ; 2.32 V                       ; 5.95e-09 V                   ; 2.38 V              ; -0.016 V            ; 0.22 V                               ; 0.025 V                              ; 3.06e-10 s                  ; 3.3e-10 s                   ; Yes                        ; Yes                        ; 2.32 V                      ; 5.95e-09 V                  ; 2.38 V             ; -0.016 V           ; 0.22 V                              ; 0.025 V                             ; 3.06e-10 s                 ; 3.3e-10 s                  ; Yes                       ; Yes                       ;
; c_j1[16]      ; 2.5 V        ; 0 s                 ; 0 s                 ; 2.32 V                       ; 5.95e-09 V                   ; 2.38 V              ; -0.016 V            ; 0.22 V                               ; 0.025 V                              ; 3.06e-10 s                  ; 3.3e-10 s                   ; Yes                        ; Yes                        ; 2.32 V                      ; 5.95e-09 V                  ; 2.38 V             ; -0.016 V           ; 0.22 V                              ; 0.025 V                             ; 3.06e-10 s                 ; 3.3e-10 s                  ; Yes                       ; Yes                       ;
; c_j1[17]      ; 2.5 V        ; 0 s                 ; 0 s                 ; 2.32 V                       ; 5.95e-09 V                   ; 2.38 V              ; -0.016 V            ; 0.22 V                               ; 0.025 V                              ; 3.06e-10 s                  ; 3.3e-10 s                   ; Yes                        ; Yes                        ; 2.32 V                      ; 5.95e-09 V                  ; 2.38 V             ; -0.016 V           ; 0.22 V                              ; 0.025 V                             ; 3.06e-10 s                 ; 3.3e-10 s                  ; Yes                       ; Yes                       ;
; ~ALTERA_DCLK~ ; 2.5 V        ; 0 s                 ; 0 s                 ; 2.32 V                       ; 3.45e-09 V                   ; 2.38 V              ; -0.0609 V           ; 0.148 V                              ; 0.095 V                              ; 2.82e-10 s                  ; 2.59e-10 s                  ; Yes                        ; Yes                        ; 2.32 V                      ; 3.45e-09 V                  ; 2.38 V             ; -0.0609 V          ; 0.148 V                             ; 0.095 V                             ; 2.82e-10 s                 ; 2.59e-10 s                 ; Yes                       ; Yes                       ;
; ~ALTERA_nCEO~ ; 2.5 V        ; 0 s                 ; 0 s                 ; 2.32 V                       ; 5.61e-09 V                   ; 2.38 V              ; -0.00274 V          ; 0.141 V                              ; 0.006 V                              ; 4.7e-10 s                   ; 6.02e-10 s                  ; Yes                        ; Yes                        ; 2.32 V                      ; 5.61e-09 V                  ; 2.38 V             ; -0.00274 V         ; 0.141 V                             ; 0.006 V                             ; 4.7e-10 s                  ; 6.02e-10 s                 ; Yes                       ; Yes                       ;
+---------------+--------------+---------------------+---------------------+------------------------------+------------------------------+---------------------+---------------------+--------------------------------------+--------------------------------------+-----------------------------+-----------------------------+----------------------------+----------------------------+-----------------------------+-----------------------------+--------------------+--------------------+-------------------------------------+-------------------------------------+----------------------------+----------------------------+---------------------------+---------------------------+


+--------------------------------------------------------------------------------------------------------------------------------------------------------------------------------------------------------------------------------------------------------------------------------------------------------------------------------------------------------------------------------------------------------------------------------------------------------------------------------------------------------------------------------------------------------------------------------------------------------------------------------------------------------------------------------------------+
; Signal Integrity Metrics (Slow 1200mv 85c Model)                                                                                                                                                                                                                                                                                                                                                                                                                                                                                                                                                                                                                                           ;
+---------------+--------------+---------------------+---------------------+------------------------------+------------------------------+---------------------+---------------------+--------------------------------------+--------------------------------------+-----------------------------+-----------------------------+----------------------------+----------------------------+-----------------------------+-----------------------------+--------------------+--------------------+-------------------------------------+-------------------------------------+----------------------------+----------------------------+---------------------------+---------------------------+
; Pin           ; I/O Standard ; Board Delay on Rise ; Board Delay on Fall ; Steady State Voh at FPGA Pin ; Steady State Vol at FPGA Pin ; Voh Max at FPGA Pin ; Vol Min at FPGA Pin ; Ringback Voltage on Rise at FPGA Pin ; Ringback Voltage on Fall at FPGA Pin ; 10-90 Rise Time at FPGA Pin ; 90-10 Fall Time at FPGA Pin ; Monotonic Rise at FPGA Pin ; Monotonic Fall at FPGA Pin ; Steady State Voh at Far-end ; Steady State Vol at Far-end ; Voh Max at Far-end ; Vol Min at Far-end ; Ringback Voltage on Rise at Far-end ; Ringback Voltage on Fall at Far-end ; 10-90 Rise Time at Far-end ; 90-10 Fall Time at Far-end ; Monotonic Rise at Far-end ; Monotonic Fall at Far-end ;
+---------------+--------------+---------------------+---------------------+------------------------------+------------------------------+---------------------+---------------------+--------------------------------------+--------------------------------------+-----------------------------+-----------------------------+----------------------------+----------------------------+-----------------------------+-----------------------------+--------------------+--------------------+-------------------------------------+-------------------------------------+----------------------------+----------------------------+---------------------------+---------------------------+
; a_j2[0]       ; 2.5 V        ; 0 s                 ; 0 s                 ; 2.32 V                       ; 1.06e-06 V                   ; 2.36 V              ; -0.00724 V          ; 0.107 V                              ; 0.02 V                               ; 4.5e-10 s                   ; 4.25e-10 s                  ; Yes                        ; Yes                        ; 2.32 V                      ; 1.06e-06 V                  ; 2.36 V             ; -0.00724 V         ; 0.107 V                             ; 0.02 V                              ; 4.5e-10 s                  ; 4.25e-10 s                 ; Yes                       ; Yes                       ;
; a_j2[1]       ; 2.5 V        ; 0 s                 ; 0 s                 ; 2.32 V                       ; 1.06e-06 V                   ; 2.36 V              ; -0.00724 V          ; 0.107 V                              ; 0.02 V                               ; 4.5e-10 s                   ; 4.25e-10 s                  ; Yes                        ; Yes                        ; 2.32 V                      ; 1.06e-06 V                  ; 2.36 V             ; -0.00724 V         ; 0.107 V                             ; 0.02 V                              ; 4.5e-10 s                  ; 4.25e-10 s                 ; Yes                       ; Yes                       ;
; a_j2[2]       ; 2.5 V        ; 0 s                 ; 0 s                 ; 2.32 V                       ; 1.06e-06 V                   ; 2.36 V              ; -0.00724 V          ; 0.107 V                              ; 0.02 V                               ; 4.5e-10 s                   ; 4.25e-10 s                  ; Yes                        ; Yes                        ; 2.32 V                      ; 1.06e-06 V                  ; 2.36 V             ; -0.00724 V         ; 0.107 V                             ; 0.02 V                              ; 4.5e-10 s                  ; 4.25e-10 s                 ; Yes                       ; Yes                       ;
; a_j2[3]       ; 2.5 V        ; 0 s                 ; 0 s                 ; 2.32 V                       ; 1.06e-06 V                   ; 2.36 V              ; -0.00724 V          ; 0.107 V                              ; 0.02 V                               ; 4.5e-10 s                   ; 4.25e-10 s                  ; Yes                        ; Yes                        ; 2.32 V                      ; 1.06e-06 V                  ; 2.36 V             ; -0.00724 V         ; 0.107 V                             ; 0.02 V                              ; 4.5e-10 s                  ; 4.25e-10 s                 ; Yes                       ; Yes                       ;
; a_j2[4]       ; 2.5 V        ; 0 s                 ; 0 s                 ; 2.32 V                       ; 1.06e-06 V                   ; 2.36 V              ; -0.00724 V          ; 0.107 V                              ; 0.02 V                               ; 4.5e-10 s                   ; 4.25e-10 s                  ; Yes                        ; Yes                        ; 2.32 V                      ; 1.06e-06 V                  ; 2.36 V             ; -0.00724 V         ; 0.107 V                             ; 0.02 V                              ; 4.5e-10 s                  ; 4.25e-10 s                 ; Yes                       ; Yes                       ;
; a_j2[5]       ; 2.5 V        ; 0 s                 ; 0 s                 ; 2.32 V                       ; 1.06e-06 V                   ; 2.36 V              ; -0.00724 V          ; 0.107 V                              ; 0.02 V                               ; 4.5e-10 s                   ; 4.25e-10 s                  ; Yes                        ; Yes                        ; 2.32 V                      ; 1.06e-06 V                  ; 2.36 V             ; -0.00724 V         ; 0.107 V                             ; 0.02 V                              ; 4.5e-10 s                  ; 4.25e-10 s                 ; Yes                       ; Yes                       ;
; a_j2[6]       ; 2.5 V        ; 0 s                 ; 0 s                 ; 2.32 V                       ; 1.06e-06 V                   ; 2.36 V              ; -0.00724 V          ; 0.107 V                              ; 0.02 V                               ; 4.5e-10 s                   ; 4.25e-10 s                  ; Yes                        ; Yes                        ; 2.32 V                      ; 1.06e-06 V                  ; 2.36 V             ; -0.00724 V         ; 0.107 V                             ; 0.02 V                              ; 4.5e-10 s                  ; 4.25e-10 s                 ; Yes                       ; Yes                       ;
; a_j2[7]       ; 2.5 V        ; 0 s                 ; 0 s                 ; 2.32 V                       ; 1.06e-06 V                   ; 2.36 V              ; -0.00724 V          ; 0.107 V                              ; 0.02 V                               ; 4.5e-10 s                   ; 4.25e-10 s                  ; Yes                        ; Yes                        ; 2.32 V                      ; 1.06e-06 V                  ; 2.36 V             ; -0.00724 V         ; 0.107 V                             ; 0.02 V                              ; 4.5e-10 s                  ; 4.25e-10 s                 ; Yes                       ; Yes                       ;
; b_j2[0]       ; 2.5 V        ; 0 s                 ; 0 s                 ; 2.32 V                       ; 1.06e-06 V                   ; 2.36 V              ; -0.00724 V          ; 0.107 V                              ; 0.02 V                               ; 4.5e-10 s                   ; 4.25e-10 s                  ; Yes                        ; Yes                        ; 2.32 V                      ; 1.06e-06 V                  ; 2.36 V             ; -0.00724 V         ; 0.107 V                             ; 0.02 V                              ; 4.5e-10 s                  ; 4.25e-10 s                 ; Yes                       ; Yes                       ;
; b_j2[1]       ; 2.5 V        ; 0 s                 ; 0 s                 ; 2.32 V                       ; 1.06e-06 V                   ; 2.36 V              ; -0.00724 V          ; 0.107 V                              ; 0.02 V                               ; 4.5e-10 s                   ; 4.25e-10 s                  ; Yes                        ; Yes                        ; 2.32 V                      ; 1.06e-06 V                  ; 2.36 V             ; -0.00724 V         ; 0.107 V                             ; 0.02 V                              ; 4.5e-10 s                  ; 4.25e-10 s                 ; Yes                       ; Yes                       ;
; b_j2[2]       ; 2.5 V        ; 0 s                 ; 0 s                 ; 2.32 V                       ; 1.06e-06 V                   ; 2.36 V              ; -0.00724 V          ; 0.107 V                              ; 0.02 V                               ; 4.5e-10 s                   ; 4.25e-10 s                  ; Yes                        ; Yes                        ; 2.32 V                      ; 1.06e-06 V                  ; 2.36 V             ; -0.00724 V         ; 0.107 V                             ; 0.02 V                              ; 4.5e-10 s                  ; 4.25e-10 s                 ; Yes                       ; Yes                       ;
; b_j2[3]       ; 2.5 V        ; 0 s                 ; 0 s                 ; 2.32 V                       ; 1.06e-06 V                   ; 2.33 V              ; -0.00344 V          ; 0.134 V                              ; 0.075 V                              ; 3.33e-09 s                  ; 3.16e-09 s                  ; Yes                        ; Yes                        ; 2.32 V                      ; 1.06e-06 V                  ; 2.33 V             ; -0.00344 V         ; 0.134 V                             ; 0.075 V                             ; 3.33e-09 s                 ; 3.16e-09 s                 ; Yes                       ; Yes                       ;
; b_j2[4]       ; 2.5 V        ; 0 s                 ; 0 s                 ; 2.32 V                       ; 1.06e-06 V                   ; 2.36 V              ; -0.00724 V          ; 0.107 V                              ; 0.02 V                               ; 4.5e-10 s                   ; 4.25e-10 s                  ; Yes                        ; Yes                        ; 2.32 V                      ; 1.06e-06 V                  ; 2.36 V             ; -0.00724 V         ; 0.107 V                             ; 0.02 V                              ; 4.5e-10 s                  ; 4.25e-10 s                 ; Yes                       ; Yes                       ;
; b_j2[5]       ; 2.5 V        ; 0 s                 ; 0 s                 ; 2.32 V                       ; 1.06e-06 V                   ; 2.36 V              ; -0.00724 V          ; 0.107 V                              ; 0.02 V                               ; 4.5e-10 s                   ; 4.25e-10 s                  ; Yes                        ; Yes                        ; 2.32 V                      ; 1.06e-06 V                  ; 2.36 V             ; -0.00724 V         ; 0.107 V                             ; 0.02 V                              ; 4.5e-10 s                  ; 4.25e-10 s                 ; Yes                       ; Yes                       ;
; b_j2[6]       ; 2.5 V        ; 0 s                 ; 0 s                 ; 2.32 V                       ; 1.06e-06 V                   ; 2.36 V              ; -0.00724 V          ; 0.107 V                              ; 0.02 V                               ; 4.5e-10 s                   ; 4.25e-10 s                  ; Yes                        ; Yes                        ; 2.32 V                      ; 1.06e-06 V                  ; 2.36 V             ; -0.00724 V         ; 0.107 V                             ; 0.02 V                              ; 4.5e-10 s                  ; 4.25e-10 s                 ; Yes                       ; Yes                       ;
; b_j2[7]       ; 2.5 V        ; 0 s                 ; 0 s                 ; 2.32 V                       ; 1.06e-06 V                   ; 2.36 V              ; -0.00724 V          ; 0.107 V                              ; 0.02 V                               ; 4.5e-10 s                   ; 4.25e-10 s                  ; Yes                        ; Yes                        ; 2.32 V                      ; 1.06e-06 V                  ; 2.36 V             ; -0.00724 V         ; 0.107 V                             ; 0.02 V                              ; 4.5e-10 s                  ; 4.25e-10 s                 ; Yes                       ; Yes                       ;
; alpha_j1      ; 2.5 V        ; 0 s                 ; 0 s                 ; 2.32 V                       ; 1.06e-06 V                   ; 2.36 V              ; -0.00724 V          ; 0.107 V                              ; 0.02 V                               ; 4.5e-10 s                   ; 4.25e-10 s                  ; Yes                        ; Yes                        ; 2.32 V                      ; 1.06e-06 V                  ; 2.36 V             ; -0.00724 V         ; 0.107 V                             ; 0.02 V                              ; 4.5e-10 s                  ; 4.25e-10 s                 ; Yes                       ; Yes                       ;
; beta_j1       ; 2.5 V        ; 0 s                 ; 0 s                 ; 2.32 V                       ; 1.06e-06 V                   ; 2.36 V              ; -0.00724 V          ; 0.107 V                              ; 0.02 V                               ; 4.5e-10 s                   ; 4.25e-10 s                  ; Yes                        ; Yes                        ; 2.32 V                      ; 1.06e-06 V                  ; 2.36 V             ; -0.00724 V         ; 0.107 V                             ; 0.02 V                              ; 4.5e-10 s                  ; 4.25e-10 s                 ; Yes                       ; Yes                       ;
; c_j1[0]       ; 2.5 V        ; 0 s                 ; 0 s                 ; 2.32 V                       ; 1.06e-06 V                   ; 2.36 V              ; -0.00724 V          ; 0.107 V                              ; 0.02 V                               ; 4.5e-10 s                   ; 4.25e-10 s                  ; Yes                        ; Yes                        ; 2.32 V                      ; 1.06e-06 V                  ; 2.36 V             ; -0.00724 V         ; 0.107 V                             ; 0.02 V                              ; 4.5e-10 s                  ; 4.25e-10 s                 ; Yes                       ; Yes                       ;
; c_j1[1]       ; 2.5 V        ; 0 s                 ; 0 s                 ; 2.32 V                       ; 1.06e-06 V                   ; 2.36 V              ; -0.00724 V          ; 0.107 V                              ; 0.02 V                               ; 4.5e-10 s                   ; 4.25e-10 s                  ; Yes                        ; Yes                        ; 2.32 V                      ; 1.06e-06 V                  ; 2.36 V             ; -0.00724 V         ; 0.107 V                             ; 0.02 V                              ; 4.5e-10 s                  ; 4.25e-10 s                 ; Yes                       ; Yes                       ;
; c_j1[2]       ; 2.5 V        ; 0 s                 ; 0 s                 ; 2.32 V                       ; 1.06e-06 V                   ; 2.36 V              ; -0.00724 V          ; 0.107 V                              ; 0.02 V                               ; 4.5e-10 s                   ; 4.25e-10 s                  ; Yes                        ; Yes                        ; 2.32 V                      ; 1.06e-06 V                  ; 2.36 V             ; -0.00724 V         ; 0.107 V                             ; 0.02 V                              ; 4.5e-10 s                  ; 4.25e-10 s                 ; Yes                       ; Yes                       ;
; c_j1[3]       ; 2.5 V        ; 0 s                 ; 0 s                 ; 2.32 V                       ; 1.06e-06 V                   ; 2.36 V              ; -0.00724 V          ; 0.107 V                              ; 0.02 V                               ; 4.5e-10 s                   ; 4.25e-10 s                  ; Yes                        ; Yes                        ; 2.32 V                      ; 1.06e-06 V                  ; 2.36 V             ; -0.00724 V         ; 0.107 V                             ; 0.02 V                              ; 4.5e-10 s                  ; 4.25e-10 s                 ; Yes                       ; Yes                       ;
; c_j1[4]       ; 2.5 V        ; 0 s                 ; 0 s                 ; 2.32 V                       ; 1.06e-06 V                   ; 2.36 V              ; -0.00724 V          ; 0.107 V                              ; 0.02 V                               ; 4.5e-10 s                   ; 4.25e-10 s                  ; Yes                        ; Yes                        ; 2.32 V                      ; 1.06e-06 V                  ; 2.36 V             ; -0.00724 V         ; 0.107 V                             ; 0.02 V                              ; 4.5e-10 s                  ; 4.25e-10 s                 ; Yes                       ; Yes                       ;
; c_j1[5]       ; 2.5 V        ; 0 s                 ; 0 s                 ; 2.32 V                       ; 1.06e-06 V                   ; 2.36 V              ; -0.00724 V          ; 0.107 V                              ; 0.02 V                               ; 4.5e-10 s                   ; 4.25e-10 s                  ; Yes                        ; Yes                        ; 2.32 V                      ; 1.06e-06 V                  ; 2.36 V             ; -0.00724 V         ; 0.107 V                             ; 0.02 V                              ; 4.5e-10 s                  ; 4.25e-10 s                 ; Yes                       ; Yes                       ;
; c_j1[6]       ; 2.5 V        ; 0 s                 ; 0 s                 ; 2.32 V                       ; 1.06e-06 V                   ; 2.36 V              ; -0.00724 V          ; 0.107 V                              ; 0.02 V                               ; 4.5e-10 s                   ; 4.25e-10 s                  ; Yes                        ; Yes                        ; 2.32 V                      ; 1.06e-06 V                  ; 2.36 V             ; -0.00724 V         ; 0.107 V                             ; 0.02 V                              ; 4.5e-10 s                  ; 4.25e-10 s                 ; Yes                       ; Yes                       ;
; c_j1[7]       ; 2.5 V        ; 0 s                 ; 0 s                 ; 2.32 V                       ; 1.06e-06 V                   ; 2.36 V              ; -0.00724 V          ; 0.107 V                              ; 0.02 V                               ; 4.5e-10 s                   ; 4.25e-10 s                  ; Yes                        ; Yes                        ; 2.32 V                      ; 1.06e-06 V                  ; 2.36 V             ; -0.00724 V         ; 0.107 V                             ; 0.02 V                              ; 4.5e-10 s                  ; 4.25e-10 s                 ; Yes                       ; Yes                       ;
; c_j1[8]       ; 2.5 V        ; 0 s                 ; 0 s                 ; 2.32 V                       ; 1.06e-06 V                   ; 2.36 V              ; -0.00724 V          ; 0.107 V                              ; 0.02 V                               ; 4.5e-10 s                   ; 4.25e-10 s                  ; Yes                        ; Yes                        ; 2.32 V                      ; 1.06e-06 V                  ; 2.36 V             ; -0.00724 V         ; 0.107 V                             ; 0.02 V                              ; 4.5e-10 s                  ; 4.25e-10 s                 ; Yes                       ; Yes                       ;
; c_j1[9]       ; 2.5 V        ; 0 s                 ; 0 s                 ; 2.32 V                       ; 1.06e-06 V                   ; 2.36 V              ; -0.00724 V          ; 0.107 V                              ; 0.02 V                               ; 4.5e-10 s                   ; 4.25e-10 s                  ; Yes                        ; Yes                        ; 2.32 V                      ; 1.06e-06 V                  ; 2.36 V             ; -0.00724 V         ; 0.107 V                             ; 0.02 V                              ; 4.5e-10 s                  ; 4.25e-10 s                 ; Yes                       ; Yes                       ;
; c_j1[10]      ; 2.5 V        ; 0 s                 ; 0 s                 ; 2.32 V                       ; 1.06e-06 V                   ; 2.36 V              ; -0.00724 V          ; 0.107 V                              ; 0.02 V                               ; 4.5e-10 s                   ; 4.25e-10 s                  ; Yes                        ; Yes                        ; 2.32 V                      ; 1.06e-06 V                  ; 2.36 V             ; -0.00724 V         ; 0.107 V                             ; 0.02 V                              ; 4.5e-10 s                  ; 4.25e-10 s                 ; Yes                       ; Yes                       ;
; c_j1[11]      ; 2.5 V        ; 0 s                 ; 0 s                 ; 2.32 V                       ; 1.06e-06 V                   ; 2.36 V              ; -0.00724 V          ; 0.107 V                              ; 0.02 V                               ; 4.5e-10 s                   ; 4.25e-10 s                  ; Yes                        ; Yes                        ; 2.32 V                      ; 1.06e-06 V                  ; 2.36 V             ; -0.00724 V         ; 0.107 V                             ; 0.02 V                              ; 4.5e-10 s                  ; 4.25e-10 s                 ; Yes                       ; Yes                       ;
; c_j1[12]      ; 2.5 V        ; 0 s                 ; 0 s                 ; 2.32 V                       ; 1.06e-06 V                   ; 2.36 V              ; -0.00724 V          ; 0.107 V                              ; 0.02 V                               ; 4.5e-10 s                   ; 4.25e-10 s                  ; Yes                        ; Yes                        ; 2.32 V                      ; 1.06e-06 V                  ; 2.36 V             ; -0.00724 V         ; 0.107 V                             ; 0.02 V                              ; 4.5e-10 s                  ; 4.25e-10 s                 ; Yes                       ; Yes                       ;
; c_j1[13]      ; 2.5 V        ; 0 s                 ; 0 s                 ; 2.32 V                       ; 1.06e-06 V                   ; 2.36 V              ; -0.00724 V          ; 0.107 V                              ; 0.02 V                               ; 4.5e-10 s                   ; 4.25e-10 s                  ; Yes                        ; Yes                        ; 2.32 V                      ; 1.06e-06 V                  ; 2.36 V             ; -0.00724 V         ; 0.107 V                             ; 0.02 V                              ; 4.5e-10 s                  ; 4.25e-10 s                 ; Yes                       ; Yes                       ;
; c_j1[14]      ; 2.5 V        ; 0 s                 ; 0 s                 ; 2.32 V                       ; 1.06e-06 V                   ; 2.36 V              ; -0.00724 V          ; 0.107 V                              ; 0.02 V                               ; 4.5e-10 s                   ; 4.25e-10 s                  ; Yes                        ; Yes                        ; 2.32 V                      ; 1.06e-06 V                  ; 2.36 V             ; -0.00724 V         ; 0.107 V                             ; 0.02 V                              ; 4.5e-10 s                  ; 4.25e-10 s                 ; Yes                       ; Yes                       ;
; c_j1[15]      ; 2.5 V        ; 0 s                 ; 0 s                 ; 2.32 V                       ; 1.06e-06 V                   ; 2.36 V              ; -0.00724 V          ; 0.107 V                              ; 0.02 V                               ; 4.5e-10 s                   ; 4.25e-10 s                  ; Yes                        ; Yes                        ; 2.32 V                      ; 1.06e-06 V                  ; 2.36 V             ; -0.00724 V         ; 0.107 V                             ; 0.02 V                              ; 4.5e-10 s                  ; 4.25e-10 s                 ; Yes                       ; Yes                       ;
; c_j1[16]      ; 2.5 V        ; 0 s                 ; 0 s                 ; 2.32 V                       ; 1.06e-06 V                   ; 2.36 V              ; -0.00724 V          ; 0.107 V                              ; 0.02 V                               ; 4.5e-10 s                   ; 4.25e-10 s                  ; Yes                        ; Yes                        ; 2.32 V                      ; 1.06e-06 V                  ; 2.36 V             ; -0.00724 V         ; 0.107 V                             ; 0.02 V                              ; 4.5e-10 s                  ; 4.25e-10 s                 ; Yes                       ; Yes                       ;
; c_j1[17]      ; 2.5 V        ; 0 s                 ; 0 s                 ; 2.32 V                       ; 1.06e-06 V                   ; 2.36 V              ; -0.00724 V          ; 0.107 V                              ; 0.02 V                               ; 4.5e-10 s                   ; 4.25e-10 s                  ; Yes                        ; Yes                        ; 2.32 V                      ; 1.06e-06 V                  ; 2.36 V             ; -0.00724 V         ; 0.107 V                             ; 0.02 V                              ; 4.5e-10 s                  ; 4.25e-10 s                 ; Yes                       ; Yes                       ;
; ~ALTERA_DCLK~ ; 2.5 V        ; 0 s                 ; 0 s                 ; 2.32 V                       ; 5.74e-07 V                   ; 2.36 V              ; -0.0201 V           ; 0.072 V                              ; 0.033 V                              ; 4.04e-10 s                  ; 3.29e-10 s                  ; Yes                        ; Yes                        ; 2.32 V                      ; 5.74e-07 V                  ; 2.36 V             ; -0.0201 V          ; 0.072 V                             ; 0.033 V                             ; 4.04e-10 s                 ; 3.29e-10 s                 ; Yes                       ; Yes                       ;
; ~ALTERA_nCEO~ ; 2.5 V        ; 0 s                 ; 0 s                 ; 2.32 V                       ; 9.45e-07 V                   ; 2.35 V              ; -0.00643 V          ; 0.081 V                              ; 0.031 V                              ; 5.31e-10 s                  ; 7.59e-10 s                  ; Yes                        ; Yes                        ; 2.32 V                      ; 9.45e-07 V                  ; 2.35 V             ; -0.00643 V         ; 0.081 V                             ; 0.031 V                             ; 5.31e-10 s                 ; 7.59e-10 s                 ; Yes                       ; Yes                       ;
+---------------+--------------+---------------------+---------------------+------------------------------+------------------------------+---------------------+---------------------+--------------------------------------+--------------------------------------+-----------------------------+-----------------------------+----------------------------+----------------------------+-----------------------------+-----------------------------+--------------------+--------------------+-------------------------------------+-------------------------------------+----------------------------+----------------------------+---------------------------+---------------------------+


+--------------------------------------------------------------------------------------------------------------------------------------------------------------------------------------------------------------------------------------------------------------------------------------------------------------------------------------------------------------------------------------------------------------------------------------------------------------------------------------------------------------------------------------------------------------------------------------------------------------------------------------------------------------------------------------------+
; Signal Integrity Metrics (Fast 1200mv 0c Model)                                                                                                                                                                                                                                                                                                                                                                                                                                                                                                                                                                                                                                            ;
+---------------+--------------+---------------------+---------------------+------------------------------+------------------------------+---------------------+---------------------+--------------------------------------+--------------------------------------+-----------------------------+-----------------------------+----------------------------+----------------------------+-----------------------------+-----------------------------+--------------------+--------------------+-------------------------------------+-------------------------------------+----------------------------+----------------------------+---------------------------+---------------------------+
; Pin           ; I/O Standard ; Board Delay on Rise ; Board Delay on Fall ; Steady State Voh at FPGA Pin ; Steady State Vol at FPGA Pin ; Voh Max at FPGA Pin ; Vol Min at FPGA Pin ; Ringback Voltage on Rise at FPGA Pin ; Ringback Voltage on Fall at FPGA Pin ; 10-90 Rise Time at FPGA Pin ; 90-10 Fall Time at FPGA Pin ; Monotonic Rise at FPGA Pin ; Monotonic Fall at FPGA Pin ; Steady State Voh at Far-end ; Steady State Vol at Far-end ; Voh Max at Far-end ; Vol Min at Far-end ; Ringback Voltage on Rise at Far-end ; Ringback Voltage on Fall at Far-end ; 10-90 Rise Time at Far-end ; 90-10 Fall Time at Far-end ; Monotonic Rise at Far-end ; Monotonic Fall at Far-end ;
+---------------+--------------+---------------------+---------------------+------------------------------+------------------------------+---------------------+---------------------+--------------------------------------+--------------------------------------+-----------------------------+-----------------------------+----------------------------+----------------------------+-----------------------------+-----------------------------+--------------------+--------------------+-------------------------------------+-------------------------------------+----------------------------+----------------------------+---------------------------+---------------------------+
; a_j2[0]       ; 2.5 V        ; 0 s                 ; 0 s                 ; 2.62 V                       ; 4.05e-08 V                   ; 2.72 V              ; -0.0349 V           ; 0.173 V                              ; 0.1 V                                ; 2.72e-10 s                  ; 2.69e-10 s                  ; Yes                        ; Yes                        ; 2.62 V                      ; 4.05e-08 V                  ; 2.72 V             ; -0.0349 V          ; 0.173 V                             ; 0.1 V                               ; 2.72e-10 s                 ; 2.69e-10 s                 ; Yes                       ; Yes                       ;
; a_j2[1]       ; 2.5 V        ; 0 s                 ; 0 s                 ; 2.62 V                       ; 4.05e-08 V                   ; 2.72 V              ; -0.0349 V           ; 0.173 V                              ; 0.1 V                                ; 2.72e-10 s                  ; 2.69e-10 s                  ; Yes                        ; Yes                        ; 2.62 V                      ; 4.05e-08 V                  ; 2.72 V             ; -0.0349 V          ; 0.173 V                             ; 0.1 V                               ; 2.72e-10 s                 ; 2.69e-10 s                 ; Yes                       ; Yes                       ;
; a_j2[2]       ; 2.5 V        ; 0 s                 ; 0 s                 ; 2.62 V                       ; 4.05e-08 V                   ; 2.72 V              ; -0.0349 V           ; 0.173 V                              ; 0.1 V                                ; 2.72e-10 s                  ; 2.69e-10 s                  ; Yes                        ; Yes                        ; 2.62 V                      ; 4.05e-08 V                  ; 2.72 V             ; -0.0349 V          ; 0.173 V                             ; 0.1 V                               ; 2.72e-10 s                 ; 2.69e-10 s                 ; Yes                       ; Yes                       ;
; a_j2[3]       ; 2.5 V        ; 0 s                 ; 0 s                 ; 2.62 V                       ; 4.05e-08 V                   ; 2.72 V              ; -0.0349 V           ; 0.173 V                              ; 0.1 V                                ; 2.72e-10 s                  ; 2.69e-10 s                  ; Yes                        ; Yes                        ; 2.62 V                      ; 4.05e-08 V                  ; 2.72 V             ; -0.0349 V          ; 0.173 V                             ; 0.1 V                               ; 2.72e-10 s                 ; 2.69e-10 s                 ; Yes                       ; Yes                       ;
; a_j2[4]       ; 2.5 V        ; 0 s                 ; 0 s                 ; 2.62 V                       ; 4.05e-08 V                   ; 2.72 V              ; -0.0349 V           ; 0.173 V                              ; 0.1 V                                ; 2.72e-10 s                  ; 2.69e-10 s                  ; Yes                        ; Yes                        ; 2.62 V                      ; 4.05e-08 V                  ; 2.72 V             ; -0.0349 V          ; 0.173 V                             ; 0.1 V                               ; 2.72e-10 s                 ; 2.69e-10 s                 ; Yes                       ; Yes                       ;
; a_j2[5]       ; 2.5 V        ; 0 s                 ; 0 s                 ; 2.62 V                       ; 4.05e-08 V                   ; 2.72 V              ; -0.0349 V           ; 0.173 V                              ; 0.1 V                                ; 2.72e-10 s                  ; 2.69e-10 s                  ; Yes                        ; Yes                        ; 2.62 V                      ; 4.05e-08 V                  ; 2.72 V             ; -0.0349 V          ; 0.173 V                             ; 0.1 V                               ; 2.72e-10 s                 ; 2.69e-10 s                 ; Yes                       ; Yes                       ;
; a_j2[6]       ; 2.5 V        ; 0 s                 ; 0 s                 ; 2.62 V                       ; 4.05e-08 V                   ; 2.72 V              ; -0.0349 V           ; 0.173 V                              ; 0.1 V                                ; 2.72e-10 s                  ; 2.69e-10 s                  ; Yes                        ; Yes                        ; 2.62 V                      ; 4.05e-08 V                  ; 2.72 V             ; -0.0349 V          ; 0.173 V                             ; 0.1 V                               ; 2.72e-10 s                 ; 2.69e-10 s                 ; Yes                       ; Yes                       ;
; a_j2[7]       ; 2.5 V        ; 0 s                 ; 0 s                 ; 2.62 V                       ; 4.05e-08 V                   ; 2.72 V              ; -0.0349 V           ; 0.173 V                              ; 0.1 V                                ; 2.72e-10 s                  ; 2.69e-10 s                  ; Yes                        ; Yes                        ; 2.62 V                      ; 4.05e-08 V                  ; 2.72 V             ; -0.0349 V          ; 0.173 V                             ; 0.1 V                               ; 2.72e-10 s                 ; 2.69e-10 s                 ; Yes                       ; Yes                       ;
; b_j2[0]       ; 2.5 V        ; 0 s                 ; 0 s                 ; 2.62 V                       ; 4.05e-08 V                   ; 2.72 V              ; -0.0349 V           ; 0.173 V                              ; 0.1 V                                ; 2.72e-10 s                  ; 2.69e-10 s                  ; Yes                        ; Yes                        ; 2.62 V                      ; 4.05e-08 V                  ; 2.72 V             ; -0.0349 V          ; 0.173 V                             ; 0.1 V                               ; 2.72e-10 s                 ; 2.69e-10 s                 ; Yes                       ; Yes                       ;
; b_j2[1]       ; 2.5 V        ; 0 s                 ; 0 s                 ; 2.62 V                       ; 4.05e-08 V                   ; 2.72 V              ; -0.0349 V           ; 0.173 V                              ; 0.1 V                                ; 2.72e-10 s                  ; 2.69e-10 s                  ; Yes                        ; Yes                        ; 2.62 V                      ; 4.05e-08 V                  ; 2.72 V             ; -0.0349 V          ; 0.173 V                             ; 0.1 V                               ; 2.72e-10 s                 ; 2.69e-10 s                 ; Yes                       ; Yes                       ;
; b_j2[2]       ; 2.5 V        ; 0 s                 ; 0 s                 ; 2.62 V                       ; 4.05e-08 V                   ; 2.72 V              ; -0.0349 V           ; 0.173 V                              ; 0.1 V                                ; 2.72e-10 s                  ; 2.69e-10 s                  ; Yes                        ; Yes                        ; 2.62 V                      ; 4.05e-08 V                  ; 2.72 V             ; -0.0349 V          ; 0.173 V                             ; 0.1 V                               ; 2.72e-10 s                 ; 2.69e-10 s                 ; Yes                       ; Yes                       ;
; b_j2[3]       ; 2.5 V        ; 0 s                 ; 0 s                 ; 2.62 V                       ; 4.05e-08 V                   ; 2.64 V              ; -0.0113 V           ; 0.208 V                              ; 0.179 V                              ; 2.38e-09 s                  ; 2.23e-09 s                  ; No                         ; Yes                        ; 2.62 V                      ; 4.05e-08 V                  ; 2.64 V             ; -0.0113 V          ; 0.208 V                             ; 0.179 V                             ; 2.38e-09 s                 ; 2.23e-09 s                 ; No                        ; Yes                       ;
; b_j2[4]       ; 2.5 V        ; 0 s                 ; 0 s                 ; 2.62 V                       ; 4.05e-08 V                   ; 2.72 V              ; -0.0349 V           ; 0.173 V                              ; 0.1 V                                ; 2.72e-10 s                  ; 2.69e-10 s                  ; Yes                        ; Yes                        ; 2.62 V                      ; 4.05e-08 V                  ; 2.72 V             ; -0.0349 V          ; 0.173 V                             ; 0.1 V                               ; 2.72e-10 s                 ; 2.69e-10 s                 ; Yes                       ; Yes                       ;
; b_j2[5]       ; 2.5 V        ; 0 s                 ; 0 s                 ; 2.62 V                       ; 4.05e-08 V                   ; 2.72 V              ; -0.0349 V           ; 0.173 V                              ; 0.1 V                                ; 2.72e-10 s                  ; 2.69e-10 s                  ; Yes                        ; Yes                        ; 2.62 V                      ; 4.05e-08 V                  ; 2.72 V             ; -0.0349 V          ; 0.173 V                             ; 0.1 V                               ; 2.72e-10 s                 ; 2.69e-10 s                 ; Yes                       ; Yes                       ;
; b_j2[6]       ; 2.5 V        ; 0 s                 ; 0 s                 ; 2.62 V                       ; 4.05e-08 V                   ; 2.72 V              ; -0.0349 V           ; 0.173 V                              ; 0.1 V                                ; 2.72e-10 s                  ; 2.69e-10 s                  ; Yes                        ; Yes                        ; 2.62 V                      ; 4.05e-08 V                  ; 2.72 V             ; -0.0349 V          ; 0.173 V                             ; 0.1 V                               ; 2.72e-10 s                 ; 2.69e-10 s                 ; Yes                       ; Yes                       ;
; b_j2[7]       ; 2.5 V        ; 0 s                 ; 0 s                 ; 2.62 V                       ; 4.05e-08 V                   ; 2.72 V              ; -0.0349 V           ; 0.173 V                              ; 0.1 V                                ; 2.72e-10 s                  ; 2.69e-10 s                  ; Yes                        ; Yes                        ; 2.62 V                      ; 4.05e-08 V                  ; 2.72 V             ; -0.0349 V          ; 0.173 V                             ; 0.1 V                               ; 2.72e-10 s                 ; 2.69e-10 s                 ; Yes                       ; Yes                       ;
; alpha_j1      ; 2.5 V        ; 0 s                 ; 0 s                 ; 2.62 V                       ; 4.05e-08 V                   ; 2.72 V              ; -0.0349 V           ; 0.173 V                              ; 0.1 V                                ; 2.72e-10 s                  ; 2.69e-10 s                  ; Yes                        ; Yes                        ; 2.62 V                      ; 4.05e-08 V                  ; 2.72 V             ; -0.0349 V          ; 0.173 V                             ; 0.1 V                               ; 2.72e-10 s                 ; 2.69e-10 s                 ; Yes                       ; Yes                       ;
; beta_j1       ; 2.5 V        ; 0 s                 ; 0 s                 ; 2.62 V                       ; 4.05e-08 V                   ; 2.72 V              ; -0.0349 V           ; 0.173 V                              ; 0.1 V                                ; 2.72e-10 s                  ; 2.69e-10 s                  ; Yes                        ; Yes                        ; 2.62 V                      ; 4.05e-08 V                  ; 2.72 V             ; -0.0349 V          ; 0.173 V                             ; 0.1 V                               ; 2.72e-10 s                 ; 2.69e-10 s                 ; Yes                       ; Yes                       ;
; c_j1[0]       ; 2.5 V        ; 0 s                 ; 0 s                 ; 2.62 V                       ; 4.05e-08 V                   ; 2.72 V              ; -0.0349 V           ; 0.173 V                              ; 0.1 V                                ; 2.72e-10 s                  ; 2.69e-10 s                  ; Yes                        ; Yes                        ; 2.62 V                      ; 4.05e-08 V                  ; 2.72 V             ; -0.0349 V          ; 0.173 V                             ; 0.1 V                               ; 2.72e-10 s                 ; 2.69e-10 s                 ; Yes                       ; Yes                       ;
; c_j1[1]       ; 2.5 V        ; 0 s                 ; 0 s                 ; 2.62 V                       ; 4.05e-08 V                   ; 2.72 V              ; -0.0349 V           ; 0.173 V                              ; 0.1 V                                ; 2.72e-10 s                  ; 2.69e-10 s                  ; Yes                        ; Yes                        ; 2.62 V                      ; 4.05e-08 V                  ; 2.72 V             ; -0.0349 V          ; 0.173 V                             ; 0.1 V                               ; 2.72e-10 s                 ; 2.69e-10 s                 ; Yes                       ; Yes                       ;
; c_j1[2]       ; 2.5 V        ; 0 s                 ; 0 s                 ; 2.62 V                       ; 4.05e-08 V                   ; 2.72 V              ; -0.0349 V           ; 0.173 V                              ; 0.1 V                                ; 2.72e-10 s                  ; 2.69e-10 s                  ; Yes                        ; Yes                        ; 2.62 V                      ; 4.05e-08 V                  ; 2.72 V             ; -0.0349 V          ; 0.173 V                             ; 0.1 V                               ; 2.72e-10 s                 ; 2.69e-10 s                 ; Yes                       ; Yes                       ;
; c_j1[3]       ; 2.5 V        ; 0 s                 ; 0 s                 ; 2.62 V                       ; 4.05e-08 V                   ; 2.72 V              ; -0.0349 V           ; 0.173 V                              ; 0.1 V                                ; 2.72e-10 s                  ; 2.69e-10 s                  ; Yes                        ; Yes                        ; 2.62 V                      ; 4.05e-08 V                  ; 2.72 V             ; -0.0349 V          ; 0.173 V                             ; 0.1 V                               ; 2.72e-10 s                 ; 2.69e-10 s                 ; Yes                       ; Yes                       ;
; c_j1[4]       ; 2.5 V        ; 0 s                 ; 0 s                 ; 2.62 V                       ; 4.05e-08 V                   ; 2.72 V              ; -0.0349 V           ; 0.173 V                              ; 0.1 V                                ; 2.72e-10 s                  ; 2.69e-10 s                  ; Yes                        ; Yes                        ; 2.62 V                      ; 4.05e-08 V                  ; 2.72 V             ; -0.0349 V          ; 0.173 V                             ; 0.1 V                               ; 2.72e-10 s                 ; 2.69e-10 s                 ; Yes                       ; Yes                       ;
; c_j1[5]       ; 2.5 V        ; 0 s                 ; 0 s                 ; 2.62 V                       ; 4.05e-08 V                   ; 2.72 V              ; -0.0349 V           ; 0.173 V                              ; 0.1 V                                ; 2.72e-10 s                  ; 2.69e-10 s                  ; Yes                        ; Yes                        ; 2.62 V                      ; 4.05e-08 V                  ; 2.72 V             ; -0.0349 V          ; 0.173 V                             ; 0.1 V                               ; 2.72e-10 s                 ; 2.69e-10 s                 ; Yes                       ; Yes                       ;
; c_j1[6]       ; 2.5 V        ; 0 s                 ; 0 s                 ; 2.62 V                       ; 4.05e-08 V                   ; 2.72 V              ; -0.0349 V           ; 0.173 V                              ; 0.1 V                                ; 2.72e-10 s                  ; 2.69e-10 s                  ; Yes                        ; Yes                        ; 2.62 V                      ; 4.05e-08 V                  ; 2.72 V             ; -0.0349 V          ; 0.173 V                             ; 0.1 V                               ; 2.72e-10 s                 ; 2.69e-10 s                 ; Yes                       ; Yes                       ;
; c_j1[7]       ; 2.5 V        ; 0 s                 ; 0 s                 ; 2.62 V                       ; 4.05e-08 V                   ; 2.72 V              ; -0.0349 V           ; 0.173 V                              ; 0.1 V                                ; 2.72e-10 s                  ; 2.69e-10 s                  ; Yes                        ; Yes                        ; 2.62 V                      ; 4.05e-08 V                  ; 2.72 V             ; -0.0349 V          ; 0.173 V                             ; 0.1 V                               ; 2.72e-10 s                 ; 2.69e-10 s                 ; Yes                       ; Yes                       ;
; c_j1[8]       ; 2.5 V        ; 0 s                 ; 0 s                 ; 2.62 V                       ; 4.05e-08 V                   ; 2.72 V              ; -0.0349 V           ; 0.173 V                              ; 0.1 V                                ; 2.72e-10 s                  ; 2.69e-10 s                  ; Yes                        ; Yes                        ; 2.62 V                      ; 4.05e-08 V                  ; 2.72 V             ; -0.0349 V          ; 0.173 V                             ; 0.1 V                               ; 2.72e-10 s                 ; 2.69e-10 s                 ; Yes                       ; Yes                       ;
; c_j1[9]       ; 2.5 V        ; 0 s                 ; 0 s                 ; 2.62 V                       ; 4.05e-08 V                   ; 2.72 V              ; -0.0349 V           ; 0.173 V                              ; 0.1 V                                ; 2.72e-10 s                  ; 2.69e-10 s                  ; Yes                        ; Yes                        ; 2.62 V                      ; 4.05e-08 V                  ; 2.72 V             ; -0.0349 V          ; 0.173 V                             ; 0.1 V                               ; 2.72e-10 s                 ; 2.69e-10 s                 ; Yes                       ; Yes                       ;
; c_j1[10]      ; 2.5 V        ; 0 s                 ; 0 s                 ; 2.62 V                       ; 4.05e-08 V                   ; 2.72 V              ; -0.0349 V           ; 0.173 V                              ; 0.1 V                                ; 2.72e-10 s                  ; 2.69e-10 s                  ; Yes                        ; Yes                        ; 2.62 V                      ; 4.05e-08 V                  ; 2.72 V             ; -0.0349 V          ; 0.173 V                             ; 0.1 V                               ; 2.72e-10 s                 ; 2.69e-10 s                 ; Yes                       ; Yes                       ;
; c_j1[11]      ; 2.5 V        ; 0 s                 ; 0 s                 ; 2.62 V                       ; 4.05e-08 V                   ; 2.72 V              ; -0.0349 V           ; 0.173 V                              ; 0.1 V                                ; 2.72e-10 s                  ; 2.69e-10 s                  ; Yes                        ; Yes                        ; 2.62 V                      ; 4.05e-08 V                  ; 2.72 V             ; -0.0349 V          ; 0.173 V                             ; 0.1 V                               ; 2.72e-10 s                 ; 2.69e-10 s                 ; Yes                       ; Yes                       ;
; c_j1[12]      ; 2.5 V        ; 0 s                 ; 0 s                 ; 2.62 V                       ; 4.05e-08 V                   ; 2.72 V              ; -0.0349 V           ; 0.173 V                              ; 0.1 V                                ; 2.72e-10 s                  ; 2.69e-10 s                  ; Yes                        ; Yes                        ; 2.62 V                      ; 4.05e-08 V                  ; 2.72 V             ; -0.0349 V          ; 0.173 V                             ; 0.1 V                               ; 2.72e-10 s                 ; 2.69e-10 s                 ; Yes                       ; Yes                       ;
; c_j1[13]      ; 2.5 V        ; 0 s                 ; 0 s                 ; 2.62 V                       ; 4.05e-08 V                   ; 2.72 V              ; -0.0349 V           ; 0.173 V                              ; 0.1 V                                ; 2.72e-10 s                  ; 2.69e-10 s                  ; Yes                        ; Yes                        ; 2.62 V                      ; 4.05e-08 V                  ; 2.72 V             ; -0.0349 V          ; 0.173 V                             ; 0.1 V                               ; 2.72e-10 s                 ; 2.69e-10 s                 ; Yes                       ; Yes                       ;
; c_j1[14]      ; 2.5 V        ; 0 s                 ; 0 s                 ; 2.62 V                       ; 4.05e-08 V                   ; 2.72 V              ; -0.0349 V           ; 0.173 V                              ; 0.1 V                                ; 2.72e-10 s                  ; 2.69e-10 s                  ; Yes                        ; Yes                        ; 2.62 V                      ; 4.05e-08 V                  ; 2.72 V             ; -0.0349 V          ; 0.173 V                             ; 0.1 V                               ; 2.72e-10 s                 ; 2.69e-10 s                 ; Yes                       ; Yes                       ;
; c_j1[15]      ; 2.5 V        ; 0 s                 ; 0 s                 ; 2.62 V                       ; 4.05e-08 V                   ; 2.72 V              ; -0.0349 V           ; 0.173 V                              ; 0.1 V                                ; 2.72e-10 s                  ; 2.69e-10 s                  ; Yes                        ; Yes                        ; 2.62 V                      ; 4.05e-08 V                  ; 2.72 V             ; -0.0349 V          ; 0.173 V                             ; 0.1 V                               ; 2.72e-10 s                 ; 2.69e-10 s                 ; Yes                       ; Yes                       ;
; c_j1[16]      ; 2.5 V        ; 0 s                 ; 0 s                 ; 2.62 V                       ; 4.05e-08 V                   ; 2.72 V              ; -0.0349 V           ; 0.173 V                              ; 0.1 V                                ; 2.72e-10 s                  ; 2.69e-10 s                  ; Yes                        ; Yes                        ; 2.62 V                      ; 4.05e-08 V                  ; 2.72 V             ; -0.0349 V          ; 0.173 V                             ; 0.1 V                               ; 2.72e-10 s                 ; 2.69e-10 s                 ; Yes                       ; Yes                       ;
; c_j1[17]      ; 2.5 V        ; 0 s                 ; 0 s                 ; 2.62 V                       ; 4.05e-08 V                   ; 2.72 V              ; -0.0349 V           ; 0.173 V                              ; 0.1 V                                ; 2.72e-10 s                  ; 2.69e-10 s                  ; Yes                        ; Yes                        ; 2.62 V                      ; 4.05e-08 V                  ; 2.72 V             ; -0.0349 V          ; 0.173 V                             ; 0.1 V                               ; 2.72e-10 s                 ; 2.69e-10 s                 ; Yes                       ; Yes                       ;
; ~ALTERA_DCLK~ ; 2.5 V        ; 0 s                 ; 0 s                 ; 2.62 V                       ; 2.22e-08 V                   ; 2.74 V              ; -0.06 V             ; 0.158 V                              ; 0.08 V                               ; 2.68e-10 s                  ; 2.19e-10 s                  ; Yes                        ; Yes                        ; 2.62 V                      ; 2.22e-08 V                  ; 2.74 V             ; -0.06 V            ; 0.158 V                             ; 0.08 V                              ; 2.68e-10 s                 ; 2.19e-10 s                 ; Yes                       ; Yes                       ;
; ~ALTERA_nCEO~ ; 2.5 V        ; 0 s                 ; 0 s                 ; 2.62 V                       ; 3.54e-08 V                   ; 2.7 V               ; -0.00943 V          ; 0.276 V                              ; 0.035 V                              ; 3.19e-10 s                  ; 4.99e-10 s                  ; No                         ; Yes                        ; 2.62 V                      ; 3.54e-08 V                  ; 2.7 V              ; -0.00943 V         ; 0.276 V                             ; 0.035 V                             ; 3.19e-10 s                 ; 4.99e-10 s                 ; No                        ; Yes                       ;
+---------------+--------------+---------------------+---------------------+------------------------------+------------------------------+---------------------+---------------------+--------------------------------------+--------------------------------------+-----------------------------+-----------------------------+----------------------------+----------------------------+-----------------------------+-----------------------------+--------------------+--------------------+-------------------------------------+-------------------------------------+----------------------------+----------------------------+---------------------------+---------------------------+


+-------------------------------------------------------------------+
; Setup Transfers                                                   ;
+------------+----------+----------+----------+----------+----------+
; From Clock ; To Clock ; RR Paths ; FR Paths ; RF Paths ; FF Paths ;
+------------+----------+----------+----------+----------+----------+
; clk        ; clk      ; 68       ; 0        ; 0        ; 0        ;
+------------+----------+----------+----------+----------+----------+
Entries labeled "false path" only account for clock-to-clock false paths and not path-based false paths. As a result, actual path counts may be lower than reported.


+-------------------------------------------------------------------+
; Hold Transfers                                                    ;
+------------+----------+----------+----------+----------+----------+
; From Clock ; To Clock ; RR Paths ; FR Paths ; RF Paths ; FF Paths ;
+------------+----------+----------+----------+----------+----------+
; clk        ; clk      ; 68       ; 0        ; 0        ; 0        ;
+------------+----------+----------+----------+----------+----------+
Entries labeled "false path" only account for clock-to-clock false paths and not path-based false paths. As a result, actual path counts may be lower than reported.


+-------------------------------------------------------------------+
; Recovery Transfers                                                ;
+------------+----------+----------+----------+----------+----------+
; From Clock ; To Clock ; RR Paths ; FR Paths ; RF Paths ; FF Paths ;
+------------+----------+----------+----------+----------+----------+
; clk        ; clk      ; 8        ; 0        ; 0        ; 0        ;
+------------+----------+----------+----------+----------+----------+
Entries labeled "false path" only account for clock-to-clock false paths and not path-based false paths. As a result, actual path counts may be lower than reported.


+-------------------------------------------------------------------+
; Removal Transfers                                                 ;
+------------+----------+----------+----------+----------+----------+
; From Clock ; To Clock ; RR Paths ; FR Paths ; RF Paths ; FF Paths ;
+------------+----------+----------+----------+----------+----------+
; clk        ; clk      ; 8        ; 0        ; 0        ; 0        ;
+------------+----------+----------+----------+----------+----------+
Entries labeled "false path" only account for clock-to-clock false paths and not path-based false paths. As a result, actual path counts may be lower than reported.


---------------
; Report TCCS ;
---------------
No dedicated SERDES Transmitter circuitry present in device or used in design


---------------
; Report RSKM ;
---------------
No non-DPA dedicated SERDES Receiver circuitry present in device or used in design


+------------------------------------------------+
; Unconstrained Paths Summary                    ;
+---------------------------------+-------+------+
; Property                        ; Setup ; Hold ;
+---------------------------------+-------+------+
; Illegal Clocks                  ; 0     ; 0    ;
; Unconstrained Clocks            ; 0     ; 0    ;
; Unconstrained Input Ports       ; 19    ; 19   ;
; Unconstrained Input Port Paths  ; 119   ; 119  ;
; Unconstrained Output Ports      ; 34    ; 34   ;
; Unconstrained Output Port Paths ; 274   ; 274  ;
+---------------------------------+-------+------+


+-------------------------------------+
; Clock Status Summary                ;
+--------+-------+------+-------------+
; Target ; Clock ; Type ; Status      ;
+--------+-------+------+-------------+
; clk    ; clk   ; Base ; Constrained ;
+--------+-------+------+-------------+


+---------------------------------------------------------------------------------------------------+
; Unconstrained Input Ports                                                                         ;
+------------+--------------------------------------------------------------------------------------+
; Input Port ; Comment                                                                              ;
+------------+--------------------------------------------------------------------------------------+
; a[0]       ; No input delay, min/max delays, false-path exceptions, or max skew assignments found ;
; a[1]       ; No input delay, min/max delays, false-path exceptions, or max skew assignments found ;
; a[2]       ; No input delay, min/max delays, false-path exceptions, or max skew assignments found ;
; a[3]       ; No input delay, min/max delays, false-path exceptions, or max skew assignments found ;
; a[4]       ; No input delay, min/max delays, false-path exceptions, or max skew assignments found ;
; a[5]       ; No input delay, min/max delays, false-path exceptions, or max skew assignments found ;
; a[6]       ; No input delay, min/max delays, false-path exceptions, or max skew assignments found ;
; a[7]       ; No input delay, min/max delays, false-path exceptions, or max skew assignments found ;
; alpha      ; No input delay, min/max delays, false-path exceptions, or max skew assignments found ;
; b[0]       ; No input delay, min/max delays, false-path exceptions, or max skew assignments found ;
; b[1]       ; No input delay, min/max delays, false-path exceptions, or max skew assignments found ;
; b[2]       ; No input delay, min/max delays, false-path exceptions, or max skew assignments found ;
; b[3]       ; No input delay, min/max delays, false-path exceptions, or max skew assignments found ;
; b[4]       ; No input delay, min/max delays, false-path exceptions, or max skew assignments found ;
; b[5]       ; No input delay, min/max delays, false-path exceptions, or max skew assignments found ;
; b[6]       ; No input delay, min/max delays, false-path exceptions, or max skew assignments found ;
; b[7]       ; No input delay, min/max delays, false-path exceptions, or max skew assignments found ;
; beta       ; No input delay, min/max delays, false-path exceptions, or max skew assignments found ;
; reset      ; No input delay, min/max delays, false-path exceptions, or max skew assignments found ;
+------------+--------------------------------------------------------------------------------------+


+-----------------------------------------------------------------------------------------------------+
; Unconstrained Output Ports                                                                          ;
+-------------+---------------------------------------------------------------------------------------+
; Output Port ; Comment                                                                               ;
+-------------+---------------------------------------------------------------------------------------+
; a_j2[0]     ; No output delay, min/max delays, false-path exceptions, or max skew assignments found ;
; a_j2[1]     ; No output delay, min/max delays, false-path exceptions, or max skew assignments found ;
; a_j2[2]     ; No output delay, min/max delays, false-path exceptions, or max skew assignments found ;
; a_j2[3]     ; No output delay, min/max delays, false-path exceptions, or max skew assignments found ;
; a_j2[4]     ; No output delay, min/max delays, false-path exceptions, or max skew assignments found ;
; a_j2[5]     ; No output delay, min/max delays, false-path exceptions, or max skew assignments found ;
; a_j2[6]     ; No output delay, min/max delays, false-path exceptions, or max skew assignments found ;
; a_j2[7]     ; No output delay, min/max delays, false-path exceptions, or max skew assignments found ;
; alpha_j1    ; No output delay, min/max delays, false-path exceptions, or max skew assignments found ;
; b_j2[0]     ; No output delay, min/max delays, false-path exceptions, or max skew assignments found ;
; b_j2[1]     ; No output delay, min/max delays, false-path exceptions, or max skew assignments found ;
; b_j2[2]     ; No output delay, min/max delays, false-path exceptions, or max skew assignments found ;
; b_j2[3]     ; No output delay, min/max delays, false-path exceptions, or max skew assignments found ;
; b_j2[4]     ; No output delay, min/max delays, false-path exceptions, or max skew assignments found ;
; b_j2[5]     ; No output delay, min/max delays, false-path exceptions, or max skew assignments found ;
; b_j2[6]     ; No output delay, min/max delays, false-path exceptions, or max skew assignments found ;
; b_j2[7]     ; No output delay, min/max delays, false-path exceptions, or max skew assignments found ;
; beta_j1     ; No output delay, min/max delays, false-path exceptions, or max skew assignments found ;
; c_j1[0]     ; No output delay, min/max delays, false-path exceptions, or max skew assignments found ;
; c_j1[1]     ; No output delay, min/max delays, false-path exceptions, or max skew assignments found ;
; c_j1[2]     ; No output delay, min/max delays, false-path exceptions, or max skew assignments found ;
; c_j1[3]     ; No output delay, min/max delays, false-path exceptions, or max skew assignments found ;
; c_j1[4]     ; No output delay, min/max delays, false-path exceptions, or max skew assignments found ;
; c_j1[5]     ; No output delay, min/max delays, false-path exceptions, or max skew assignments found ;
; c_j1[6]     ; No output delay, min/max delays, false-path exceptions, or max skew assignments found ;
; c_j1[7]     ; No output delay, min/max delays, false-path exceptions, or max skew assignments found ;
; c_j1[8]     ; No output delay, min/max delays, false-path exceptions, or max skew assignments found ;
; c_j1[9]     ; No output delay, min/max delays, false-path exceptions, or max skew assignments found ;
; c_j1[10]    ; No output delay, min/max delays, false-path exceptions, or max skew assignments found ;
; c_j1[11]    ; No output delay, min/max delays, false-path exceptions, or max skew assignments found ;
; c_j1[12]    ; No output delay, min/max delays, false-path exceptions, or max skew assignments found ;
; c_j1[13]    ; No output delay, min/max delays, false-path exceptions, or max skew assignments found ;
; c_j1[14]    ; No output delay, min/max delays, false-path exceptions, or max skew assignments found ;
; c_j1[15]    ; No output delay, min/max delays, false-path exceptions, or max skew assignments found ;
+-------------+---------------------------------------------------------------------------------------+


+---------------------------------------------------------------------------------------------------+
; Unconstrained Input Ports                                                                         ;
+------------+--------------------------------------------------------------------------------------+
; Input Port ; Comment                                                                              ;
+------------+--------------------------------------------------------------------------------------+
; a[0]       ; No input delay, min/max delays, false-path exceptions, or max skew assignments found ;
; a[1]       ; No input delay, min/max delays, false-path exceptions, or max skew assignments found ;
; a[2]       ; No input delay, min/max delays, false-path exceptions, or max skew assignments found ;
; a[3]       ; No input delay, min/max delays, false-path exceptions, or max skew assignments found ;
; a[4]       ; No input delay, min/max delays, false-path exceptions, or max skew assignments found ;
; a[5]       ; No input delay, min/max delays, false-path exceptions, or max skew assignments found ;
; a[6]       ; No input delay, min/max delays, false-path exceptions, or max skew assignments found ;
; a[7]       ; No input delay, min/max delays, false-path exceptions, or max skew assignments found ;
; alpha      ; No input delay, min/max delays, false-path exceptions, or max skew assignments found ;
; b[0]       ; No input delay, min/max delays, false-path exceptions, or max skew assignments found ;
; b[1]       ; No input delay, min/max delays, false-path exceptions, or max skew assignments found ;
; b[2]       ; No input delay, min/max delays, false-path exceptions, or max skew assignments found ;
; b[3]       ; No input delay, min/max delays, false-path exceptions, or max skew assignments found ;
; b[4]       ; No input delay, min/max delays, false-path exceptions, or max skew assignments found ;
; b[5]       ; No input delay, min/max delays, false-path exceptions, or max skew assignments found ;
; b[6]       ; No input delay, min/max delays, false-path exceptions, or max skew assignments found ;
; b[7]       ; No input delay, min/max delays, false-path exceptions, or max skew assignments found ;
; beta       ; No input delay, min/max delays, false-path exceptions, or max skew assignments found ;
; reset      ; No input delay, min/max delays, false-path exceptions, or max skew assignments found ;
+------------+--------------------------------------------------------------------------------------+


+-----------------------------------------------------------------------------------------------------+
; Unconstrained Output Ports                                                                          ;
+-------------+---------------------------------------------------------------------------------------+
; Output Port ; Comment                                                                               ;
+-------------+---------------------------------------------------------------------------------------+
; a_j2[0]     ; No output delay, min/max delays, false-path exceptions, or max skew assignments found ;
; a_j2[1]     ; No output delay, min/max delays, false-path exceptions, or max skew assignments found ;
; a_j2[2]     ; No output delay, min/max delays, false-path exceptions, or max skew assignments found ;
; a_j2[3]     ; No output delay, min/max delays, false-path exceptions, or max skew assignments found ;
; a_j2[4]     ; No output delay, min/max delays, false-path exceptions, or max skew assignments found ;
; a_j2[5]     ; No output delay, min/max delays, false-path exceptions, or max skew assignments found ;
; a_j2[6]     ; No output delay, min/max delays, false-path exceptions, or max skew assignments found ;
; a_j2[7]     ; No output delay, min/max delays, false-path exceptions, or max skew assignments found ;
; alpha_j1    ; No output delay, min/max delays, false-path exceptions, or max skew assignments found ;
; b_j2[0]     ; No output delay, min/max delays, false-path exceptions, or max skew assignments found ;
; b_j2[1]     ; No output delay, min/max delays, false-path exceptions, or max skew assignments found ;
; b_j2[2]     ; No output delay, min/max delays, false-path exceptions, or max skew assignments found ;
; b_j2[3]     ; No output delay, min/max delays, false-path exceptions, or max skew assignments found ;
; b_j2[4]     ; No output delay, min/max delays, false-path exceptions, or max skew assignments found ;
; b_j2[5]     ; No output delay, min/max delays, false-path exceptions, or max skew assignments found ;
; b_j2[6]     ; No output delay, min/max delays, false-path exceptions, or max skew assignments found ;
; b_j2[7]     ; No output delay, min/max delays, false-path exceptions, or max skew assignments found ;
; beta_j1     ; No output delay, min/max delays, false-path exceptions, or max skew assignments found ;
; c_j1[0]     ; No output delay, min/max delays, false-path exceptions, or max skew assignments found ;
; c_j1[1]     ; No output delay, min/max delays, false-path exceptions, or max skew assignments found ;
; c_j1[2]     ; No output delay, min/max delays, false-path exceptions, or max skew assignments found ;
; c_j1[3]     ; No output delay, min/max delays, false-path exceptions, or max skew assignments found ;
; c_j1[4]     ; No output delay, min/max delays, false-path exceptions, or max skew assignments found ;
; c_j1[5]     ; No output delay, min/max delays, false-path exceptions, or max skew assignments found ;
; c_j1[6]     ; No output delay, min/max delays, false-path exceptions, or max skew assignments found ;
; c_j1[7]     ; No output delay, min/max delays, false-path exceptions, or max skew assignments found ;
; c_j1[8]     ; No output delay, min/max delays, false-path exceptions, or max skew assignments found ;
; c_j1[9]     ; No output delay, min/max delays, false-path exceptions, or max skew assignments found ;
; c_j1[10]    ; No output delay, min/max delays, false-path exceptions, or max skew assignments found ;
; c_j1[11]    ; No output delay, min/max delays, false-path exceptions, or max skew assignments found ;
; c_j1[12]    ; No output delay, min/max delays, false-path exceptions, or max skew assignments found ;
; c_j1[13]    ; No output delay, min/max delays, false-path exceptions, or max skew assignments found ;
; c_j1[14]    ; No output delay, min/max delays, false-path exceptions, or max skew assignments found ;
; c_j1[15]    ; No output delay, min/max delays, false-path exceptions, or max skew assignments found ;
+-------------+---------------------------------------------------------------------------------------+


+--------------------------+
; Timing Analyzer Messages ;
+--------------------------+
Info: *******************************************************************
Info: Running Quartus Prime Timing Analyzer
    Info: Version 20.1.1 Build 720 11/11/2020 SJ Lite Edition
    Info: Processing started: Mon Jun  1 12:02:09 2026
Info: Command: quartus_sta processingElement -c processingElement
Info: qsta_default_script.tcl version: #1
Warning (18236): Number of processors has not been specified which may cause overloading on shared machines.  Set the global assignment NUM_PARALLEL_PROCESSORS in your QSF to an appropriate value for best performance.
Info (20032): Parallel compilation is enabled and will use up to 6 processors
Info (21076): High junction temperature operating condition is not set. Assuming a default value of '85'.
Info (21076): Low junction temperature operating condition is not set. Assuming a default value of '0'.
Critical Warning (332012): Synopsys Design Constraints File file not found: 'processingElement.sdc'. A Synopsys Design Constraints File is required by the Timing Analyzer to get proper timing constraints. Without it, the Compiler will not properly optimize the design.
Info (332142): No user constrained base clocks found in the design. Calling "derive_clocks -period 1.0"
Info (332105): Deriving Clocks
    Info (332105): create_clock -period 1.000 -name clk clk
Info (332143): No user constrained clock uncertainty found in the design. Calling "derive_clock_uncertainty"
Info (332123): Deriving Clock Uncertainty. Please refer to report_sdc in the Timing Analyzer to see clock uncertainties.
Info: Found TIMING_ANALYZER_REPORT_SCRIPT_INCLUDE_DEFAULT_ANALYSIS = ON
Info: Analyzing Slow 1200mV 85C Model
Critical Warning (332148): Timing requirements not met
    Info (11105): For recommendations on closing timing, run Report Timing Closure Recommendations in the Timing Analyzer.
Info (332146): Worst-case setup slack is -1.788
    Info (332119):     Slack       End Point TNS Clock 
    Info (332119): ========= =================== =====================
    Info (332119):    -1.788             -18.762 clk 
Info (332146): Worst-case hold slack is 0.292
    Info (332119):     Slack       End Point TNS Clock 
    Info (332119): ========= =================== =====================
    Info (332119):     0.292               0.000 clk 
Info (332146): Worst-case recovery slack is -0.727
    Info (332119):     Slack       End Point TNS Clock 
    Info (332119): ========= =================== =====================
    Info (332119):    -0.727              -5.816 clk 
Info (332146): Worst-case removal slack is 1.252
    Info (332119):     Slack       End Point TNS Clock 
    Info (332119): ========= =================== =====================
    Info (332119):     1.252               0.000 clk 
Info (332146): Worst-case minimum pulse width slack is -3.000
    Info (332119):     Slack       End Point TNS Clock 
    Info (332119): ========= =================== =====================
    Info (332119):    -3.000            -104.626 clk 
Info (332114): Report Metastability: Found 16 synchronizer chains.
    Info (332114): Design MTBF is not calculated because the design doesn't meet its timing requirements.
Info: Analyzing Slow 1200mV 0C Model
Info (334003): Started post-fitting delay annotation
Info (334004): Delay annotation completed successfully
Info (332123): Deriving Clock Uncertainty. Please refer to report_sdc in the Timing Analyzer to see clock uncertainties.
Critical Warning (332148): Timing requirements not met
    Info (11105): For recommendations on closing timing, run Report Timing Closure Recommendations in the Timing Analyzer.
Info (332146): Worst-case setup slack is -1.511
    Info (332119):     Slack       End Point TNS Clock 
    Info (332119): ========= =================== =====================
    Info (332119):    -1.511             -14.919 clk 
Info (332146): Worst-case hold slack is 0.292
    Info (332119):     Slack       End Point TNS Clock 
    Info (332119): ========= =================== =====================
    Info (332119):     0.292               0.000 clk 
Info (332146): Worst-case recovery slack is -0.567
    Info (332119):     Slack       End Point TNS Clock 
    Info (332119): ========= =================== =====================
    Info (332119):    -0.567              -4.536 clk 
Info (332146): Worst-case removal slack is 1.127
    Info (332119):     Slack       End Point TNS Clock 
    Info (332119): ========= =================== =====================
    Info (332119):     1.127               0.000 clk 
Info (332146): Worst-case minimum pulse width slack is -3.000
    Info (332119):     Slack       End Point TNS Clock 
    Info (332119): ========= =================== =====================
    Info (332119):    -3.000            -104.442 clk 
Info (332114): Report Metastability: Found 16 synchronizer chains.
    Info (332114): Design MTBF is not calculated because the design doesn't meet its timing requirements.
Info: Analyzing Fast 1200mV 0C Model
Info (332123): Deriving Clock Uncertainty. Please refer to report_sdc in the Timing Analyzer to see clock uncertainties.
Critical Warning (332148): Timing requirements not met
    Info (11105): For recommendations on closing timing, run Report Timing Closure Recommendations in the Timing Analyzer.
Info (332146): Worst-case setup slack is -0.341
    Info (332119):     Slack       End Point TNS Clock 
    Info (332119): ========= =================== =====================
    Info (332119):    -0.341              -3.326 clk 
Info (332146): Worst-case hold slack is 0.132
    Info (332119):     Slack       End Point TNS Clock 
    Info (332119): ========= =================== =====================
    Info (332119):     0.132               0.000 clk 
Info (332146): Worst-case recovery slack is 0.023
    Info (332119):     Slack       End Point TNS Clock 
    Info (332119): ========= =================== =====================
    Info (332119):     0.023               0.000 clk 
Info (332146): Worst-case removal slack is 0.684
    Info (332119):     Slack       End Point TNS Clock 
    Info (332119): ========= =================== =====================
    Info (332119):     0.684               0.000 clk 
Info (332146): Worst-case minimum pulse width slack is -3.000
    Info (332119):     Slack       End Point TNS Clock 
    Info (332119): ========= =================== =====================
    Info (332119):    -3.000             -90.236 clk 
Info (332114): Report Metastability: Found 16 synchronizer chains.
    Info (332114): The design MTBF is not calculated because there are no specified synchronizers in the design.
    Info (332114): Number of Synchronizer Chains Found: 16
    Info (332114): Shortest Synchronizer Chain: 2 Registers
    Info (332114): Fraction of Chains for which MTBFs Could Not be Calculated: 1.000
    Info (332114): Worst Case Available Settling Time: 0.375 ns
    Info (332114): 
Info (332102): Design is not fully constrained for setup requirements
Info (332102): Design is not fully constrained for hold requirements
Info: Quartus Prime Timing Analyzer was successful. 0 errors, 5 warnings
    Info: Peak virtual memory: 489 megabytes
    Info: Processing ended: Mon Jun  1 12:02:11 2026
    Info: Elapsed time: 00:00:02
    Info: Total CPU time (on all processors): 00:00:02


